job_id,job_title,company,location,work_mode,employment_type,domain,job_description,responsibilities,required_skills,preferred_skills,qualifications,experience_requirements,education_requirements,source_type,posted_date,raw_text
JOB-0001,Software Developer Intern,NovaByte Labs,"Bengaluru, Karnataka",On-site,Internship,Software Development,"NovaByte Labs is seeking a Software Developer Intern for its Software Development team, with assignments focused on internal productivity tools. This internship opportunity gives candidates practical exposure to Python, Data Structures, Algorithms. The candidate will collaborate with engineers, complete scoped technical tasks, and present progress during regular reviews. Posting track 1-1 is tailored to early-career applicants building evidence through coursework, personal projects, or internships.","Implement small product features under guidance; Debug and fix defects in existing modules; Write clean, maintainable and testable code; Participate in code reviews and engineering discussions; Contribute to a scoped assignment involving internal productivity tools","Python, Data Structures, Algorithms, Git","REST APIs, SQL, Linux, Unit Testing, Communication",Strong problem-solving and analytical ability; Ability to work effectively in a team; Basic understanding of software development lifecycle,No prior professional experience required; academic projects are acceptable.,"Pursuing B.E./B.Tech in Computer Science, Information Technology, Electronics, or a related field.",synthetic_curated,2026-07-03,"Job Title: Software Developer Intern
Company: NovaByte Labs
Location: Bengaluru, Karnataka
Work Mode: On-site
Employment Type: Internship
Domain: Software Development
Description: NovaByte Labs is seeking a Software Developer Intern for its Software Development team, with assignments focused on internal productivity tools. This internship opportunity gives candidates practical exposure to Python, Data Structures, Algorithms. The candidate will collaborate with engineers, complete scoped technical tasks, and present progress during regular reviews. Posting track 1-1 is tailored to early-career applicants building evidence through coursework, personal projects, or internships.
Responsibilities: Implement small product features under guidance; Debug and fix defects in existing modules; Write clean, maintainable and testable code; Participate in code reviews and engineering discussions; Contribute to a scoped assignment involving internal productivity tools
Required Skills: Python, Data Structures, Algorithms, Git
Preferred Skills: REST APIs, SQL, Linux, Unit Testing, Communication
Qualifications: Strong problem-solving and analytical ability; Ability to work effectively in a team; Basic understanding of software development lifecycle
Experience: No prior professional experience required; academic projects are acceptable.
Education: Pursuing B.E./B.Tech in Computer Science, Information Technology, Electronics, or a related field."
JOB-0002,Software Engineering Intern,PixelForge Systems,"Hyderabad, Telangana",On-site,Internship,Software Development,"PixelForge Systems is seeking a Software Engineering Intern for its Software Development team, with assignments focused on customer onboarding platform. This internship opportunity gives candidates practical exposure to Python, Data Structures, Algorithms. The candidate will collaborate with engineers, complete scoped technical tasks, and present progress during regular reviews. Posting track 1-2 is tailored to early-career applicants building evidence through coursework, personal projects, or internships.","Implement small product features under guidance; Debug and fix defects in existing modules; Write clean, maintainable and testable code; Participate in code reviews and engineering discussions; Contribute to a scoped assignment involving customer onboarding platform","Python, Data Structures, Algorithms, Git","REST APIs, SQL, Linux, Unit Testing, Problem Solving",Good written and verbal communication; Willingness to learn unfamiliar technologies; Ability to explain technical decisions clearly,0–1 years of relevant experience; strong academic or personal projects are valued.,"Pursuing an undergraduate degree in Computer Science, Information Technology, Data Science, or a related discipline.",synthetic_curated,2026-07-05,"Job Title: Software Engineering Intern
Company: PixelForge Systems
Location: Hyderabad, Telangana
Work Mode: On-site
Employment Type: Internship
Domain: Software Development
Description: PixelForge Systems is seeking a Software Engineering Intern for its Software Development team, with assignments focused on customer onboarding platform. This internship opportunity gives candidates practical exposure to Python, Data Structures, Algorithms. The candidate will collaborate with engineers, complete scoped technical tasks, and present progress during regular reviews. Posting track 1-2 is tailored to early-career applicants building evidence through coursework, personal projects, or internships.
Responsibilities: Implement small product features under guidance; Debug and fix defects in existing modules; Write clean, maintainable and testable code; Participate in code reviews and engineering discussions; Contribute to a scoped assignment involving customer onboarding platform
Required Skills: Python, Data Structures, Algorithms, Git
Preferred Skills: REST APIs, SQL, Linux, Unit Testing, Problem Solving
Qualifications: Good written and verbal communication; Willingness to learn unfamiliar technologies; Ability to explain technical decisions clearly
Experience: 0–1 years of relevant experience; strong academic or personal projects are valued.
Education: Pursuing an undergraduate degree in Computer Science, Information Technology, Data Science, or a related discipline."
JOB-0003,Application Development Intern,CloudMint Innovations,"Pune, Maharashtra",On-site,Internship,Software Development,"CloudMint Innovations is seeking a Application Development Intern for its Software Development team, with assignments focused on analytics dashboard. This internship opportunity gives candidates practical exposure to Python, Data Structures, Algorithms. The candidate will collaborate with engineers, complete scoped technical tasks, and present progress during regular reviews. Posting track 1-3 is tailored to early-career applicants building evidence through coursework, personal projects, or internships.","Implement small product features under guidance; Debug and fix defects in existing modules; Write clean, maintainable and testable code; Participate in code reviews and engineering discussions; Contribute to a scoped assignment involving analytics dashboard","Python, Data Structures, Algorithms, Git","REST APIs, SQL, Linux, Unit Testing, Agile",Ability to work effectively in a team; Basic understanding of software development lifecycle; Attention to detail and ownership of assigned tasks,Previous internship experience is preferred but not mandatory.,Final-year or pre-final-year undergraduate student in a relevant engineering or computing program.,synthetic_curated,2026-07-07,"Job Title: Application Development Intern
Company: CloudMint Innovations
Location: Pune, Maharashtra
Work Mode: On-site
Employment Type: Internship
Domain: Software Development
Description: CloudMint Innovations is seeking a Application Development Intern for its Software Development team, with assignments focused on analytics dashboard. This internship opportunity gives candidates practical exposure to Python, Data Structures, Algorithms. The candidate will collaborate with engineers, complete scoped technical tasks, and present progress during regular reviews. Posting track 1-3 is tailored to early-career applicants building evidence through coursework, personal projects, or internships.
Responsibilities: Implement small product features under guidance; Debug and fix defects in existing modules; Write clean, maintainable and testable code; Participate in code reviews and engineering discussions; Contribute to a scoped assignment involving analytics dashboard
Required Skills: Python, Data Structures, Algorithms, Git
Preferred Skills: REST APIs, SQL, Linux, Unit Testing, Agile
Qualifications: Ability to work effectively in a team; Basic understanding of software development lifecycle; Attention to detail and ownership of assigned tasks
Experience: Previous internship experience is preferred but not mandatory.
Education: Final-year or pre-final-year undergraduate student in a relevant engineering or computing program."
JOB-0004,Software Developer Intern,QuantumLeaf Technologies,"Chennai, Tamil Nadu",On-site,Internship,Software Development,"QuantumLeaf Technologies is seeking a Software Developer Intern for its Software Development team, with assignments focused on developer tooling. This internship opportunity gives candidates practical exposure to Python, Data Structures, Algorithms. The candidate will collaborate with engineers, complete scoped technical tasks, and present progress during regular reviews. Posting track 1-4 is tailored to early-career applicants building evidence through coursework, personal projects, or internships.","Implement small product features under guidance; Debug and fix defects in existing modules; Write clean, maintainable and testable code; Participate in code reviews and engineering discussions; Contribute to a scoped assignment involving developer tooling","Python, Data Structures, Algorithms, Git","REST APIs, SQL, Linux, Unit Testing, Documentation",Willingness to learn unfamiliar technologies; Ability to explain technical decisions clearly; Strong problem-solving and analytical ability,Entry-level candidates are welcome; practical coursework or projects are sufficient.,"Bachelor's student in Computer Science, IT, Engineering, Mathematics, Statistics, or a related field.",synthetic_curated,2026-07-09,"Job Title: Software Developer Intern
Company: QuantumLeaf Technologies
Location: Chennai, Tamil Nadu
Work Mode: On-site
Employment Type: Internship
Domain: Software Development
Description: QuantumLeaf Technologies is seeking a Software Developer Intern for its Software Development team, with assignments focused on developer tooling. This internship opportunity gives candidates practical exposure to Python, Data Structures, Algorithms. The candidate will collaborate with engineers, complete scoped technical tasks, and present progress during regular reviews. Posting track 1-4 is tailored to early-career applicants building evidence through coursework, personal projects, or internships.
Responsibilities: Implement small product features under guidance; Debug and fix defects in existing modules; Write clean, maintainable and testable code; Participate in code reviews and engineering discussions; Contribute to a scoped assignment involving developer tooling
Required Skills: Python, Data Structures, Algorithms, Git
Preferred Skills: REST APIs, SQL, Linux, Unit Testing, Documentation
Qualifications: Willingness to learn unfamiliar technologies; Ability to explain technical decisions clearly; Strong problem-solving and analytical ability
Experience: Entry-level candidates are welcome; practical coursework or projects are sufficient.
Education: Bachelor's student in Computer Science, IT, Engineering, Mathematics, Statistics, or a related field."
JOB-0005,Software Engineering Intern,BrightStack Digital,"Gurugram, Haryana",Hybrid,Internship,Software Development,"BrightStack Digital is seeking a Software Engineering Intern for its Software Development team, with assignments focused on workflow automation. This internship opportunity gives candidates practical exposure to Python, Data Structures, Algorithms. The candidate will collaborate with engineers, complete scoped technical tasks, and present progress during regular reviews. Posting track 1-5 is tailored to early-career applicants building evidence through coursework, personal projects, or internships.","Implement small product features under guidance; Debug and fix defects in existing modules; Write clean, maintainable and testable code; Participate in code reviews and engineering discussions; Contribute to a scoped assignment involving workflow automation","Python, Data Structures, Algorithms, Git","REST APIs, SQL, Linux, Unit Testing, Communication",Basic understanding of software development lifecycle; Attention to detail and ownership of assigned tasks; Good written and verbal communication,No prior professional experience required; academic projects are acceptable.,"Pursuing B.E./B.Tech in Computer Science, Information Technology, Electronics, or a related field.",synthetic_curated,2026-07-11,"Job Title: Software Engineering Intern
Company: BrightStack Digital
Location: Gurugram, Haryana
Work Mode: Hybrid
Employment Type: Internship
Domain: Software Development
Description: BrightStack Digital is seeking a Software Engineering Intern for its Software Development team, with assignments focused on workflow automation. This internship opportunity gives candidates practical exposure to Python, Data Structures, Algorithms. The candidate will collaborate with engineers, complete scoped technical tasks, and present progress during regular reviews. Posting track 1-5 is tailored to early-career applicants building evidence through coursework, personal projects, or internships.
Responsibilities: Implement small product features under guidance; Debug and fix defects in existing modules; Write clean, maintainable and testable code; Participate in code reviews and engineering discussions; Contribute to a scoped assignment involving workflow automation
Required Skills: Python, Data Structures, Algorithms, Git
Preferred Skills: REST APIs, SQL, Linux, Unit Testing, Communication
Qualifications: Basic understanding of software development lifecycle; Attention to detail and ownership of assigned tasks; Good written and verbal communication
Experience: No prior professional experience required; academic projects are acceptable.
Education: Pursuing B.E./B.Tech in Computer Science, Information Technology, Electronics, or a related field."
JOB-0006,Application Development Intern,AsterWave Technologies,"Noida, Uttar Pradesh",Hybrid,Internship,Software Development,"AsterWave Technologies is seeking a Application Development Intern for its Software Development team, with assignments focused on education technology platform. This internship opportunity gives candidates practical exposure to Python, Data Structures, Algorithms. The candidate will collaborate with engineers, complete scoped technical tasks, and present progress during regular reviews. Posting track 1-6 is tailored to early-career applicants building evidence through coursework, personal projects, or internships.","Implement small product features under guidance; Debug and fix defects in existing modules; Write clean, maintainable and testable code; Participate in code reviews and engineering discussions; Contribute to a scoped assignment involving education technology platform","Python, Data Structures, Algorithms, Git","REST APIs, SQL, Linux, Unit Testing, Problem Solving",Ability to explain technical decisions clearly; Strong problem-solving and analytical ability; Ability to work effectively in a team,0–1 years of relevant experience; strong academic or personal projects are valued.,"Pursuing an undergraduate degree in Computer Science, Information Technology, Data Science, or a related discipline.",synthetic_curated,2026-07-13,"Job Title: Application Development Intern
Company: AsterWave Technologies
Location: Noida, Uttar Pradesh
Work Mode: Hybrid
Employment Type: Internship
Domain: Software Development
Description: AsterWave Technologies is seeking a Application Development Intern for its Software Development team, with assignments focused on education technology platform. This internship opportunity gives candidates practical exposure to Python, Data Structures, Algorithms. The candidate will collaborate with engineers, complete scoped technical tasks, and present progress during regular reviews. Posting track 1-6 is tailored to early-career applicants building evidence through coursework, personal projects, or internships.
Responsibilities: Implement small product features under guidance; Debug and fix defects in existing modules; Write clean, maintainable and testable code; Participate in code reviews and engineering discussions; Contribute to a scoped assignment involving education technology platform
Required Skills: Python, Data Structures, Algorithms, Git
Preferred Skills: REST APIs, SQL, Linux, Unit Testing, Problem Solving
Qualifications: Ability to explain technical decisions clearly; Strong problem-solving and analytical ability; Ability to work effectively in a team
Experience: 0–1 years of relevant experience; strong academic or personal projects are valued.
Education: Pursuing an undergraduate degree in Computer Science, Information Technology, Data Science, or a related discipline."
JOB-0007,Software Developer Intern,TechSprout Solutions,"Mumbai, Maharashtra",Hybrid,Internship,Software Development,"TechSprout Solutions is seeking a Software Developer Intern for its Software Development team, with assignments focused on cloud monitoring product. This internship opportunity gives candidates practical exposure to Python, Data Structures, Algorithms. The candidate will collaborate with engineers, complete scoped technical tasks, and present progress during regular reviews. Posting track 1-7 is tailored to early-career applicants building evidence through coursework, personal projects, or internships.","Implement small product features under guidance; Debug and fix defects in existing modules; Write clean, maintainable and testable code; Participate in code reviews and engineering discussions; Contribute to a scoped assignment involving cloud monitoring product","Python, Data Structures, Algorithms, Git","REST APIs, SQL, Linux, Unit Testing, Agile",Attention to detail and ownership of assigned tasks; Good written and verbal communication; Willingness to learn unfamiliar technologies,Previous internship experience is preferred but not mandatory.,Final-year or pre-final-year undergraduate student in a relevant engineering or computing program.,synthetic_curated,2026-07-15,"Job Title: Software Developer Intern
Company: TechSprout Solutions
Location: Mumbai, Maharashtra
Work Mode: Hybrid
Employment Type: Internship
Domain: Software Development
Description: TechSprout Solutions is seeking a Software Developer Intern for its Software Development team, with assignments focused on cloud monitoring product. This internship opportunity gives candidates practical exposure to Python, Data Structures, Algorithms. The candidate will collaborate with engineers, complete scoped technical tasks, and present progress during regular reviews. Posting track 1-7 is tailored to early-career applicants building evidence through coursework, personal projects, or internships.
Responsibilities: Implement small product features under guidance; Debug and fix defects in existing modules; Write clean, maintainable and testable code; Participate in code reviews and engineering discussions; Contribute to a scoped assignment involving cloud monitoring product
Required Skills: Python, Data Structures, Algorithms, Git
Preferred Skills: REST APIs, SQL, Linux, Unit Testing, Agile
Qualifications: Attention to detail and ownership of assigned tasks; Good written and verbal communication; Willingness to learn unfamiliar technologies
Experience: Previous internship experience is preferred but not mandatory.
Education: Final-year or pre-final-year undergraduate student in a relevant engineering or computing program."
JOB-0008,Software Engineering Intern,DeepRiver Analytics,"Kochi, Kerala",Hybrid,Internship,Software Development,"DeepRiver Analytics is seeking a Software Engineering Intern for its Software Development team, with assignments focused on security operations platform. This internship opportunity gives candidates practical exposure to Python, Data Structures, Algorithms. The candidate will collaborate with engineers, complete scoped technical tasks, and present progress during regular reviews. Posting track 1-8 is tailored to early-career applicants building evidence through coursework, personal projects, or internships.","Implement small product features under guidance; Debug and fix defects in existing modules; Write clean, maintainable and testable code; Participate in code reviews and engineering discussions; Contribute to a scoped assignment involving security operations platform","Python, Data Structures, Algorithms, Git","REST APIs, SQL, Linux, Unit Testing, Documentation",Strong problem-solving and analytical ability; Ability to work effectively in a team; Basic understanding of software development lifecycle,Entry-level candidates are welcome; practical coursework or projects are sufficient.,"Bachelor's student in Computer Science, IT, Engineering, Mathematics, Statistics, or a related field.",synthetic_curated,2026-07-17,"Job Title: Software Engineering Intern
Company: DeepRiver Analytics
Location: Kochi, Kerala
Work Mode: Hybrid
Employment Type: Internship
Domain: Software Development
Description: DeepRiver Analytics is seeking a Software Engineering Intern for its Software Development team, with assignments focused on security operations platform. This internship opportunity gives candidates practical exposure to Python, Data Structures, Algorithms. The candidate will collaborate with engineers, complete scoped technical tasks, and present progress during regular reviews. Posting track 1-8 is tailored to early-career applicants building evidence through coursework, personal projects, or internships.
Responsibilities: Implement small product features under guidance; Debug and fix defects in existing modules; Write clean, maintainable and testable code; Participate in code reviews and engineering discussions; Contribute to a scoped assignment involving security operations platform
Required Skills: Python, Data Structures, Algorithms, Git
Preferred Skills: REST APIs, SQL, Linux, Unit Testing, Documentation
Qualifications: Strong problem-solving and analytical ability; Ability to work effectively in a team; Basic understanding of software development lifecycle
Experience: Entry-level candidates are welcome; practical coursework or projects are sufficient.
Education: Bachelor's student in Computer Science, IT, Engineering, Mathematics, Statistics, or a related field."
JOB-0009,Application Development Intern,SignalPeak Systems,"Remote, India",Remote,Internship,Software Development,"SignalPeak Systems is seeking a Application Development Intern for its Software Development team, with assignments focused on data quality pipeline. This internship opportunity gives candidates practical exposure to Python, Data Structures, Algorithms. The candidate will collaborate with engineers, complete scoped technical tasks, and present progress during regular reviews. Posting track 1-9 is tailored to early-career applicants building evidence through coursework, personal projects, or internships.","Implement small product features under guidance; Debug and fix defects in existing modules; Write clean, maintainable and testable code; Participate in code reviews and engineering discussions; Contribute to a scoped assignment involving data quality pipeline","Python, Data Structures, Algorithms, Git","REST APIs, SQL, Linux, Unit Testing, Communication",Good written and verbal communication; Willingness to learn unfamiliar technologies; Ability to explain technical decisions clearly,No prior professional experience required; academic projects are acceptable.,"Pursuing B.E./B.Tech in Computer Science, Information Technology, Electronics, or a related field.",synthetic_curated,2026-07-19,"Job Title: Application Development Intern
Company: SignalPeak Systems
Location: Remote, India
Work Mode: Remote
Employment Type: Internship
Domain: Software Development
Description: SignalPeak Systems is seeking a Application Development Intern for its Software Development team, with assignments focused on data quality pipeline. This internship opportunity gives candidates practical exposure to Python, Data Structures, Algorithms. The candidate will collaborate with engineers, complete scoped technical tasks, and present progress during regular reviews. Posting track 1-9 is tailored to early-career applicants building evidence through coursework, personal projects, or internships.
Responsibilities: Implement small product features under guidance; Debug and fix defects in existing modules; Write clean, maintainable and testable code; Participate in code reviews and engineering discussions; Contribute to a scoped assignment involving data quality pipeline
Required Skills: Python, Data Structures, Algorithms, Git
Preferred Skills: REST APIs, SQL, Linux, Unit Testing, Communication
Qualifications: Good written and verbal communication; Willingness to learn unfamiliar technologies; Ability to explain technical decisions clearly
Experience: No prior professional experience required; academic projects are acceptable.
Education: Pursuing B.E./B.Tech in Computer Science, Information Technology, Electronics, or a related field."
JOB-0010,Software Developer Intern,SkyLattice Labs,"Remote, India",Remote,Internship,Software Development,"SkyLattice Labs is seeking a Software Developer Intern for its Software Development team, with assignments focused on mobile-first user experience. This internship opportunity gives candidates practical exposure to Python, Data Structures, Algorithms. The candidate will collaborate with engineers, complete scoped technical tasks, and present progress during regular reviews. Posting track 1-10 is tailored to early-career applicants building evidence through coursework, personal projects, or internships.","Implement small product features under guidance; Debug and fix defects in existing modules; Write clean, maintainable and testable code; Participate in code reviews and engineering discussions; Contribute to a scoped assignment involving mobile-first user experience","Python, Data Structures, Algorithms, Git","REST APIs, SQL, Linux, Unit Testing, Problem Solving",Ability to work effectively in a team; Basic understanding of software development lifecycle; Attention to detail and ownership of assigned tasks,0–1 years of relevant experience; strong academic or personal projects are valued.,"Pursuing an undergraduate degree in Computer Science, Information Technology, Data Science, or a related discipline.",synthetic_curated,2026-07-21,"Job Title: Software Developer Intern
Company: SkyLattice Labs
Location: Remote, India
Work Mode: Remote
Employment Type: Internship
Domain: Software Development
Description: SkyLattice Labs is seeking a Software Developer Intern for its Software Development team, with assignments focused on mobile-first user experience. This internship opportunity gives candidates practical exposure to Python, Data Structures, Algorithms. The candidate will collaborate with engineers, complete scoped technical tasks, and present progress during regular reviews. Posting track 1-10 is tailored to early-career applicants building evidence through coursework, personal projects, or internships.
Responsibilities: Implement small product features under guidance; Debug and fix defects in existing modules; Write clean, maintainable and testable code; Participate in code reviews and engineering discussions; Contribute to a scoped assignment involving mobile-first user experience
Required Skills: Python, Data Structures, Algorithms, Git
Preferred Skills: REST APIs, SQL, Linux, Unit Testing, Problem Solving
Qualifications: Ability to work effectively in a team; Basic understanding of software development lifecycle; Attention to detail and ownership of assigned tasks
Experience: 0–1 years of relevant experience; strong academic or personal projects are valued.
Education: Pursuing an undergraduate degree in Computer Science, Information Technology, Data Science, or a related discipline."
JOB-0011,Software Engineering Intern,SecureArc Systems,"Remote, India",Remote,Entry Level,Software Development,"SecureArc Systems is seeking a Software Engineering Intern for its Software Development team, with assignments focused on enterprise reporting solution. This entry level opportunity gives candidates practical exposure to Python, Data Structures, Algorithms. The candidate will collaborate with engineers, complete scoped technical tasks, and present progress during regular reviews. Posting track 1-11 is tailored to early-career applicants building evidence through coursework, personal projects, or internships.","Implement small product features under guidance; Debug and fix defects in existing modules; Write clean, maintainable and testable code; Participate in code reviews and engineering discussions; Contribute to a scoped assignment involving enterprise reporting solution","Python, Data Structures, Algorithms, Git","REST APIs, SQL, Linux, Unit Testing, Agile",Willingness to learn unfamiliar technologies; Ability to explain technical decisions clearly; Strong problem-solving and analytical ability,Previous internship experience is preferred but not mandatory.,Final-year or pre-final-year undergraduate student in a relevant engineering or computing program.,synthetic_curated,2026-07-23,"Job Title: Software Engineering Intern
Company: SecureArc Systems
Location: Remote, India
Work Mode: Remote
Employment Type: Entry Level
Domain: Software Development
Description: SecureArc Systems is seeking a Software Engineering Intern for its Software Development team, with assignments focused on enterprise reporting solution. This entry level opportunity gives candidates practical exposure to Python, Data Structures, Algorithms. The candidate will collaborate with engineers, complete scoped technical tasks, and present progress during regular reviews. Posting track 1-11 is tailored to early-career applicants building evidence through coursework, personal projects, or internships.
Responsibilities: Implement small product features under guidance; Debug and fix defects in existing modules; Write clean, maintainable and testable code; Participate in code reviews and engineering discussions; Contribute to a scoped assignment involving enterprise reporting solution
Required Skills: Python, Data Structures, Algorithms, Git
Preferred Skills: REST APIs, SQL, Linux, Unit Testing, Agile
Qualifications: Willingness to learn unfamiliar technologies; Ability to explain technical decisions clearly; Strong problem-solving and analytical ability
Experience: Previous internship experience is preferred but not mandatory.
Education: Final-year or pre-final-year undergraduate student in a relevant engineering or computing program."
JOB-0012,Application Development Intern,AppCrest Technologies,"Remote, India",Remote,Entry Level,Software Development,"AppCrest Technologies is seeking a Application Development Intern for its Software Development team, with assignments focused on API integration layer. This entry level opportunity gives candidates practical exposure to Python, Data Structures, Algorithms. The candidate will collaborate with engineers, complete scoped technical tasks, and present progress during regular reviews. Posting track 1-12 is tailored to early-career applicants building evidence through coursework, personal projects, or internships.","Implement small product features under guidance; Debug and fix defects in existing modules; Write clean, maintainable and testable code; Participate in code reviews and engineering discussions; Contribute to a scoped assignment involving API integration layer","Python, Data Structures, Algorithms, Git","REST APIs, SQL, Linux, Unit Testing, Documentation",Basic understanding of software development lifecycle; Attention to detail and ownership of assigned tasks; Good written and verbal communication,Entry-level candidates are welcome; practical coursework or projects are sufficient.,"Bachelor's student in Computer Science, IT, Engineering, Mathematics, Statistics, or a related field.",synthetic_curated,2026-07-25,"Job Title: Application Development Intern
Company: AppCrest Technologies
Location: Remote, India
Work Mode: Remote
Employment Type: Entry Level
Domain: Software Development
Description: AppCrest Technologies is seeking a Application Development Intern for its Software Development team, with assignments focused on API integration layer. This entry level opportunity gives candidates practical exposure to Python, Data Structures, Algorithms. The candidate will collaborate with engineers, complete scoped technical tasks, and present progress during regular reviews. Posting track 1-12 is tailored to early-career applicants building evidence through coursework, personal projects, or internships.
Responsibilities: Implement small product features under guidance; Debug and fix defects in existing modules; Write clean, maintainable and testable code; Participate in code reviews and engineering discussions; Contribute to a scoped assignment involving API integration layer
Required Skills: Python, Data Structures, Algorithms, Git
Preferred Skills: REST APIs, SQL, Linux, Unit Testing, Documentation
Qualifications: Basic understanding of software development lifecycle; Attention to detail and ownership of assigned tasks; Good written and verbal communication
Experience: Entry-level candidates are welcome; practical coursework or projects are sufficient.
Education: Bachelor's student in Computer Science, IT, Engineering, Mathematics, Statistics, or a related field."
JOB-0013,Java Developer Intern,VertexLoop Software,"Hyderabad, Telangana",On-site,Internship,Java Backend,"VertexLoop Software is seeking a Java Developer Intern for its Java Backend team, with assignments focused on developer tooling. This internship opportunity gives candidates practical exposure to Java, OOP, SQL. The candidate will collaborate with engineers, complete scoped technical tasks, and present progress during regular reviews. Posting track 2-1 is tailored to early-career applicants building evidence through coursework, personal projects, or internships.",Develop and maintain backend services; Create REST endpoints and integrate databases; Write unit tests for service-layer code; Assist with debugging and performance improvements; Contribute to a scoped assignment involving developer tooling,"Java, OOP, SQL, Git","Spring Boot, REST APIs, Maven, PostgreSQL, Communication",Good written and verbal communication; Willingness to learn unfamiliar technologies; Ability to explain technical decisions clearly,Previous internship experience is preferred but not mandatory.,"Pursuing an undergraduate degree in Computer Science, Information Technology, Data Science, or a related discipline.",synthetic_curated,2026-07-27,"Job Title: Java Developer Intern
Company: VertexLoop Software
Location: Hyderabad, Telangana
Work Mode: On-site
Employment Type: Internship
Domain: Java Backend
Description: VertexLoop Software is seeking a Java Developer Intern for its Java Backend team, with assignments focused on developer tooling. This internship opportunity gives candidates practical exposure to Java, OOP, SQL. The candidate will collaborate with engineers, complete scoped technical tasks, and present progress during regular reviews. Posting track 2-1 is tailored to early-career applicants building evidence through coursework, personal projects, or internships.
Responsibilities: Develop and maintain backend services; Create REST endpoints and integrate databases; Write unit tests for service-layer code; Assist with debugging and performance improvements; Contribute to a scoped assignment involving developer tooling
Required Skills: Java, OOP, SQL, Git
Preferred Skills: Spring Boot, REST APIs, Maven, PostgreSQL, Communication
Qualifications: Good written and verbal communication; Willingness to learn unfamiliar technologies; Ability to explain technical decisions clearly
Experience: Previous internship experience is preferred but not mandatory.
Education: Pursuing an undergraduate degree in Computer Science, Information Technology, Data Science, or a related discipline."
JOB-0014,Backend Engineering Intern,CodeHarbor Labs,"Pune, Maharashtra",On-site,Internship,Java Backend,"CodeHarbor Labs is seeking a Backend Engineering Intern for its Java Backend team, with assignments focused on workflow automation. This internship opportunity gives candidates practical exposure to Java, OOP, SQL. The candidate will collaborate with engineers, complete scoped technical tasks, and present progress during regular reviews. Posting track 2-2 is tailored to early-career applicants building evidence through coursework, personal projects, or internships.",Develop and maintain backend services; Create REST endpoints and integrate databases; Write unit tests for service-layer code; Assist with debugging and performance improvements; Contribute to a scoped assignment involving workflow automation,"Java, OOP, SQL, Git","Spring Boot, REST APIs, Maven, PostgreSQL, Problem Solving",Ability to work effectively in a team; Basic understanding of software development lifecycle; Attention to detail and ownership of assigned tasks,Entry-level candidates are welcome; practical coursework or projects are sufficient.,Final-year or pre-final-year undergraduate student in a relevant engineering or computing program.,synthetic_curated,2026-07-29,"Job Title: Backend Engineering Intern
Company: CodeHarbor Labs
Location: Pune, Maharashtra
Work Mode: On-site
Employment Type: Internship
Domain: Java Backend
Description: CodeHarbor Labs is seeking a Backend Engineering Intern for its Java Backend team, with assignments focused on workflow automation. This internship opportunity gives candidates practical exposure to Java, OOP, SQL. The candidate will collaborate with engineers, complete scoped technical tasks, and present progress during regular reviews. Posting track 2-2 is tailored to early-career applicants building evidence through coursework, personal projects, or internships.
Responsibilities: Develop and maintain backend services; Create REST endpoints and integrate databases; Write unit tests for service-layer code; Assist with debugging and performance improvements; Contribute to a scoped assignment involving workflow automation
Required Skills: Java, OOP, SQL, Git
Preferred Skills: Spring Boot, REST APIs, Maven, PostgreSQL, Problem Solving
Qualifications: Ability to work effectively in a team; Basic understanding of software development lifecycle; Attention to detail and ownership of assigned tasks
Experience: Entry-level candidates are welcome; practical coursework or projects are sufficient.
Education: Final-year or pre-final-year undergraduate student in a relevant engineering or computing program."
JOB-0015,Spring Boot Intern,NexaGrid Systems,"Chennai, Tamil Nadu",On-site,Internship,Java Backend,"NexaGrid Systems is seeking a Spring Boot Intern for its Java Backend team, with assignments focused on education technology platform. This internship opportunity gives candidates practical exposure to Java, OOP, SQL. The candidate will collaborate with engineers, complete scoped technical tasks, and present progress during regular reviews. Posting track 2-3 is tailored to early-career applicants building evidence through coursework, personal projects, or internships.",Develop and maintain backend services; Create REST endpoints and integrate databases; Write unit tests for service-layer code; Assist with debugging and performance improvements; Contribute to a scoped assignment involving education technology platform,"Java, OOP, SQL, Git","Spring Boot, REST APIs, Maven, PostgreSQL, Agile",Willingness to learn unfamiliar technologies; Ability to explain technical decisions clearly; Strong problem-solving and analytical ability,No prior professional experience required; academic projects are acceptable.,"Bachelor's student in Computer Science, IT, Engineering, Mathematics, Statistics, or a related field.",synthetic_curated,2026-07-31,"Job Title: Spring Boot Intern
Company: NexaGrid Systems
Location: Chennai, Tamil Nadu
Work Mode: On-site
Employment Type: Internship
Domain: Java Backend
Description: NexaGrid Systems is seeking a Spring Boot Intern for its Java Backend team, with assignments focused on education technology platform. This internship opportunity gives candidates practical exposure to Java, OOP, SQL. The candidate will collaborate with engineers, complete scoped technical tasks, and present progress during regular reviews. Posting track 2-3 is tailored to early-career applicants building evidence through coursework, personal projects, or internships.
Responsibilities: Develop and maintain backend services; Create REST endpoints and integrate databases; Write unit tests for service-layer code; Assist with debugging and performance improvements; Contribute to a scoped assignment involving education technology platform
Required Skills: Java, OOP, SQL, Git
Preferred Skills: Spring Boot, REST APIs, Maven, PostgreSQL, Agile
Qualifications: Willingness to learn unfamiliar technologies; Ability to explain technical decisions clearly; Strong problem-solving and analytical ability
Experience: No prior professional experience required; academic projects are acceptable.
Education: Bachelor's student in Computer Science, IT, Engineering, Mathematics, Statistics, or a related field."
JOB-0016,Java Developer Intern,LogicBloom Labs,"Gurugram, Haryana",On-site,Internship,Java Backend,"LogicBloom Labs is seeking a Java Developer Intern for its Java Backend team, with assignments focused on cloud monitoring product. This internship opportunity gives candidates practical exposure to Java, OOP, SQL. The candidate will collaborate with engineers, complete scoped technical tasks, and present progress during regular reviews. Posting track 2-4 is tailored to early-career applicants building evidence through coursework, personal projects, or internships.",Develop and maintain backend services; Create REST endpoints and integrate databases; Write unit tests for service-layer code; Assist with debugging and performance improvements; Contribute to a scoped assignment involving cloud monitoring product,"Java, OOP, SQL, Git","Spring Boot, REST APIs, Maven, PostgreSQL, Documentation",Basic understanding of software development lifecycle; Attention to detail and ownership of assigned tasks; Good written and verbal communication,0–1 years of relevant experience; strong academic or personal projects are valued.,"Pursuing B.E./B.Tech in Computer Science, Information Technology, Electronics, or a related field.",synthetic_curated,2026-08-02,"Job Title: Java Developer Intern
Company: LogicBloom Labs
Location: Gurugram, Haryana
Work Mode: On-site
Employment Type: Internship
Domain: Java Backend
Description: LogicBloom Labs is seeking a Java Developer Intern for its Java Backend team, with assignments focused on cloud monitoring product. This internship opportunity gives candidates practical exposure to Java, OOP, SQL. The candidate will collaborate with engineers, complete scoped technical tasks, and present progress during regular reviews. Posting track 2-4 is tailored to early-career applicants building evidence through coursework, personal projects, or internships.
Responsibilities: Develop and maintain backend services; Create REST endpoints and integrate databases; Write unit tests for service-layer code; Assist with debugging and performance improvements; Contribute to a scoped assignment involving cloud monitoring product
Required Skills: Java, OOP, SQL, Git
Preferred Skills: Spring Boot, REST APIs, Maven, PostgreSQL, Documentation
Qualifications: Basic understanding of software development lifecycle; Attention to detail and ownership of assigned tasks; Good written and verbal communication
Experience: 0–1 years of relevant experience; strong academic or personal projects are valued.
Education: Pursuing B.E./B.Tech in Computer Science, Information Technology, Electronics, or a related field."
JOB-0017,Backend Engineering Intern,OrbitCraft Software,"Noida, Uttar Pradesh",Hybrid,Internship,Java Backend,"OrbitCraft Software is seeking a Backend Engineering Intern for its Java Backend team, with assignments focused on security operations platform. This internship opportunity gives candidates practical exposure to Java, OOP, SQL. The candidate will collaborate with engineers, complete scoped technical tasks, and present progress during regular reviews. Posting track 2-5 is tailored to early-career applicants building evidence through coursework, personal projects, or internships.",Develop and maintain backend services; Create REST endpoints and integrate databases; Write unit tests for service-layer code; Assist with debugging and performance improvements; Contribute to a scoped assignment involving security operations platform,"Java, OOP, SQL, Git","Spring Boot, REST APIs, Maven, PostgreSQL, Communication",Ability to explain technical decisions clearly; Strong problem-solving and analytical ability; Ability to work effectively in a team,Previous internship experience is preferred but not mandatory.,"Pursuing an undergraduate degree in Computer Science, Information Technology, Data Science, or a related discipline.",synthetic_curated,2026-08-04,"Job Title: Backend Engineering Intern
Company: OrbitCraft Software
Location: Noida, Uttar Pradesh
Work Mode: Hybrid
Employment Type: Internship
Domain: Java Backend
Description: OrbitCraft Software is seeking a Backend Engineering Intern for its Java Backend team, with assignments focused on security operations platform. This internship opportunity gives candidates practical exposure to Java, OOP, SQL. The candidate will collaborate with engineers, complete scoped technical tasks, and present progress during regular reviews. Posting track 2-5 is tailored to early-career applicants building evidence through coursework, personal projects, or internships.
Responsibilities: Develop and maintain backend services; Create REST endpoints and integrate databases; Write unit tests for service-layer code; Assist with debugging and performance improvements; Contribute to a scoped assignment involving security operations platform
Required Skills: Java, OOP, SQL, Git
Preferred Skills: Spring Boot, REST APIs, Maven, PostgreSQL, Communication
Qualifications: Ability to explain technical decisions clearly; Strong problem-solving and analytical ability; Ability to work effectively in a team
Experience: Previous internship experience is preferred but not mandatory.
Education: Pursuing an undergraduate degree in Computer Science, Information Technology, Data Science, or a related discipline."
JOB-0018,Spring Boot Intern,CoreVista Technologies,"Mumbai, Maharashtra",Hybrid,Internship,Java Backend,"CoreVista Technologies is seeking a Spring Boot Intern for its Java Backend team, with assignments focused on data quality pipeline. This internship opportunity gives candidates practical exposure to Java, OOP, SQL. The candidate will collaborate with engineers, complete scoped technical tasks, and present progress during regular reviews. Posting track 2-6 is tailored to early-career applicants building evidence through coursework, personal projects, or internships.",Develop and maintain backend services; Create REST endpoints and integrate databases; Write unit tests for service-layer code; Assist with debugging and performance improvements; Contribute to a scoped assignment involving data quality pipeline,"Java, OOP, SQL, Git","Spring Boot, REST APIs, Maven, PostgreSQL, Problem Solving",Attention to detail and ownership of assigned tasks; Good written and verbal communication; Willingness to learn unfamiliar technologies,Entry-level candidates are welcome; practical coursework or projects are sufficient.,Final-year or pre-final-year undergraduate student in a relevant engineering or computing program.,synthetic_curated,2026-08-06,"Job Title: Spring Boot Intern
Company: CoreVista Technologies
Location: Mumbai, Maharashtra
Work Mode: Hybrid
Employment Type: Internship
Domain: Java Backend
Description: CoreVista Technologies is seeking a Spring Boot Intern for its Java Backend team, with assignments focused on data quality pipeline. This internship opportunity gives candidates practical exposure to Java, OOP, SQL. The candidate will collaborate with engineers, complete scoped technical tasks, and present progress during regular reviews. Posting track 2-6 is tailored to early-career applicants building evidence through coursework, personal projects, or internships.
Responsibilities: Develop and maintain backend services; Create REST endpoints and integrate databases; Write unit tests for service-layer code; Assist with debugging and performance improvements; Contribute to a scoped assignment involving data quality pipeline
Required Skills: Java, OOP, SQL, Git
Preferred Skills: Spring Boot, REST APIs, Maven, PostgreSQL, Problem Solving
Qualifications: Attention to detail and ownership of assigned tasks; Good written and verbal communication; Willingness to learn unfamiliar technologies
Experience: Entry-level candidates are welcome; practical coursework or projects are sufficient.
Education: Final-year or pre-final-year undergraduate student in a relevant engineering or computing program."
JOB-0019,Java Developer Intern,ByteBridge Innovations,"Kochi, Kerala",Hybrid,Internship,Java Backend,"ByteBridge Innovations is seeking a Java Developer Intern for its Java Backend team, with assignments focused on mobile-first user experience. This internship opportunity gives candidates practical exposure to Java, OOP, SQL. The candidate will collaborate with engineers, complete scoped technical tasks, and present progress during regular reviews. Posting track 2-7 is tailored to early-career applicants building evidence through coursework, personal projects, or internships.",Develop and maintain backend services; Create REST endpoints and integrate databases; Write unit tests for service-layer code; Assist with debugging and performance improvements; Contribute to a scoped assignment involving mobile-first user experience,"Java, OOP, SQL, Git","Spring Boot, REST APIs, Maven, PostgreSQL, Agile",Strong problem-solving and analytical ability; Ability to work effectively in a team; Basic understanding of software development lifecycle,No prior professional experience required; academic projects are acceptable.,"Bachelor's student in Computer Science, IT, Engineering, Mathematics, Statistics, or a related field.",synthetic_curated,2026-08-08,"Job Title: Java Developer Intern
Company: ByteBridge Innovations
Location: Kochi, Kerala
Work Mode: Hybrid
Employment Type: Internship
Domain: Java Backend
Description: ByteBridge Innovations is seeking a Java Developer Intern for its Java Backend team, with assignments focused on mobile-first user experience. This internship opportunity gives candidates practical exposure to Java, OOP, SQL. The candidate will collaborate with engineers, complete scoped technical tasks, and present progress during regular reviews. Posting track 2-7 is tailored to early-career applicants building evidence through coursework, personal projects, or internships.
Responsibilities: Develop and maintain backend services; Create REST endpoints and integrate databases; Write unit tests for service-layer code; Assist with debugging and performance improvements; Contribute to a scoped assignment involving mobile-first user experience
Required Skills: Java, OOP, SQL, Git
Preferred Skills: Spring Boot, REST APIs, Maven, PostgreSQL, Agile
Qualifications: Strong problem-solving and analytical ability; Ability to work effectively in a team; Basic understanding of software development lifecycle
Experience: No prior professional experience required; academic projects are acceptable.
Education: Bachelor's student in Computer Science, IT, Engineering, Mathematics, Statistics, or a related field."
JOB-0020,Backend Engineering Intern,InfraNova Technologies,"Coimbatore, Tamil Nadu",Hybrid,Internship,Java Backend,"InfraNova Technologies is seeking a Backend Engineering Intern for its Java Backend team, with assignments focused on enterprise reporting solution. This internship opportunity gives candidates practical exposure to Java, OOP, SQL. The candidate will collaborate with engineers, complete scoped technical tasks, and present progress during regular reviews. Posting track 2-8 is tailored to early-career applicants building evidence through coursework, personal projects, or internships.",Develop and maintain backend services; Create REST endpoints and integrate databases; Write unit tests for service-layer code; Assist with debugging and performance improvements; Contribute to a scoped assignment involving enterprise reporting solution,"Java, OOP, SQL, Git","Spring Boot, REST APIs, Maven, PostgreSQL, Documentation",Good written and verbal communication; Willingness to learn unfamiliar technologies; Ability to explain technical decisions clearly,0–1 years of relevant experience; strong academic or personal projects are valued.,"Pursuing B.E./B.Tech in Computer Science, Information Technology, Electronics, or a related field.",synthetic_curated,2026-08-10,"Job Title: Backend Engineering Intern
Company: InfraNova Technologies
Location: Coimbatore, Tamil Nadu
Work Mode: Hybrid
Employment Type: Internship
Domain: Java Backend
Description: InfraNova Technologies is seeking a Backend Engineering Intern for its Java Backend team, with assignments focused on enterprise reporting solution. This internship opportunity gives candidates practical exposure to Java, OOP, SQL. The candidate will collaborate with engineers, complete scoped technical tasks, and present progress during regular reviews. Posting track 2-8 is tailored to early-career applicants building evidence through coursework, personal projects, or internships.
Responsibilities: Develop and maintain backend services; Create REST endpoints and integrate databases; Write unit tests for service-layer code; Assist with debugging and performance improvements; Contribute to a scoped assignment involving enterprise reporting solution
Required Skills: Java, OOP, SQL, Git
Preferred Skills: Spring Boot, REST APIs, Maven, PostgreSQL, Documentation
Qualifications: Good written and verbal communication; Willingness to learn unfamiliar technologies; Ability to explain technical decisions clearly
Experience: 0–1 years of relevant experience; strong academic or personal projects are valued.
Education: Pursuing B.E./B.Tech in Computer Science, Information Technology, Electronics, or a related field."
JOB-0021,Spring Boot Intern,InsightMesh Analytics,"Remote, India",Remote,Internship,Java Backend,"InsightMesh Analytics is seeking a Spring Boot Intern for its Java Backend team, with assignments focused on API integration layer. This internship opportunity gives candidates practical exposure to Java, OOP, SQL. The candidate will collaborate with engineers, complete scoped technical tasks, and present progress during regular reviews. Posting track 2-9 is tailored to early-career applicants building evidence through coursework, personal projects, or internships.",Develop and maintain backend services; Create REST endpoints and integrate databases; Write unit tests for service-layer code; Assist with debugging and performance improvements; Contribute to a scoped assignment involving API integration layer,"Java, OOP, SQL, Git","Spring Boot, REST APIs, Maven, PostgreSQL, Communication",Ability to work effectively in a team; Basic understanding of software development lifecycle; Attention to detail and ownership of assigned tasks,Previous internship experience is preferred but not mandatory.,"Pursuing an undergraduate degree in Computer Science, Information Technology, Data Science, or a related discipline.",synthetic_curated,2026-08-12,"Job Title: Spring Boot Intern
Company: InsightMesh Analytics
Location: Remote, India
Work Mode: Remote
Employment Type: Internship
Domain: Java Backend
Description: InsightMesh Analytics is seeking a Spring Boot Intern for its Java Backend team, with assignments focused on API integration layer. This internship opportunity gives candidates practical exposure to Java, OOP, SQL. The candidate will collaborate with engineers, complete scoped technical tasks, and present progress during regular reviews. Posting track 2-9 is tailored to early-career applicants building evidence through coursework, personal projects, or internships.
Responsibilities: Develop and maintain backend services; Create REST endpoints and integrate databases; Write unit tests for service-layer code; Assist with debugging and performance improvements; Contribute to a scoped assignment involving API integration layer
Required Skills: Java, OOP, SQL, Git
Preferred Skills: Spring Boot, REST APIs, Maven, PostgreSQL, Communication
Qualifications: Ability to work effectively in a team; Basic understanding of software development lifecycle; Attention to detail and ownership of assigned tasks
Experience: Previous internship experience is preferred but not mandatory.
Education: Pursuing an undergraduate degree in Computer Science, Information Technology, Data Science, or a related discipline."
JOB-0022,Java Developer Intern,DevSphere Labs,"Remote, India",Remote,Internship,Java Backend,"DevSphere Labs is seeking a Java Developer Intern for its Java Backend team, with assignments focused on internal productivity tools. This internship opportunity gives candidates practical exposure to Java, OOP, SQL. The candidate will collaborate with engineers, complete scoped technical tasks, and present progress during regular reviews. Posting track 2-10 is tailored to early-career applicants building evidence through coursework, personal projects, or internships.",Develop and maintain backend services; Create REST endpoints and integrate databases; Write unit tests for service-layer code; Assist with debugging and performance improvements; Contribute to a scoped assignment involving internal productivity tools,"Java, OOP, SQL, Git","Spring Boot, REST APIs, Maven, PostgreSQL, Problem Solving",Willingness to learn unfamiliar technologies; Ability to explain technical decisions clearly; Strong problem-solving and analytical ability,Entry-level candidates are welcome; practical coursework or projects are sufficient.,Final-year or pre-final-year undergraduate student in a relevant engineering or computing program.,synthetic_curated,2026-08-14,"Job Title: Java Developer Intern
Company: DevSphere Labs
Location: Remote, India
Work Mode: Remote
Employment Type: Internship
Domain: Java Backend
Description: DevSphere Labs is seeking a Java Developer Intern for its Java Backend team, with assignments focused on internal productivity tools. This internship opportunity gives candidates practical exposure to Java, OOP, SQL. The candidate will collaborate with engineers, complete scoped technical tasks, and present progress during regular reviews. Posting track 2-10 is tailored to early-career applicants building evidence through coursework, personal projects, or internships.
Responsibilities: Develop and maintain backend services; Create REST endpoints and integrate databases; Write unit tests for service-layer code; Assist with debugging and performance improvements; Contribute to a scoped assignment involving internal productivity tools
Required Skills: Java, OOP, SQL, Git
Preferred Skills: Spring Boot, REST APIs, Maven, PostgreSQL, Problem Solving
Qualifications: Willingness to learn unfamiliar technologies; Ability to explain technical decisions clearly; Strong problem-solving and analytical ability
Experience: Entry-level candidates are welcome; practical coursework or projects are sufficient.
Education: Final-year or pre-final-year undergraduate student in a relevant engineering or computing program."
JOB-0023,Backend Engineering Intern,BlueOrbit Technologies,"Remote, India",Remote,Entry Level,Java Backend,"BlueOrbit Technologies is seeking a Backend Engineering Intern for its Java Backend team, with assignments focused on customer onboarding platform. This entry level opportunity gives candidates practical exposure to Java, OOP, SQL. The candidate will collaborate with engineers, complete scoped technical tasks, and present progress during regular reviews. Posting track 2-11 is tailored to early-career applicants building evidence through coursework, personal projects, or internships.",Develop and maintain backend services; Create REST endpoints and integrate databases; Write unit tests for service-layer code; Assist with debugging and performance improvements; Contribute to a scoped assignment involving customer onboarding platform,"Java, OOP, SQL, Git","Spring Boot, REST APIs, Maven, PostgreSQL, Agile",Basic understanding of software development lifecycle; Attention to detail and ownership of assigned tasks; Good written and verbal communication,No prior professional experience required; academic projects are acceptable.,"Bachelor's student in Computer Science, IT, Engineering, Mathematics, Statistics, or a related field.",synthetic_curated,2026-08-16,"Job Title: Backend Engineering Intern
Company: BlueOrbit Technologies
Location: Remote, India
Work Mode: Remote
Employment Type: Entry Level
Domain: Java Backend
Description: BlueOrbit Technologies is seeking a Backend Engineering Intern for its Java Backend team, with assignments focused on customer onboarding platform. This entry level opportunity gives candidates practical exposure to Java, OOP, SQL. The candidate will collaborate with engineers, complete scoped technical tasks, and present progress during regular reviews. Posting track 2-11 is tailored to early-career applicants building evidence through coursework, personal projects, or internships.
Responsibilities: Develop and maintain backend services; Create REST endpoints and integrate databases; Write unit tests for service-layer code; Assist with debugging and performance improvements; Contribute to a scoped assignment involving customer onboarding platform
Required Skills: Java, OOP, SQL, Git
Preferred Skills: Spring Boot, REST APIs, Maven, PostgreSQL, Agile
Qualifications: Basic understanding of software development lifecycle; Attention to detail and ownership of assigned tasks; Good written and verbal communication
Experience: No prior professional experience required; academic projects are acceptable.
Education: Bachelor's student in Computer Science, IT, Engineering, Mathematics, Statistics, or a related field."
JOB-0024,Spring Boot Intern,DataNest Solutions,"Remote, India",Remote,Entry Level,Java Backend,"DataNest Solutions is seeking a Spring Boot Intern for its Java Backend team, with assignments focused on analytics dashboard. This entry level opportunity gives candidates practical exposure to Java, OOP, SQL. The candidate will collaborate with engineers, complete scoped technical tasks, and present progress during regular reviews. Posting track 2-12 is tailored to early-career applicants building evidence through coursework, personal projects, or internships.",Develop and maintain backend services; Create REST endpoints and integrate databases; Write unit tests for service-layer code; Assist with debugging and performance improvements; Contribute to a scoped assignment involving analytics dashboard,"Java, OOP, SQL, Git","Spring Boot, REST APIs, Maven, PostgreSQL, Documentation",Ability to explain technical decisions clearly; Strong problem-solving and analytical ability; Ability to work effectively in a team,0–1 years of relevant experience; strong academic or personal projects are valued.,"Pursuing B.E./B.Tech in Computer Science, Information Technology, Electronics, or a related field.",synthetic_curated,2026-08-18,"Job Title: Spring Boot Intern
Company: DataNest Solutions
Location: Remote, India
Work Mode: Remote
Employment Type: Entry Level
Domain: Java Backend
Description: DataNest Solutions is seeking a Spring Boot Intern for its Java Backend team, with assignments focused on analytics dashboard. This entry level opportunity gives candidates practical exposure to Java, OOP, SQL. The candidate will collaborate with engineers, complete scoped technical tasks, and present progress during regular reviews. Posting track 2-12 is tailored to early-career applicants building evidence through coursework, personal projects, or internships.
Responsibilities: Develop and maintain backend services; Create REST endpoints and integrate databases; Write unit tests for service-layer code; Assist with debugging and performance improvements; Contribute to a scoped assignment involving analytics dashboard
Required Skills: Java, OOP, SQL, Git
Preferred Skills: Spring Boot, REST APIs, Maven, PostgreSQL, Documentation
Qualifications: Ability to explain technical decisions clearly; Strong problem-solving and analytical ability; Ability to work effectively in a team
Experience: 0–1 years of relevant experience; strong academic or personal projects are valued.
Education: Pursuing B.E./B.Tech in Computer Science, Information Technology, Electronics, or a related field."
JOB-0025,Python Developer Intern,AsterWave Technologies,"Pune, Maharashtra",On-site,Internship,Python Backend,"AsterWave Technologies is seeking a Python Developer Intern for its Python Backend team, with assignments focused on cloud monitoring product. This internship opportunity gives candidates practical exposure to Python, SQL, REST APIs. The candidate will collaborate with engineers, complete scoped technical tasks, and present progress during regular reviews. Posting track 3-1 is tailored to early-career applicants building evidence through coursework, personal projects, or internships.",Build backend APIs for internal and customer-facing features; Integrate relational databases with application services; Validate API inputs and handle errors consistently; Write automated tests and technical documentation; Contribute to a scoped assignment involving cloud monitoring product,"Python, SQL, REST APIs, Git","FastAPI, Flask, PostgreSQL, Docker, Communication",Ability to work effectively in a team; Basic understanding of software development lifecycle; Attention to detail and ownership of assigned tasks,No prior professional experience required; academic projects are acceptable.,Final-year or pre-final-year undergraduate student in a relevant engineering or computing program.,synthetic_curated,2026-08-20,"Job Title: Python Developer Intern
Company: AsterWave Technologies
Location: Pune, Maharashtra
Work Mode: On-site
Employment Type: Internship
Domain: Python Backend
Description: AsterWave Technologies is seeking a Python Developer Intern for its Python Backend team, with assignments focused on cloud monitoring product. This internship opportunity gives candidates practical exposure to Python, SQL, REST APIs. The candidate will collaborate with engineers, complete scoped technical tasks, and present progress during regular reviews. Posting track 3-1 is tailored to early-career applicants building evidence through coursework, personal projects, or internships.
Responsibilities: Build backend APIs for internal and customer-facing features; Integrate relational databases with application services; Validate API inputs and handle errors consistently; Write automated tests and technical documentation; Contribute to a scoped assignment involving cloud monitoring product
Required Skills: Python, SQL, REST APIs, Git
Preferred Skills: FastAPI, Flask, PostgreSQL, Docker, Communication
Qualifications: Ability to work effectively in a team; Basic understanding of software development lifecycle; Attention to detail and ownership of assigned tasks
Experience: No prior professional experience required; academic projects are acceptable.
Education: Final-year or pre-final-year undergraduate student in a relevant engineering or computing program."
JOB-0026,FastAPI Intern,TechSprout Solutions,"Chennai, Tamil Nadu",On-site,Internship,Python Backend,"TechSprout Solutions is seeking a FastAPI Intern for its Python Backend team, with assignments focused on security operations platform. This internship opportunity gives candidates practical exposure to Python, SQL, REST APIs. The candidate will collaborate with engineers, complete scoped technical tasks, and present progress during regular reviews. Posting track 3-2 is tailored to early-career applicants building evidence through coursework, personal projects, or internships.",Build backend APIs for internal and customer-facing features; Integrate relational databases with application services; Validate API inputs and handle errors consistently; Write automated tests and technical documentation; Contribute to a scoped assignment involving security operations platform,"Python, SQL, REST APIs, Git","FastAPI, Flask, PostgreSQL, Docker, Problem Solving",Willingness to learn unfamiliar technologies; Ability to explain technical decisions clearly; Strong problem-solving and analytical ability,0–1 years of relevant experience; strong academic or personal projects are valued.,"Bachelor's student in Computer Science, IT, Engineering, Mathematics, Statistics, or a related field.",synthetic_curated,2026-08-22,"Job Title: FastAPI Intern
Company: TechSprout Solutions
Location: Chennai, Tamil Nadu
Work Mode: On-site
Employment Type: Internship
Domain: Python Backend
Description: TechSprout Solutions is seeking a FastAPI Intern for its Python Backend team, with assignments focused on security operations platform. This internship opportunity gives candidates practical exposure to Python, SQL, REST APIs. The candidate will collaborate with engineers, complete scoped technical tasks, and present progress during regular reviews. Posting track 3-2 is tailored to early-career applicants building evidence through coursework, personal projects, or internships.
Responsibilities: Build backend APIs for internal and customer-facing features; Integrate relational databases with application services; Validate API inputs and handle errors consistently; Write automated tests and technical documentation; Contribute to a scoped assignment involving security operations platform
Required Skills: Python, SQL, REST APIs, Git
Preferred Skills: FastAPI, Flask, PostgreSQL, Docker, Problem Solving
Qualifications: Willingness to learn unfamiliar technologies; Ability to explain technical decisions clearly; Strong problem-solving and analytical ability
Experience: 0–1 years of relevant experience; strong academic or personal projects are valued.
Education: Bachelor's student in Computer Science, IT, Engineering, Mathematics, Statistics, or a related field."
JOB-0027,Backend Developer Intern,DeepRiver Analytics,"Gurugram, Haryana",On-site,Internship,Python Backend,"DeepRiver Analytics is seeking a Backend Developer Intern for its Python Backend team, with assignments focused on data quality pipeline. This internship opportunity gives candidates practical exposure to Python, SQL, REST APIs. The candidate will collaborate with engineers, complete scoped technical tasks, and present progress during regular reviews. Posting track 3-3 is tailored to early-career applicants building evidence through coursework, personal projects, or internships.",Build backend APIs for internal and customer-facing features; Integrate relational databases with application services; Validate API inputs and handle errors consistently; Write automated tests and technical documentation; Contribute to a scoped assignment involving data quality pipeline,"Python, SQL, REST APIs, Git","FastAPI, Flask, PostgreSQL, Docker, Agile",Basic understanding of software development lifecycle; Attention to detail and ownership of assigned tasks; Good written and verbal communication,Previous internship experience is preferred but not mandatory.,"Pursuing B.E./B.Tech in Computer Science, Information Technology, Electronics, or a related field.",synthetic_curated,2026-08-24,"Job Title: Backend Developer Intern
Company: DeepRiver Analytics
Location: Gurugram, Haryana
Work Mode: On-site
Employment Type: Internship
Domain: Python Backend
Description: DeepRiver Analytics is seeking a Backend Developer Intern for its Python Backend team, with assignments focused on data quality pipeline. This internship opportunity gives candidates practical exposure to Python, SQL, REST APIs. The candidate will collaborate with engineers, complete scoped technical tasks, and present progress during regular reviews. Posting track 3-3 is tailored to early-career applicants building evidence through coursework, personal projects, or internships.
Responsibilities: Build backend APIs for internal and customer-facing features; Integrate relational databases with application services; Validate API inputs and handle errors consistently; Write automated tests and technical documentation; Contribute to a scoped assignment involving data quality pipeline
Required Skills: Python, SQL, REST APIs, Git
Preferred Skills: FastAPI, Flask, PostgreSQL, Docker, Agile
Qualifications: Basic understanding of software development lifecycle; Attention to detail and ownership of assigned tasks; Good written and verbal communication
Experience: Previous internship experience is preferred but not mandatory.
Education: Pursuing B.E./B.Tech in Computer Science, Information Technology, Electronics, or a related field."
JOB-0028,Python Developer Intern,SignalPeak Systems,"Noida, Uttar Pradesh",On-site,Internship,Python Backend,"SignalPeak Systems is seeking a Python Developer Intern for its Python Backend team, with assignments focused on mobile-first user experience. This internship opportunity gives candidates practical exposure to Python, SQL, REST APIs. The candidate will collaborate with engineers, complete scoped technical tasks, and present progress during regular reviews. Posting track 3-4 is tailored to early-career applicants building evidence through coursework, personal projects, or internships.",Build backend APIs for internal and customer-facing features; Integrate relational databases with application services; Validate API inputs and handle errors consistently; Write automated tests and technical documentation; Contribute to a scoped assignment involving mobile-first user experience,"Python, SQL, REST APIs, Git","FastAPI, Flask, PostgreSQL, Docker, Documentation",Ability to explain technical decisions clearly; Strong problem-solving and analytical ability; Ability to work effectively in a team,Entry-level candidates are welcome; practical coursework or projects are sufficient.,"Pursuing an undergraduate degree in Computer Science, Information Technology, Data Science, or a related discipline.",synthetic_curated,2026-08-26,"Job Title: Python Developer Intern
Company: SignalPeak Systems
Location: Noida, Uttar Pradesh
Work Mode: On-site
Employment Type: Internship
Domain: Python Backend
Description: SignalPeak Systems is seeking a Python Developer Intern for its Python Backend team, with assignments focused on mobile-first user experience. This internship opportunity gives candidates practical exposure to Python, SQL, REST APIs. The candidate will collaborate with engineers, complete scoped technical tasks, and present progress during regular reviews. Posting track 3-4 is tailored to early-career applicants building evidence through coursework, personal projects, or internships.
Responsibilities: Build backend APIs for internal and customer-facing features; Integrate relational databases with application services; Validate API inputs and handle errors consistently; Write automated tests and technical documentation; Contribute to a scoped assignment involving mobile-first user experience
Required Skills: Python, SQL, REST APIs, Git
Preferred Skills: FastAPI, Flask, PostgreSQL, Docker, Documentation
Qualifications: Ability to explain technical decisions clearly; Strong problem-solving and analytical ability; Ability to work effectively in a team
Experience: Entry-level candidates are welcome; practical coursework or projects are sufficient.
Education: Pursuing an undergraduate degree in Computer Science, Information Technology, Data Science, or a related discipline."
JOB-0029,FastAPI Intern,SkyLattice Labs,"Mumbai, Maharashtra",Hybrid,Internship,Python Backend,"SkyLattice Labs is seeking a FastAPI Intern for its Python Backend team, with assignments focused on enterprise reporting solution. This internship opportunity gives candidates practical exposure to Python, SQL, REST APIs. The candidate will collaborate with engineers, complete scoped technical tasks, and present progress during regular reviews. Posting track 3-5 is tailored to early-career applicants building evidence through coursework, personal projects, or internships.",Build backend APIs for internal and customer-facing features; Integrate relational databases with application services; Validate API inputs and handle errors consistently; Write automated tests and technical documentation; Contribute to a scoped assignment involving enterprise reporting solution,"Python, SQL, REST APIs, Git","FastAPI, Flask, PostgreSQL, Docker, Communication",Attention to detail and ownership of assigned tasks; Good written and verbal communication; Willingness to learn unfamiliar technologies,No prior professional experience required; academic projects are acceptable.,Final-year or pre-final-year undergraduate student in a relevant engineering or computing program.,synthetic_curated,2026-08-28,"Job Title: FastAPI Intern
Company: SkyLattice Labs
Location: Mumbai, Maharashtra
Work Mode: Hybrid
Employment Type: Internship
Domain: Python Backend
Description: SkyLattice Labs is seeking a FastAPI Intern for its Python Backend team, with assignments focused on enterprise reporting solution. This internship opportunity gives candidates practical exposure to Python, SQL, REST APIs. The candidate will collaborate with engineers, complete scoped technical tasks, and present progress during regular reviews. Posting track 3-5 is tailored to early-career applicants building evidence through coursework, personal projects, or internships.
Responsibilities: Build backend APIs for internal and customer-facing features; Integrate relational databases with application services; Validate API inputs and handle errors consistently; Write automated tests and technical documentation; Contribute to a scoped assignment involving enterprise reporting solution
Required Skills: Python, SQL, REST APIs, Git
Preferred Skills: FastAPI, Flask, PostgreSQL, Docker, Communication
Qualifications: Attention to detail and ownership of assigned tasks; Good written and verbal communication; Willingness to learn unfamiliar technologies
Experience: No prior professional experience required; academic projects are acceptable.
Education: Final-year or pre-final-year undergraduate student in a relevant engineering or computing program."
JOB-0030,Backend Developer Intern,SecureArc Systems,"Kochi, Kerala",Hybrid,Internship,Python Backend,"SecureArc Systems is seeking a Backend Developer Intern for its Python Backend team, with assignments focused on API integration layer. This internship opportunity gives candidates practical exposure to Python, SQL, REST APIs. The candidate will collaborate with engineers, complete scoped technical tasks, and present progress during regular reviews. Posting track 3-6 is tailored to early-career applicants building evidence through coursework, personal projects, or internships.",Build backend APIs for internal and customer-facing features; Integrate relational databases with application services; Validate API inputs and handle errors consistently; Write automated tests and technical documentation; Contribute to a scoped assignment involving API integration layer,"Python, SQL, REST APIs, Git","FastAPI, Flask, PostgreSQL, Docker, Problem Solving",Strong problem-solving and analytical ability; Ability to work effectively in a team; Basic understanding of software development lifecycle,0–1 years of relevant experience; strong academic or personal projects are valued.,"Bachelor's student in Computer Science, IT, Engineering, Mathematics, Statistics, or a related field.",synthetic_curated,2026-08-30,"Job Title: Backend Developer Intern
Company: SecureArc Systems
Location: Kochi, Kerala
Work Mode: Hybrid
Employment Type: Internship
Domain: Python Backend
Description: SecureArc Systems is seeking a Backend Developer Intern for its Python Backend team, with assignments focused on API integration layer. This internship opportunity gives candidates practical exposure to Python, SQL, REST APIs. The candidate will collaborate with engineers, complete scoped technical tasks, and present progress during regular reviews. Posting track 3-6 is tailored to early-career applicants building evidence through coursework, personal projects, or internships.
Responsibilities: Build backend APIs for internal and customer-facing features; Integrate relational databases with application services; Validate API inputs and handle errors consistently; Write automated tests and technical documentation; Contribute to a scoped assignment involving API integration layer
Required Skills: Python, SQL, REST APIs, Git
Preferred Skills: FastAPI, Flask, PostgreSQL, Docker, Problem Solving
Qualifications: Strong problem-solving and analytical ability; Ability to work effectively in a team; Basic understanding of software development lifecycle
Experience: 0–1 years of relevant experience; strong academic or personal projects are valued.
Education: Bachelor's student in Computer Science, IT, Engineering, Mathematics, Statistics, or a related field."
JOB-0031,Python Developer Intern,AppCrest Technologies,"Coimbatore, Tamil Nadu",Hybrid,Internship,Python Backend,"AppCrest Technologies is seeking a Python Developer Intern for its Python Backend team, with assignments focused on internal productivity tools. This internship opportunity gives candidates practical exposure to Python, SQL, REST APIs. The candidate will collaborate with engineers, complete scoped technical tasks, and present progress during regular reviews. Posting track 3-7 is tailored to early-career applicants building evidence through coursework, personal projects, or internships.",Build backend APIs for internal and customer-facing features; Integrate relational databases with application services; Validate API inputs and handle errors consistently; Write automated tests and technical documentation; Contribute to a scoped assignment involving internal productivity tools,"Python, SQL, REST APIs, Git","FastAPI, Flask, PostgreSQL, Docker, Agile",Good written and verbal communication; Willingness to learn unfamiliar technologies; Ability to explain technical decisions clearly,Previous internship experience is preferred but not mandatory.,"Pursuing B.E./B.Tech in Computer Science, Information Technology, Electronics, or a related field.",synthetic_curated,2026-09-01,"Job Title: Python Developer Intern
Company: AppCrest Technologies
Location: Coimbatore, Tamil Nadu
Work Mode: Hybrid
Employment Type: Internship
Domain: Python Backend
Description: AppCrest Technologies is seeking a Python Developer Intern for its Python Backend team, with assignments focused on internal productivity tools. This internship opportunity gives candidates practical exposure to Python, SQL, REST APIs. The candidate will collaborate with engineers, complete scoped technical tasks, and present progress during regular reviews. Posting track 3-7 is tailored to early-career applicants building evidence through coursework, personal projects, or internships.
Responsibilities: Build backend APIs for internal and customer-facing features; Integrate relational databases with application services; Validate API inputs and handle errors consistently; Write automated tests and technical documentation; Contribute to a scoped assignment involving internal productivity tools
Required Skills: Python, SQL, REST APIs, Git
Preferred Skills: FastAPI, Flask, PostgreSQL, Docker, Agile
Qualifications: Good written and verbal communication; Willingness to learn unfamiliar technologies; Ability to explain technical decisions clearly
Experience: Previous internship experience is preferred but not mandatory.
Education: Pursuing B.E./B.Tech in Computer Science, Information Technology, Electronics, or a related field."
JOB-0032,FastAPI Intern,NovaByte Labs,"Ahmedabad, Gujarat",Hybrid,Internship,Python Backend,"NovaByte Labs is seeking a FastAPI Intern for its Python Backend team, with assignments focused on customer onboarding platform. This internship opportunity gives candidates practical exposure to Python, SQL, REST APIs. The candidate will collaborate with engineers, complete scoped technical tasks, and present progress during regular reviews. Posting track 3-8 is tailored to early-career applicants building evidence through coursework, personal projects, or internships.",Build backend APIs for internal and customer-facing features; Integrate relational databases with application services; Validate API inputs and handle errors consistently; Write automated tests and technical documentation; Contribute to a scoped assignment involving customer onboarding platform,"Python, SQL, REST APIs, Git","FastAPI, Flask, PostgreSQL, Docker, Documentation",Ability to work effectively in a team; Basic understanding of software development lifecycle; Attention to detail and ownership of assigned tasks,Entry-level candidates are welcome; practical coursework or projects are sufficient.,"Pursuing an undergraduate degree in Computer Science, Information Technology, Data Science, or a related discipline.",synthetic_curated,2026-09-03,"Job Title: FastAPI Intern
Company: NovaByte Labs
Location: Ahmedabad, Gujarat
Work Mode: Hybrid
Employment Type: Internship
Domain: Python Backend
Description: NovaByte Labs is seeking a FastAPI Intern for its Python Backend team, with assignments focused on customer onboarding platform. This internship opportunity gives candidates practical exposure to Python, SQL, REST APIs. The candidate will collaborate with engineers, complete scoped technical tasks, and present progress during regular reviews. Posting track 3-8 is tailored to early-career applicants building evidence through coursework, personal projects, or internships.
Responsibilities: Build backend APIs for internal and customer-facing features; Integrate relational databases with application services; Validate API inputs and handle errors consistently; Write automated tests and technical documentation; Contribute to a scoped assignment involving customer onboarding platform
Required Skills: Python, SQL, REST APIs, Git
Preferred Skills: FastAPI, Flask, PostgreSQL, Docker, Documentation
Qualifications: Ability to work effectively in a team; Basic understanding of software development lifecycle; Attention to detail and ownership of assigned tasks
Experience: Entry-level candidates are welcome; practical coursework or projects are sufficient.
Education: Pursuing an undergraduate degree in Computer Science, Information Technology, Data Science, or a related discipline."
JOB-0033,Backend Developer Intern,PixelForge Systems,"Remote, India",Remote,Internship,Python Backend,"PixelForge Systems is seeking a Backend Developer Intern for its Python Backend team, with assignments focused on analytics dashboard. This internship opportunity gives candidates practical exposure to Python, SQL, REST APIs. The candidate will collaborate with engineers, complete scoped technical tasks, and present progress during regular reviews. Posting track 3-9 is tailored to early-career applicants building evidence through coursework, personal projects, or internships.",Build backend APIs for internal and customer-facing features; Integrate relational databases with application services; Validate API inputs and handle errors consistently; Write automated tests and technical documentation; Contribute to a scoped assignment involving analytics dashboard,"Python, SQL, REST APIs, Git","FastAPI, Flask, PostgreSQL, Docker, Communication",Willingness to learn unfamiliar technologies; Ability to explain technical decisions clearly; Strong problem-solving and analytical ability,No prior professional experience required; academic projects are acceptable.,Final-year or pre-final-year undergraduate student in a relevant engineering or computing program.,synthetic_curated,2026-09-05,"Job Title: Backend Developer Intern
Company: PixelForge Systems
Location: Remote, India
Work Mode: Remote
Employment Type: Internship
Domain: Python Backend
Description: PixelForge Systems is seeking a Backend Developer Intern for its Python Backend team, with assignments focused on analytics dashboard. This internship opportunity gives candidates practical exposure to Python, SQL, REST APIs. The candidate will collaborate with engineers, complete scoped technical tasks, and present progress during regular reviews. Posting track 3-9 is tailored to early-career applicants building evidence through coursework, personal projects, or internships.
Responsibilities: Build backend APIs for internal and customer-facing features; Integrate relational databases with application services; Validate API inputs and handle errors consistently; Write automated tests and technical documentation; Contribute to a scoped assignment involving analytics dashboard
Required Skills: Python, SQL, REST APIs, Git
Preferred Skills: FastAPI, Flask, PostgreSQL, Docker, Communication
Qualifications: Willingness to learn unfamiliar technologies; Ability to explain technical decisions clearly; Strong problem-solving and analytical ability
Experience: No prior professional experience required; academic projects are acceptable.
Education: Final-year or pre-final-year undergraduate student in a relevant engineering or computing program."
JOB-0034,Python Developer Intern,CloudMint Innovations,"Remote, India",Remote,Internship,Python Backend,"CloudMint Innovations is seeking a Python Developer Intern for its Python Backend team, with assignments focused on developer tooling. This internship opportunity gives candidates practical exposure to Python, SQL, REST APIs. The candidate will collaborate with engineers, complete scoped technical tasks, and present progress during regular reviews. Posting track 3-10 is tailored to early-career applicants building evidence through coursework, personal projects, or internships.",Build backend APIs for internal and customer-facing features; Integrate relational databases with application services; Validate API inputs and handle errors consistently; Write automated tests and technical documentation; Contribute to a scoped assignment involving developer tooling,"Python, SQL, REST APIs, Git","FastAPI, Flask, PostgreSQL, Docker, Problem Solving",Basic understanding of software development lifecycle; Attention to detail and ownership of assigned tasks; Good written and verbal communication,0–1 years of relevant experience; strong academic or personal projects are valued.,"Bachelor's student in Computer Science, IT, Engineering, Mathematics, Statistics, or a related field.",synthetic_curated,2026-09-07,"Job Title: Python Developer Intern
Company: CloudMint Innovations
Location: Remote, India
Work Mode: Remote
Employment Type: Internship
Domain: Python Backend
Description: CloudMint Innovations is seeking a Python Developer Intern for its Python Backend team, with assignments focused on developer tooling. This internship opportunity gives candidates practical exposure to Python, SQL, REST APIs. The candidate will collaborate with engineers, complete scoped technical tasks, and present progress during regular reviews. Posting track 3-10 is tailored to early-career applicants building evidence through coursework, personal projects, or internships.
Responsibilities: Build backend APIs for internal and customer-facing features; Integrate relational databases with application services; Validate API inputs and handle errors consistently; Write automated tests and technical documentation; Contribute to a scoped assignment involving developer tooling
Required Skills: Python, SQL, REST APIs, Git
Preferred Skills: FastAPI, Flask, PostgreSQL, Docker, Problem Solving
Qualifications: Basic understanding of software development lifecycle; Attention to detail and ownership of assigned tasks; Good written and verbal communication
Experience: 0–1 years of relevant experience; strong academic or personal projects are valued.
Education: Bachelor's student in Computer Science, IT, Engineering, Mathematics, Statistics, or a related field."
JOB-0035,FastAPI Intern,QuantumLeaf Technologies,"Remote, India",Remote,Entry Level,Python Backend,"QuantumLeaf Technologies is seeking a FastAPI Intern for its Python Backend team, with assignments focused on workflow automation. This entry level opportunity gives candidates practical exposure to Python, SQL, REST APIs. The candidate will collaborate with engineers, complete scoped technical tasks, and present progress during regular reviews. Posting track 3-11 is tailored to early-career applicants building evidence through coursework, personal projects, or internships.",Build backend APIs for internal and customer-facing features; Integrate relational databases with application services; Validate API inputs and handle errors consistently; Write automated tests and technical documentation; Contribute to a scoped assignment involving workflow automation,"Python, SQL, REST APIs, Git","FastAPI, Flask, PostgreSQL, Docker, Agile",Ability to explain technical decisions clearly; Strong problem-solving and analytical ability; Ability to work effectively in a team,Previous internship experience is preferred but not mandatory.,"Pursuing B.E./B.Tech in Computer Science, Information Technology, Electronics, or a related field.",synthetic_curated,2026-07-01,"Job Title: FastAPI Intern
Company: QuantumLeaf Technologies
Location: Remote, India
Work Mode: Remote
Employment Type: Entry Level
Domain: Python Backend
Description: QuantumLeaf Technologies is seeking a FastAPI Intern for its Python Backend team, with assignments focused on workflow automation. This entry level opportunity gives candidates practical exposure to Python, SQL, REST APIs. The candidate will collaborate with engineers, complete scoped technical tasks, and present progress during regular reviews. Posting track 3-11 is tailored to early-career applicants building evidence through coursework, personal projects, or internships.
Responsibilities: Build backend APIs for internal and customer-facing features; Integrate relational databases with application services; Validate API inputs and handle errors consistently; Write automated tests and technical documentation; Contribute to a scoped assignment involving workflow automation
Required Skills: Python, SQL, REST APIs, Git
Preferred Skills: FastAPI, Flask, PostgreSQL, Docker, Agile
Qualifications: Ability to explain technical decisions clearly; Strong problem-solving and analytical ability; Ability to work effectively in a team
Experience: Previous internship experience is preferred but not mandatory.
Education: Pursuing B.E./B.Tech in Computer Science, Information Technology, Electronics, or a related field."
JOB-0036,Backend Developer Intern,BrightStack Digital,"Remote, India",Remote,Entry Level,Python Backend,"BrightStack Digital is seeking a Backend Developer Intern for its Python Backend team, with assignments focused on education technology platform. This entry level opportunity gives candidates practical exposure to Python, SQL, REST APIs. The candidate will collaborate with engineers, complete scoped technical tasks, and present progress during regular reviews. Posting track 3-12 is tailored to early-career applicants building evidence through coursework, personal projects, or internships.",Build backend APIs for internal and customer-facing features; Integrate relational databases with application services; Validate API inputs and handle errors consistently; Write automated tests and technical documentation; Contribute to a scoped assignment involving education technology platform,"Python, SQL, REST APIs, Git","FastAPI, Flask, PostgreSQL, Docker, Documentation",Attention to detail and ownership of assigned tasks; Good written and verbal communication; Willingness to learn unfamiliar technologies,Entry-level candidates are welcome; practical coursework or projects are sufficient.,"Pursuing an undergraduate degree in Computer Science, Information Technology, Data Science, or a related discipline.",synthetic_curated,2026-07-03,"Job Title: Backend Developer Intern
Company: BrightStack Digital
Location: Remote, India
Work Mode: Remote
Employment Type: Entry Level
Domain: Python Backend
Description: BrightStack Digital is seeking a Backend Developer Intern for its Python Backend team, with assignments focused on education technology platform. This entry level opportunity gives candidates practical exposure to Python, SQL, REST APIs. The candidate will collaborate with engineers, complete scoped technical tasks, and present progress during regular reviews. Posting track 3-12 is tailored to early-career applicants building evidence through coursework, personal projects, or internships.
Responsibilities: Build backend APIs for internal and customer-facing features; Integrate relational databases with application services; Validate API inputs and handle errors consistently; Write automated tests and technical documentation; Contribute to a scoped assignment involving education technology platform
Required Skills: Python, SQL, REST APIs, Git
Preferred Skills: FastAPI, Flask, PostgreSQL, Docker, Documentation
Qualifications: Attention to detail and ownership of assigned tasks; Good written and verbal communication; Willingness to learn unfamiliar technologies
Experience: Entry-level candidates are welcome; practical coursework or projects are sufficient.
Education: Pursuing an undergraduate degree in Computer Science, Information Technology, Data Science, or a related discipline."
JOB-0037,Frontend Developer Intern,CoreVista Technologies,"Chennai, Tamil Nadu",On-site,Internship,Frontend Development,"CoreVista Technologies is seeking a Frontend Developer Intern for its Frontend Development team, with assignments focused on mobile-first user experience. This internship opportunity gives candidates practical exposure to HTML, CSS, JavaScript. The candidate will collaborate with engineers, complete scoped technical tasks, and present progress during regular reviews. Posting track 4-1 is tailored to early-career applicants building evidence through coursework, personal projects, or internships.",Build responsive user interface components; Integrate frontend screens with REST services; Fix UI bugs and improve accessibility; Collaborate with designers and backend developers; Contribute to a scoped assignment involving mobile-first user experience,"HTML, CSS, JavaScript, Git","React, TypeScript, Responsive Design, REST APIs, Communication",Willingness to learn unfamiliar technologies; Ability to explain technical decisions clearly; Strong problem-solving and analytical ability,Previous internship experience is preferred but not mandatory.,"Bachelor's student in Computer Science, IT, Engineering, Mathematics, Statistics, or a related field.",synthetic_curated,2026-07-05,"Job Title: Frontend Developer Intern
Company: CoreVista Technologies
Location: Chennai, Tamil Nadu
Work Mode: On-site
Employment Type: Internship
Domain: Frontend Development
Description: CoreVista Technologies is seeking a Frontend Developer Intern for its Frontend Development team, with assignments focused on mobile-first user experience. This internship opportunity gives candidates practical exposure to HTML, CSS, JavaScript. The candidate will collaborate with engineers, complete scoped technical tasks, and present progress during regular reviews. Posting track 4-1 is tailored to early-career applicants building evidence through coursework, personal projects, or internships.
Responsibilities: Build responsive user interface components; Integrate frontend screens with REST services; Fix UI bugs and improve accessibility; Collaborate with designers and backend developers; Contribute to a scoped assignment involving mobile-first user experience
Required Skills: HTML, CSS, JavaScript, Git
Preferred Skills: React, TypeScript, Responsive Design, REST APIs, Communication
Qualifications: Willingness to learn unfamiliar technologies; Ability to explain technical decisions clearly; Strong problem-solving and analytical ability
Experience: Previous internship experience is preferred but not mandatory.
Education: Bachelor's student in Computer Science, IT, Engineering, Mathematics, Statistics, or a related field."
JOB-0038,React Developer Intern,ByteBridge Innovations,"Gurugram, Haryana",On-site,Internship,Frontend Development,"ByteBridge Innovations is seeking a React Developer Intern for its Frontend Development team, with assignments focused on enterprise reporting solution. This internship opportunity gives candidates practical exposure to HTML, CSS, JavaScript. The candidate will collaborate with engineers, complete scoped technical tasks, and present progress during regular reviews. Posting track 4-2 is tailored to early-career applicants building evidence through coursework, personal projects, or internships.",Build responsive user interface components; Integrate frontend screens with REST services; Fix UI bugs and improve accessibility; Collaborate with designers and backend developers; Contribute to a scoped assignment involving enterprise reporting solution,"HTML, CSS, JavaScript, Git","React, TypeScript, Responsive Design, REST APIs, Problem Solving",Basic understanding of software development lifecycle; Attention to detail and ownership of assigned tasks; Good written and verbal communication,Entry-level candidates are welcome; practical coursework or projects are sufficient.,"Pursuing B.E./B.Tech in Computer Science, Information Technology, Electronics, or a related field.",synthetic_curated,2026-07-07,"Job Title: React Developer Intern
Company: ByteBridge Innovations
Location: Gurugram, Haryana
Work Mode: On-site
Employment Type: Internship
Domain: Frontend Development
Description: ByteBridge Innovations is seeking a React Developer Intern for its Frontend Development team, with assignments focused on enterprise reporting solution. This internship opportunity gives candidates practical exposure to HTML, CSS, JavaScript. The candidate will collaborate with engineers, complete scoped technical tasks, and present progress during regular reviews. Posting track 4-2 is tailored to early-career applicants building evidence through coursework, personal projects, or internships.
Responsibilities: Build responsive user interface components; Integrate frontend screens with REST services; Fix UI bugs and improve accessibility; Collaborate with designers and backend developers; Contribute to a scoped assignment involving enterprise reporting solution
Required Skills: HTML, CSS, JavaScript, Git
Preferred Skills: React, TypeScript, Responsive Design, REST APIs, Problem Solving
Qualifications: Basic understanding of software development lifecycle; Attention to detail and ownership of assigned tasks; Good written and verbal communication
Experience: Entry-level candidates are welcome; practical coursework or projects are sufficient.
Education: Pursuing B.E./B.Tech in Computer Science, Information Technology, Electronics, or a related field."
JOB-0039,UI Engineering Intern,InfraNova Technologies,"Noida, Uttar Pradesh",On-site,Internship,Frontend Development,"InfraNova Technologies is seeking a UI Engineering Intern for its Frontend Development team, with assignments focused on API integration layer. This internship opportunity gives candidates practical exposure to HTML, CSS, JavaScript. The candidate will collaborate with engineers, complete scoped technical tasks, and present progress during regular reviews. Posting track 4-3 is tailored to early-career applicants building evidence through coursework, personal projects, or internships.",Build responsive user interface components; Integrate frontend screens with REST services; Fix UI bugs and improve accessibility; Collaborate with designers and backend developers; Contribute to a scoped assignment involving API integration layer,"HTML, CSS, JavaScript, Git","React, TypeScript, Responsive Design, REST APIs, Agile",Ability to explain technical decisions clearly; Strong problem-solving and analytical ability; Ability to work effectively in a team,No prior professional experience required; academic projects are acceptable.,"Pursuing an undergraduate degree in Computer Science, Information Technology, Data Science, or a related discipline.",synthetic_curated,2026-07-09,"Job Title: UI Engineering Intern
Company: InfraNova Technologies
Location: Noida, Uttar Pradesh
Work Mode: On-site
Employment Type: Internship
Domain: Frontend Development
Description: InfraNova Technologies is seeking a UI Engineering Intern for its Frontend Development team, with assignments focused on API integration layer. This internship opportunity gives candidates practical exposure to HTML, CSS, JavaScript. The candidate will collaborate with engineers, complete scoped technical tasks, and present progress during regular reviews. Posting track 4-3 is tailored to early-career applicants building evidence through coursework, personal projects, or internships.
Responsibilities: Build responsive user interface components; Integrate frontend screens with REST services; Fix UI bugs and improve accessibility; Collaborate with designers and backend developers; Contribute to a scoped assignment involving API integration layer
Required Skills: HTML, CSS, JavaScript, Git
Preferred Skills: React, TypeScript, Responsive Design, REST APIs, Agile
Qualifications: Ability to explain technical decisions clearly; Strong problem-solving and analytical ability; Ability to work effectively in a team
Experience: No prior professional experience required; academic projects are acceptable.
Education: Pursuing an undergraduate degree in Computer Science, Information Technology, Data Science, or a related discipline."
JOB-0040,Frontend Developer Intern,InsightMesh Analytics,"Mumbai, Maharashtra",On-site,Internship,Frontend Development,"InsightMesh Analytics is seeking a Frontend Developer Intern for its Frontend Development team, with assignments focused on internal productivity tools. This internship opportunity gives candidates practical exposure to HTML, CSS, JavaScript. The candidate will collaborate with engineers, complete scoped technical tasks, and present progress during regular reviews. Posting track 4-4 is tailored to early-career applicants building evidence through coursework, personal projects, or internships.",Build responsive user interface components; Integrate frontend screens with REST services; Fix UI bugs and improve accessibility; Collaborate with designers and backend developers; Contribute to a scoped assignment involving internal productivity tools,"HTML, CSS, JavaScript, Git","React, TypeScript, Responsive Design, REST APIs, Documentation",Attention to detail and ownership of assigned tasks; Good written and verbal communication; Willingness to learn unfamiliar technologies,0–1 years of relevant experience; strong academic or personal projects are valued.,Final-year or pre-final-year undergraduate student in a relevant engineering or computing program.,synthetic_curated,2026-07-11,"Job Title: Frontend Developer Intern
Company: InsightMesh Analytics
Location: Mumbai, Maharashtra
Work Mode: On-site
Employment Type: Internship
Domain: Frontend Development
Description: InsightMesh Analytics is seeking a Frontend Developer Intern for its Frontend Development team, with assignments focused on internal productivity tools. This internship opportunity gives candidates practical exposure to HTML, CSS, JavaScript. The candidate will collaborate with engineers, complete scoped technical tasks, and present progress during regular reviews. Posting track 4-4 is tailored to early-career applicants building evidence through coursework, personal projects, or internships.
Responsibilities: Build responsive user interface components; Integrate frontend screens with REST services; Fix UI bugs and improve accessibility; Collaborate with designers and backend developers; Contribute to a scoped assignment involving internal productivity tools
Required Skills: HTML, CSS, JavaScript, Git
Preferred Skills: React, TypeScript, Responsive Design, REST APIs, Documentation
Qualifications: Attention to detail and ownership of assigned tasks; Good written and verbal communication; Willingness to learn unfamiliar technologies
Experience: 0–1 years of relevant experience; strong academic or personal projects are valued.
Education: Final-year or pre-final-year undergraduate student in a relevant engineering or computing program."
JOB-0041,React Developer Intern,DevSphere Labs,"Kochi, Kerala",Hybrid,Internship,Frontend Development,"DevSphere Labs is seeking a React Developer Intern for its Frontend Development team, with assignments focused on customer onboarding platform. This internship opportunity gives candidates practical exposure to HTML, CSS, JavaScript. The candidate will collaborate with engineers, complete scoped technical tasks, and present progress during regular reviews. Posting track 4-5 is tailored to early-career applicants building evidence through coursework, personal projects, or internships.",Build responsive user interface components; Integrate frontend screens with REST services; Fix UI bugs and improve accessibility; Collaborate with designers and backend developers; Contribute to a scoped assignment involving customer onboarding platform,"HTML, CSS, JavaScript, Git","React, TypeScript, Responsive Design, REST APIs, Communication",Strong problem-solving and analytical ability; Ability to work effectively in a team; Basic understanding of software development lifecycle,Previous internship experience is preferred but not mandatory.,"Bachelor's student in Computer Science, IT, Engineering, Mathematics, Statistics, or a related field.",synthetic_curated,2026-07-13,"Job Title: React Developer Intern
Company: DevSphere Labs
Location: Kochi, Kerala
Work Mode: Hybrid
Employment Type: Internship
Domain: Frontend Development
Description: DevSphere Labs is seeking a React Developer Intern for its Frontend Development team, with assignments focused on customer onboarding platform. This internship opportunity gives candidates practical exposure to HTML, CSS, JavaScript. The candidate will collaborate with engineers, complete scoped technical tasks, and present progress during regular reviews. Posting track 4-5 is tailored to early-career applicants building evidence through coursework, personal projects, or internships.
Responsibilities: Build responsive user interface components; Integrate frontend screens with REST services; Fix UI bugs and improve accessibility; Collaborate with designers and backend developers; Contribute to a scoped assignment involving customer onboarding platform
Required Skills: HTML, CSS, JavaScript, Git
Preferred Skills: React, TypeScript, Responsive Design, REST APIs, Communication
Qualifications: Strong problem-solving and analytical ability; Ability to work effectively in a team; Basic understanding of software development lifecycle
Experience: Previous internship experience is preferred but not mandatory.
Education: Bachelor's student in Computer Science, IT, Engineering, Mathematics, Statistics, or a related field."
JOB-0042,UI Engineering Intern,BlueOrbit Technologies,"Coimbatore, Tamil Nadu",Hybrid,Internship,Frontend Development,"BlueOrbit Technologies is seeking a UI Engineering Intern for its Frontend Development team, with assignments focused on analytics dashboard. This internship opportunity gives candidates practical exposure to HTML, CSS, JavaScript. The candidate will collaborate with engineers, complete scoped technical tasks, and present progress during regular reviews. Posting track 4-6 is tailored to early-career applicants building evidence through coursework, personal projects, or internships.",Build responsive user interface components; Integrate frontend screens with REST services; Fix UI bugs and improve accessibility; Collaborate with designers and backend developers; Contribute to a scoped assignment involving analytics dashboard,"HTML, CSS, JavaScript, Git","React, TypeScript, Responsive Design, REST APIs, Problem Solving",Good written and verbal communication; Willingness to learn unfamiliar technologies; Ability to explain technical decisions clearly,Entry-level candidates are welcome; practical coursework or projects are sufficient.,"Pursuing B.E./B.Tech in Computer Science, Information Technology, Electronics, or a related field.",synthetic_curated,2026-07-15,"Job Title: UI Engineering Intern
Company: BlueOrbit Technologies
Location: Coimbatore, Tamil Nadu
Work Mode: Hybrid
Employment Type: Internship
Domain: Frontend Development
Description: BlueOrbit Technologies is seeking a UI Engineering Intern for its Frontend Development team, with assignments focused on analytics dashboard. This internship opportunity gives candidates practical exposure to HTML, CSS, JavaScript. The candidate will collaborate with engineers, complete scoped technical tasks, and present progress during regular reviews. Posting track 4-6 is tailored to early-career applicants building evidence through coursework, personal projects, or internships.
Responsibilities: Build responsive user interface components; Integrate frontend screens with REST services; Fix UI bugs and improve accessibility; Collaborate with designers and backend developers; Contribute to a scoped assignment involving analytics dashboard
Required Skills: HTML, CSS, JavaScript, Git
Preferred Skills: React, TypeScript, Responsive Design, REST APIs, Problem Solving
Qualifications: Good written and verbal communication; Willingness to learn unfamiliar technologies; Ability to explain technical decisions clearly
Experience: Entry-level candidates are welcome; practical coursework or projects are sufficient.
Education: Pursuing B.E./B.Tech in Computer Science, Information Technology, Electronics, or a related field."
JOB-0043,Frontend Developer Intern,DataNest Solutions,"Ahmedabad, Gujarat",Hybrid,Internship,Frontend Development,"DataNest Solutions is seeking a Frontend Developer Intern for its Frontend Development team, with assignments focused on developer tooling. This internship opportunity gives candidates practical exposure to HTML, CSS, JavaScript. The candidate will collaborate with engineers, complete scoped technical tasks, and present progress during regular reviews. Posting track 4-7 is tailored to early-career applicants building evidence through coursework, personal projects, or internships.",Build responsive user interface components; Integrate frontend screens with REST services; Fix UI bugs and improve accessibility; Collaborate with designers and backend developers; Contribute to a scoped assignment involving developer tooling,"HTML, CSS, JavaScript, Git","React, TypeScript, Responsive Design, REST APIs, Agile",Ability to work effectively in a team; Basic understanding of software development lifecycle; Attention to detail and ownership of assigned tasks,No prior professional experience required; academic projects are acceptable.,"Pursuing an undergraduate degree in Computer Science, Information Technology, Data Science, or a related discipline.",synthetic_curated,2026-07-17,"Job Title: Frontend Developer Intern
Company: DataNest Solutions
Location: Ahmedabad, Gujarat
Work Mode: Hybrid
Employment Type: Internship
Domain: Frontend Development
Description: DataNest Solutions is seeking a Frontend Developer Intern for its Frontend Development team, with assignments focused on developer tooling. This internship opportunity gives candidates practical exposure to HTML, CSS, JavaScript. The candidate will collaborate with engineers, complete scoped technical tasks, and present progress during regular reviews. Posting track 4-7 is tailored to early-career applicants building evidence through coursework, personal projects, or internships.
Responsibilities: Build responsive user interface components; Integrate frontend screens with REST services; Fix UI bugs and improve accessibility; Collaborate with designers and backend developers; Contribute to a scoped assignment involving developer tooling
Required Skills: HTML, CSS, JavaScript, Git
Preferred Skills: React, TypeScript, Responsive Design, REST APIs, Agile
Qualifications: Ability to work effectively in a team; Basic understanding of software development lifecycle; Attention to detail and ownership of assigned tasks
Experience: No prior professional experience required; academic projects are acceptable.
Education: Pursuing an undergraduate degree in Computer Science, Information Technology, Data Science, or a related discipline."
JOB-0044,React Developer Intern,VertexLoop Software,"Kolkata, West Bengal",Hybrid,Internship,Frontend Development,"VertexLoop Software is seeking a React Developer Intern for its Frontend Development team, with assignments focused on workflow automation. This internship opportunity gives candidates practical exposure to HTML, CSS, JavaScript. The candidate will collaborate with engineers, complete scoped technical tasks, and present progress during regular reviews. Posting track 4-8 is tailored to early-career applicants building evidence through coursework, personal projects, or internships.",Build responsive user interface components; Integrate frontend screens with REST services; Fix UI bugs and improve accessibility; Collaborate with designers and backend developers; Contribute to a scoped assignment involving workflow automation,"HTML, CSS, JavaScript, Git","React, TypeScript, Responsive Design, REST APIs, Documentation",Willingness to learn unfamiliar technologies; Ability to explain technical decisions clearly; Strong problem-solving and analytical ability,0–1 years of relevant experience; strong academic or personal projects are valued.,Final-year or pre-final-year undergraduate student in a relevant engineering or computing program.,synthetic_curated,2026-07-19,"Job Title: React Developer Intern
Company: VertexLoop Software
Location: Kolkata, West Bengal
Work Mode: Hybrid
Employment Type: Internship
Domain: Frontend Development
Description: VertexLoop Software is seeking a React Developer Intern for its Frontend Development team, with assignments focused on workflow automation. This internship opportunity gives candidates practical exposure to HTML, CSS, JavaScript. The candidate will collaborate with engineers, complete scoped technical tasks, and present progress during regular reviews. Posting track 4-8 is tailored to early-career applicants building evidence through coursework, personal projects, or internships.
Responsibilities: Build responsive user interface components; Integrate frontend screens with REST services; Fix UI bugs and improve accessibility; Collaborate with designers and backend developers; Contribute to a scoped assignment involving workflow automation
Required Skills: HTML, CSS, JavaScript, Git
Preferred Skills: React, TypeScript, Responsive Design, REST APIs, Documentation
Qualifications: Willingness to learn unfamiliar technologies; Ability to explain technical decisions clearly; Strong problem-solving and analytical ability
Experience: 0–1 years of relevant experience; strong academic or personal projects are valued.
Education: Final-year or pre-final-year undergraduate student in a relevant engineering or computing program."
JOB-0045,UI Engineering Intern,CodeHarbor Labs,"Remote, India",Remote,Internship,Frontend Development,"CodeHarbor Labs is seeking a UI Engineering Intern for its Frontend Development team, with assignments focused on education technology platform. This internship opportunity gives candidates practical exposure to HTML, CSS, JavaScript. The candidate will collaborate with engineers, complete scoped technical tasks, and present progress during regular reviews. Posting track 4-9 is tailored to early-career applicants building evidence through coursework, personal projects, or internships.",Build responsive user interface components; Integrate frontend screens with REST services; Fix UI bugs and improve accessibility; Collaborate with designers and backend developers; Contribute to a scoped assignment involving education technology platform,"HTML, CSS, JavaScript, Git","React, TypeScript, Responsive Design, REST APIs, Communication",Basic understanding of software development lifecycle; Attention to detail and ownership of assigned tasks; Good written and verbal communication,Previous internship experience is preferred but not mandatory.,"Bachelor's student in Computer Science, IT, Engineering, Mathematics, Statistics, or a related field.",synthetic_curated,2026-07-21,"Job Title: UI Engineering Intern
Company: CodeHarbor Labs
Location: Remote, India
Work Mode: Remote
Employment Type: Internship
Domain: Frontend Development
Description: CodeHarbor Labs is seeking a UI Engineering Intern for its Frontend Development team, with assignments focused on education technology platform. This internship opportunity gives candidates practical exposure to HTML, CSS, JavaScript. The candidate will collaborate with engineers, complete scoped technical tasks, and present progress during regular reviews. Posting track 4-9 is tailored to early-career applicants building evidence through coursework, personal projects, or internships.
Responsibilities: Build responsive user interface components; Integrate frontend screens with REST services; Fix UI bugs and improve accessibility; Collaborate with designers and backend developers; Contribute to a scoped assignment involving education technology platform
Required Skills: HTML, CSS, JavaScript, Git
Preferred Skills: React, TypeScript, Responsive Design, REST APIs, Communication
Qualifications: Basic understanding of software development lifecycle; Attention to detail and ownership of assigned tasks; Good written and verbal communication
Experience: Previous internship experience is preferred but not mandatory.
Education: Bachelor's student in Computer Science, IT, Engineering, Mathematics, Statistics, or a related field."
JOB-0046,Frontend Developer Intern,NexaGrid Systems,"Remote, India",Remote,Internship,Frontend Development,"NexaGrid Systems is seeking a Frontend Developer Intern for its Frontend Development team, with assignments focused on cloud monitoring product. This internship opportunity gives candidates practical exposure to HTML, CSS, JavaScript. The candidate will collaborate with engineers, complete scoped technical tasks, and present progress during regular reviews. Posting track 4-10 is tailored to early-career applicants building evidence through coursework, personal projects, or internships.",Build responsive user interface components; Integrate frontend screens with REST services; Fix UI bugs and improve accessibility; Collaborate with designers and backend developers; Contribute to a scoped assignment involving cloud monitoring product,"HTML, CSS, JavaScript, Git","React, TypeScript, Responsive Design, REST APIs, Problem Solving",Ability to explain technical decisions clearly; Strong problem-solving and analytical ability; Ability to work effectively in a team,Entry-level candidates are welcome; practical coursework or projects are sufficient.,"Pursuing B.E./B.Tech in Computer Science, Information Technology, Electronics, or a related field.",synthetic_curated,2026-07-23,"Job Title: Frontend Developer Intern
Company: NexaGrid Systems
Location: Remote, India
Work Mode: Remote
Employment Type: Internship
Domain: Frontend Development
Description: NexaGrid Systems is seeking a Frontend Developer Intern for its Frontend Development team, with assignments focused on cloud monitoring product. This internship opportunity gives candidates practical exposure to HTML, CSS, JavaScript. The candidate will collaborate with engineers, complete scoped technical tasks, and present progress during regular reviews. Posting track 4-10 is tailored to early-career applicants building evidence through coursework, personal projects, or internships.
Responsibilities: Build responsive user interface components; Integrate frontend screens with REST services; Fix UI bugs and improve accessibility; Collaborate with designers and backend developers; Contribute to a scoped assignment involving cloud monitoring product
Required Skills: HTML, CSS, JavaScript, Git
Preferred Skills: React, TypeScript, Responsive Design, REST APIs, Problem Solving
Qualifications: Ability to explain technical decisions clearly; Strong problem-solving and analytical ability; Ability to work effectively in a team
Experience: Entry-level candidates are welcome; practical coursework or projects are sufficient.
Education: Pursuing B.E./B.Tech in Computer Science, Information Technology, Electronics, or a related field."
JOB-0047,React Developer Intern,LogicBloom Labs,"Remote, India",Remote,Entry Level,Frontend Development,"LogicBloom Labs is seeking a React Developer Intern for its Frontend Development team, with assignments focused on security operations platform. This entry level opportunity gives candidates practical exposure to HTML, CSS, JavaScript. The candidate will collaborate with engineers, complete scoped technical tasks, and present progress during regular reviews. Posting track 4-11 is tailored to early-career applicants building evidence through coursework, personal projects, or internships.",Build responsive user interface components; Integrate frontend screens with REST services; Fix UI bugs and improve accessibility; Collaborate with designers and backend developers; Contribute to a scoped assignment involving security operations platform,"HTML, CSS, JavaScript, Git","React, TypeScript, Responsive Design, REST APIs, Agile",Attention to detail and ownership of assigned tasks; Good written and verbal communication; Willingness to learn unfamiliar technologies,No prior professional experience required; academic projects are acceptable.,"Pursuing an undergraduate degree in Computer Science, Information Technology, Data Science, or a related discipline.",synthetic_curated,2026-07-25,"Job Title: React Developer Intern
Company: LogicBloom Labs
Location: Remote, India
Work Mode: Remote
Employment Type: Entry Level
Domain: Frontend Development
Description: LogicBloom Labs is seeking a React Developer Intern for its Frontend Development team, with assignments focused on security operations platform. This entry level opportunity gives candidates practical exposure to HTML, CSS, JavaScript. The candidate will collaborate with engineers, complete scoped technical tasks, and present progress during regular reviews. Posting track 4-11 is tailored to early-career applicants building evidence through coursework, personal projects, or internships.
Responsibilities: Build responsive user interface components; Integrate frontend screens with REST services; Fix UI bugs and improve accessibility; Collaborate with designers and backend developers; Contribute to a scoped assignment involving security operations platform
Required Skills: HTML, CSS, JavaScript, Git
Preferred Skills: React, TypeScript, Responsive Design, REST APIs, Agile
Qualifications: Attention to detail and ownership of assigned tasks; Good written and verbal communication; Willingness to learn unfamiliar technologies
Experience: No prior professional experience required; academic projects are acceptable.
Education: Pursuing an undergraduate degree in Computer Science, Information Technology, Data Science, or a related discipline."
JOB-0048,UI Engineering Intern,OrbitCraft Software,"Remote, India",Remote,Entry Level,Frontend Development,"OrbitCraft Software is seeking a UI Engineering Intern for its Frontend Development team, with assignments focused on data quality pipeline. This entry level opportunity gives candidates practical exposure to HTML, CSS, JavaScript. The candidate will collaborate with engineers, complete scoped technical tasks, and present progress during regular reviews. Posting track 4-12 is tailored to early-career applicants building evidence through coursework, personal projects, or internships.",Build responsive user interface components; Integrate frontend screens with REST services; Fix UI bugs and improve accessibility; Collaborate with designers and backend developers; Contribute to a scoped assignment involving data quality pipeline,"HTML, CSS, JavaScript, Git","React, TypeScript, Responsive Design, REST APIs, Documentation",Strong problem-solving and analytical ability; Ability to work effectively in a team; Basic understanding of software development lifecycle,0–1 years of relevant experience; strong academic or personal projects are valued.,Final-year or pre-final-year undergraduate student in a relevant engineering or computing program.,synthetic_curated,2026-07-27,"Job Title: UI Engineering Intern
Company: OrbitCraft Software
Location: Remote, India
Work Mode: Remote
Employment Type: Entry Level
Domain: Frontend Development
Description: OrbitCraft Software is seeking a UI Engineering Intern for its Frontend Development team, with assignments focused on data quality pipeline. This entry level opportunity gives candidates practical exposure to HTML, CSS, JavaScript. The candidate will collaborate with engineers, complete scoped technical tasks, and present progress during regular reviews. Posting track 4-12 is tailored to early-career applicants building evidence through coursework, personal projects, or internships.
Responsibilities: Build responsive user interface components; Integrate frontend screens with REST services; Fix UI bugs and improve accessibility; Collaborate with designers and backend developers; Contribute to a scoped assignment involving data quality pipeline
Required Skills: HTML, CSS, JavaScript, Git
Preferred Skills: React, TypeScript, Responsive Design, REST APIs, Documentation
Qualifications: Strong problem-solving and analytical ability; Ability to work effectively in a team; Basic understanding of software development lifecycle
Experience: 0–1 years of relevant experience; strong academic or personal projects are valued.
Education: Final-year or pre-final-year undergraduate student in a relevant engineering or computing program."
JOB-0049,Full Stack Developer Intern,SecureArc Systems,"Gurugram, Haryana",On-site,Internship,Full Stack Development,"SecureArc Systems is seeking a Full Stack Developer Intern for its Full Stack Development team, with assignments focused on internal productivity tools. This internship opportunity gives candidates practical exposure to JavaScript, HTML, CSS. The candidate will collaborate with engineers, complete scoped technical tasks, and present progress during regular reviews. Posting track 5-1 is tailored to early-career applicants building evidence through coursework, personal projects, or internships.",Develop features across frontend and backend modules; Connect application screens to APIs and databases; Troubleshoot integration issues; Document features and support test execution; Contribute to a scoped assignment involving internal productivity tools,"JavaScript, HTML, CSS, Git","React, Node.js, MongoDB, REST APIs, Communication",Basic understanding of software development lifecycle; Attention to detail and ownership of assigned tasks; Good written and verbal communication,No prior professional experience required; academic projects are acceptable.,"Pursuing B.E./B.Tech in Computer Science, Information Technology, Electronics, or a related field.",synthetic_curated,2026-07-29,"Job Title: Full Stack Developer Intern
Company: SecureArc Systems
Location: Gurugram, Haryana
Work Mode: On-site
Employment Type: Internship
Domain: Full Stack Development
Description: SecureArc Systems is seeking a Full Stack Developer Intern for its Full Stack Development team, with assignments focused on internal productivity tools. This internship opportunity gives candidates practical exposure to JavaScript, HTML, CSS. The candidate will collaborate with engineers, complete scoped technical tasks, and present progress during regular reviews. Posting track 5-1 is tailored to early-career applicants building evidence through coursework, personal projects, or internships.
Responsibilities: Develop features across frontend and backend modules; Connect application screens to APIs and databases; Troubleshoot integration issues; Document features and support test execution; Contribute to a scoped assignment involving internal productivity tools
Required Skills: JavaScript, HTML, CSS, Git
Preferred Skills: React, Node.js, MongoDB, REST APIs, Communication
Qualifications: Basic understanding of software development lifecycle; Attention to detail and ownership of assigned tasks; Good written and verbal communication
Experience: No prior professional experience required; academic projects are acceptable.
Education: Pursuing B.E./B.Tech in Computer Science, Information Technology, Electronics, or a related field."
JOB-0050,Web Application Intern,AppCrest Technologies,"Noida, Uttar Pradesh",On-site,Internship,Full Stack Development,"AppCrest Technologies is seeking a Web Application Intern for its Full Stack Development team, with assignments focused on customer onboarding platform. This internship opportunity gives candidates practical exposure to JavaScript, HTML, CSS. The candidate will collaborate with engineers, complete scoped technical tasks, and present progress during regular reviews. Posting track 5-2 is tailored to early-career applicants building evidence through coursework, personal projects, or internships.",Develop features across frontend and backend modules; Connect application screens to APIs and databases; Troubleshoot integration issues; Document features and support test execution; Contribute to a scoped assignment involving customer onboarding platform,"JavaScript, HTML, CSS, Git","React, Node.js, MongoDB, REST APIs, Problem Solving",Ability to explain technical decisions clearly; Strong problem-solving and analytical ability; Ability to work effectively in a team,0–1 years of relevant experience; strong academic or personal projects are valued.,"Pursuing an undergraduate degree in Computer Science, Information Technology, Data Science, or a related discipline.",synthetic_curated,2026-07-31,"Job Title: Web Application Intern
Company: AppCrest Technologies
Location: Noida, Uttar Pradesh
Work Mode: On-site
Employment Type: Internship
Domain: Full Stack Development
Description: AppCrest Technologies is seeking a Web Application Intern for its Full Stack Development team, with assignments focused on customer onboarding platform. This internship opportunity gives candidates practical exposure to JavaScript, HTML, CSS. The candidate will collaborate with engineers, complete scoped technical tasks, and present progress during regular reviews. Posting track 5-2 is tailored to early-career applicants building evidence through coursework, personal projects, or internships.
Responsibilities: Develop features across frontend and backend modules; Connect application screens to APIs and databases; Troubleshoot integration issues; Document features and support test execution; Contribute to a scoped assignment involving customer onboarding platform
Required Skills: JavaScript, HTML, CSS, Git
Preferred Skills: React, Node.js, MongoDB, REST APIs, Problem Solving
Qualifications: Ability to explain technical decisions clearly; Strong problem-solving and analytical ability; Ability to work effectively in a team
Experience: 0–1 years of relevant experience; strong academic or personal projects are valued.
Education: Pursuing an undergraduate degree in Computer Science, Information Technology, Data Science, or a related discipline."
JOB-0051,MERN Stack Intern,NovaByte Labs,"Mumbai, Maharashtra",On-site,Internship,Full Stack Development,"NovaByte Labs is seeking a MERN Stack Intern for its Full Stack Development team, with assignments focused on analytics dashboard. This internship opportunity gives candidates practical exposure to JavaScript, HTML, CSS. The candidate will collaborate with engineers, complete scoped technical tasks, and present progress during regular reviews. Posting track 5-3 is tailored to early-career applicants building evidence through coursework, personal projects, or internships.",Develop features across frontend and backend modules; Connect application screens to APIs and databases; Troubleshoot integration issues; Document features and support test execution; Contribute to a scoped assignment involving analytics dashboard,"JavaScript, HTML, CSS, Git","React, Node.js, MongoDB, REST APIs, Agile",Attention to detail and ownership of assigned tasks; Good written and verbal communication; Willingness to learn unfamiliar technologies,Previous internship experience is preferred but not mandatory.,Final-year or pre-final-year undergraduate student in a relevant engineering or computing program.,synthetic_curated,2026-08-02,"Job Title: MERN Stack Intern
Company: NovaByte Labs
Location: Mumbai, Maharashtra
Work Mode: On-site
Employment Type: Internship
Domain: Full Stack Development
Description: NovaByte Labs is seeking a MERN Stack Intern for its Full Stack Development team, with assignments focused on analytics dashboard. This internship opportunity gives candidates practical exposure to JavaScript, HTML, CSS. The candidate will collaborate with engineers, complete scoped technical tasks, and present progress during regular reviews. Posting track 5-3 is tailored to early-career applicants building evidence through coursework, personal projects, or internships.
Responsibilities: Develop features across frontend and backend modules; Connect application screens to APIs and databases; Troubleshoot integration issues; Document features and support test execution; Contribute to a scoped assignment involving analytics dashboard
Required Skills: JavaScript, HTML, CSS, Git
Preferred Skills: React, Node.js, MongoDB, REST APIs, Agile
Qualifications: Attention to detail and ownership of assigned tasks; Good written and verbal communication; Willingness to learn unfamiliar technologies
Experience: Previous internship experience is preferred but not mandatory.
Education: Final-year or pre-final-year undergraduate student in a relevant engineering or computing program."
JOB-0052,Full Stack Developer Intern,PixelForge Systems,"Kochi, Kerala",On-site,Internship,Full Stack Development,"PixelForge Systems is seeking a Full Stack Developer Intern for its Full Stack Development team, with assignments focused on developer tooling. This internship opportunity gives candidates practical exposure to JavaScript, HTML, CSS. The candidate will collaborate with engineers, complete scoped technical tasks, and present progress during regular reviews. Posting track 5-4 is tailored to early-career applicants building evidence through coursework, personal projects, or internships.",Develop features across frontend and backend modules; Connect application screens to APIs and databases; Troubleshoot integration issues; Document features and support test execution; Contribute to a scoped assignment involving developer tooling,"JavaScript, HTML, CSS, Git","React, Node.js, MongoDB, REST APIs, Documentation",Strong problem-solving and analytical ability; Ability to work effectively in a team; Basic understanding of software development lifecycle,Entry-level candidates are welcome; practical coursework or projects are sufficient.,"Bachelor's student in Computer Science, IT, Engineering, Mathematics, Statistics, or a related field.",synthetic_curated,2026-08-04,"Job Title: Full Stack Developer Intern
Company: PixelForge Systems
Location: Kochi, Kerala
Work Mode: On-site
Employment Type: Internship
Domain: Full Stack Development
Description: PixelForge Systems is seeking a Full Stack Developer Intern for its Full Stack Development team, with assignments focused on developer tooling. This internship opportunity gives candidates practical exposure to JavaScript, HTML, CSS. The candidate will collaborate with engineers, complete scoped technical tasks, and present progress during regular reviews. Posting track 5-4 is tailored to early-career applicants building evidence through coursework, personal projects, or internships.
Responsibilities: Develop features across frontend and backend modules; Connect application screens to APIs and databases; Troubleshoot integration issues; Document features and support test execution; Contribute to a scoped assignment involving developer tooling
Required Skills: JavaScript, HTML, CSS, Git
Preferred Skills: React, Node.js, MongoDB, REST APIs, Documentation
Qualifications: Strong problem-solving and analytical ability; Ability to work effectively in a team; Basic understanding of software development lifecycle
Experience: Entry-level candidates are welcome; practical coursework or projects are sufficient.
Education: Bachelor's student in Computer Science, IT, Engineering, Mathematics, Statistics, or a related field."
JOB-0053,Web Application Intern,CloudMint Innovations,"Coimbatore, Tamil Nadu",Hybrid,Internship,Full Stack Development,"CloudMint Innovations is seeking a Web Application Intern for its Full Stack Development team, with assignments focused on workflow automation. This internship opportunity gives candidates practical exposure to JavaScript, HTML, CSS. The candidate will collaborate with engineers, complete scoped technical tasks, and present progress during regular reviews. Posting track 5-5 is tailored to early-career applicants building evidence through coursework, personal projects, or internships.",Develop features across frontend and backend modules; Connect application screens to APIs and databases; Troubleshoot integration issues; Document features and support test execution; Contribute to a scoped assignment involving workflow automation,"JavaScript, HTML, CSS, Git","React, Node.js, MongoDB, REST APIs, Communication",Good written and verbal communication; Willingness to learn unfamiliar technologies; Ability to explain technical decisions clearly,No prior professional experience required; academic projects are acceptable.,"Pursuing B.E./B.Tech in Computer Science, Information Technology, Electronics, or a related field.",synthetic_curated,2026-08-06,"Job Title: Web Application Intern
Company: CloudMint Innovations
Location: Coimbatore, Tamil Nadu
Work Mode: Hybrid
Employment Type: Internship
Domain: Full Stack Development
Description: CloudMint Innovations is seeking a Web Application Intern for its Full Stack Development team, with assignments focused on workflow automation. This internship opportunity gives candidates practical exposure to JavaScript, HTML, CSS. The candidate will collaborate with engineers, complete scoped technical tasks, and present progress during regular reviews. Posting track 5-5 is tailored to early-career applicants building evidence through coursework, personal projects, or internships.
Responsibilities: Develop features across frontend and backend modules; Connect application screens to APIs and databases; Troubleshoot integration issues; Document features and support test execution; Contribute to a scoped assignment involving workflow automation
Required Skills: JavaScript, HTML, CSS, Git
Preferred Skills: React, Node.js, MongoDB, REST APIs, Communication
Qualifications: Good written and verbal communication; Willingness to learn unfamiliar technologies; Ability to explain technical decisions clearly
Experience: No prior professional experience required; academic projects are acceptable.
Education: Pursuing B.E./B.Tech in Computer Science, Information Technology, Electronics, or a related field."
JOB-0054,MERN Stack Intern,QuantumLeaf Technologies,"Ahmedabad, Gujarat",Hybrid,Internship,Full Stack Development,"QuantumLeaf Technologies is seeking a MERN Stack Intern for its Full Stack Development team, with assignments focused on education technology platform. This internship opportunity gives candidates practical exposure to JavaScript, HTML, CSS. The candidate will collaborate with engineers, complete scoped technical tasks, and present progress during regular reviews. Posting track 5-6 is tailored to early-career applicants building evidence through coursework, personal projects, or internships.",Develop features across frontend and backend modules; Connect application screens to APIs and databases; Troubleshoot integration issues; Document features and support test execution; Contribute to a scoped assignment involving education technology platform,"JavaScript, HTML, CSS, Git","React, Node.js, MongoDB, REST APIs, Problem Solving",Ability to work effectively in a team; Basic understanding of software development lifecycle; Attention to detail and ownership of assigned tasks,0–1 years of relevant experience; strong academic or personal projects are valued.,"Pursuing an undergraduate degree in Computer Science, Information Technology, Data Science, or a related discipline.",synthetic_curated,2026-08-08,"Job Title: MERN Stack Intern
Company: QuantumLeaf Technologies
Location: Ahmedabad, Gujarat
Work Mode: Hybrid
Employment Type: Internship
Domain: Full Stack Development
Description: QuantumLeaf Technologies is seeking a MERN Stack Intern for its Full Stack Development team, with assignments focused on education technology platform. This internship opportunity gives candidates practical exposure to JavaScript, HTML, CSS. The candidate will collaborate with engineers, complete scoped technical tasks, and present progress during regular reviews. Posting track 5-6 is tailored to early-career applicants building evidence through coursework, personal projects, or internships.
Responsibilities: Develop features across frontend and backend modules; Connect application screens to APIs and databases; Troubleshoot integration issues; Document features and support test execution; Contribute to a scoped assignment involving education technology platform
Required Skills: JavaScript, HTML, CSS, Git
Preferred Skills: React, Node.js, MongoDB, REST APIs, Problem Solving
Qualifications: Ability to work effectively in a team; Basic understanding of software development lifecycle; Attention to detail and ownership of assigned tasks
Experience: 0–1 years of relevant experience; strong academic or personal projects are valued.
Education: Pursuing an undergraduate degree in Computer Science, Information Technology, Data Science, or a related discipline."
JOB-0055,Full Stack Developer Intern,BrightStack Digital,"Kolkata, West Bengal",Hybrid,Internship,Full Stack Development,"BrightStack Digital is seeking a Full Stack Developer Intern for its Full Stack Development team, with assignments focused on cloud monitoring product. This internship opportunity gives candidates practical exposure to JavaScript, HTML, CSS. The candidate will collaborate with engineers, complete scoped technical tasks, and present progress during regular reviews. Posting track 5-7 is tailored to early-career applicants building evidence through coursework, personal projects, or internships.",Develop features across frontend and backend modules; Connect application screens to APIs and databases; Troubleshoot integration issues; Document features and support test execution; Contribute to a scoped assignment involving cloud monitoring product,"JavaScript, HTML, CSS, Git","React, Node.js, MongoDB, REST APIs, Agile",Willingness to learn unfamiliar technologies; Ability to explain technical decisions clearly; Strong problem-solving and analytical ability,Previous internship experience is preferred but not mandatory.,Final-year or pre-final-year undergraduate student in a relevant engineering or computing program.,synthetic_curated,2026-08-10,"Job Title: Full Stack Developer Intern
Company: BrightStack Digital
Location: Kolkata, West Bengal
Work Mode: Hybrid
Employment Type: Internship
Domain: Full Stack Development
Description: BrightStack Digital is seeking a Full Stack Developer Intern for its Full Stack Development team, with assignments focused on cloud monitoring product. This internship opportunity gives candidates practical exposure to JavaScript, HTML, CSS. The candidate will collaborate with engineers, complete scoped technical tasks, and present progress during regular reviews. Posting track 5-7 is tailored to early-career applicants building evidence through coursework, personal projects, or internships.
Responsibilities: Develop features across frontend and backend modules; Connect application screens to APIs and databases; Troubleshoot integration issues; Document features and support test execution; Contribute to a scoped assignment involving cloud monitoring product
Required Skills: JavaScript, HTML, CSS, Git
Preferred Skills: React, Node.js, MongoDB, REST APIs, Agile
Qualifications: Willingness to learn unfamiliar technologies; Ability to explain technical decisions clearly; Strong problem-solving and analytical ability
Experience: Previous internship experience is preferred but not mandatory.
Education: Final-year or pre-final-year undergraduate student in a relevant engineering or computing program."
JOB-0056,Web Application Intern,AsterWave Technologies,"Hyderabad, Telangana",Hybrid,Internship,Full Stack Development,"AsterWave Technologies is seeking a Web Application Intern for its Full Stack Development team, with assignments focused on security operations platform. This internship opportunity gives candidates practical exposure to JavaScript, HTML, CSS. The candidate will collaborate with engineers, complete scoped technical tasks, and present progress during regular reviews. Posting track 5-8 is tailored to early-career applicants building evidence through coursework, personal projects, or internships.",Develop features across frontend and backend modules; Connect application screens to APIs and databases; Troubleshoot integration issues; Document features and support test execution; Contribute to a scoped assignment involving security operations platform,"JavaScript, HTML, CSS, Git","React, Node.js, MongoDB, REST APIs, Documentation",Basic understanding of software development lifecycle; Attention to detail and ownership of assigned tasks; Good written and verbal communication,Entry-level candidates are welcome; practical coursework or projects are sufficient.,"Bachelor's student in Computer Science, IT, Engineering, Mathematics, Statistics, or a related field.",synthetic_curated,2026-08-12,"Job Title: Web Application Intern
Company: AsterWave Technologies
Location: Hyderabad, Telangana
Work Mode: Hybrid
Employment Type: Internship
Domain: Full Stack Development
Description: AsterWave Technologies is seeking a Web Application Intern for its Full Stack Development team, with assignments focused on security operations platform. This internship opportunity gives candidates practical exposure to JavaScript, HTML, CSS. The candidate will collaborate with engineers, complete scoped technical tasks, and present progress during regular reviews. Posting track 5-8 is tailored to early-career applicants building evidence through coursework, personal projects, or internships.
Responsibilities: Develop features across frontend and backend modules; Connect application screens to APIs and databases; Troubleshoot integration issues; Document features and support test execution; Contribute to a scoped assignment involving security operations platform
Required Skills: JavaScript, HTML, CSS, Git
Preferred Skills: React, Node.js, MongoDB, REST APIs, Documentation
Qualifications: Basic understanding of software development lifecycle; Attention to detail and ownership of assigned tasks; Good written and verbal communication
Experience: Entry-level candidates are welcome; practical coursework or projects are sufficient.
Education: Bachelor's student in Computer Science, IT, Engineering, Mathematics, Statistics, or a related field."
JOB-0057,MERN Stack Intern,TechSprout Solutions,"Remote, India",Remote,Internship,Full Stack Development,"TechSprout Solutions is seeking a MERN Stack Intern for its Full Stack Development team, with assignments focused on data quality pipeline. This internship opportunity gives candidates practical exposure to JavaScript, HTML, CSS. The candidate will collaborate with engineers, complete scoped technical tasks, and present progress during regular reviews. Posting track 5-9 is tailored to early-career applicants building evidence through coursework, personal projects, or internships.",Develop features across frontend and backend modules; Connect application screens to APIs and databases; Troubleshoot integration issues; Document features and support test execution; Contribute to a scoped assignment involving data quality pipeline,"JavaScript, HTML, CSS, Git","React, Node.js, MongoDB, REST APIs, Communication",Ability to explain technical decisions clearly; Strong problem-solving and analytical ability; Ability to work effectively in a team,No prior professional experience required; academic projects are acceptable.,"Pursuing B.E./B.Tech in Computer Science, Information Technology, Electronics, or a related field.",synthetic_curated,2026-08-14,"Job Title: MERN Stack Intern
Company: TechSprout Solutions
Location: Remote, India
Work Mode: Remote
Employment Type: Internship
Domain: Full Stack Development
Description: TechSprout Solutions is seeking a MERN Stack Intern for its Full Stack Development team, with assignments focused on data quality pipeline. This internship opportunity gives candidates practical exposure to JavaScript, HTML, CSS. The candidate will collaborate with engineers, complete scoped technical tasks, and present progress during regular reviews. Posting track 5-9 is tailored to early-career applicants building evidence through coursework, personal projects, or internships.
Responsibilities: Develop features across frontend and backend modules; Connect application screens to APIs and databases; Troubleshoot integration issues; Document features and support test execution; Contribute to a scoped assignment involving data quality pipeline
Required Skills: JavaScript, HTML, CSS, Git
Preferred Skills: React, Node.js, MongoDB, REST APIs, Communication
Qualifications: Ability to explain technical decisions clearly; Strong problem-solving and analytical ability; Ability to work effectively in a team
Experience: No prior professional experience required; academic projects are acceptable.
Education: Pursuing B.E./B.Tech in Computer Science, Information Technology, Electronics, or a related field."
JOB-0058,Full Stack Developer Intern,DeepRiver Analytics,"Remote, India",Remote,Internship,Full Stack Development,"DeepRiver Analytics is seeking a Full Stack Developer Intern for its Full Stack Development team, with assignments focused on mobile-first user experience. This internship opportunity gives candidates practical exposure to JavaScript, HTML, CSS. The candidate will collaborate with engineers, complete scoped technical tasks, and present progress during regular reviews. Posting track 5-10 is tailored to early-career applicants building evidence through coursework, personal projects, or internships.",Develop features across frontend and backend modules; Connect application screens to APIs and databases; Troubleshoot integration issues; Document features and support test execution; Contribute to a scoped assignment involving mobile-first user experience,"JavaScript, HTML, CSS, Git","React, Node.js, MongoDB, REST APIs, Problem Solving",Attention to detail and ownership of assigned tasks; Good written and verbal communication; Willingness to learn unfamiliar technologies,0–1 years of relevant experience; strong academic or personal projects are valued.,"Pursuing an undergraduate degree in Computer Science, Information Technology, Data Science, or a related discipline.",synthetic_curated,2026-08-16,"Job Title: Full Stack Developer Intern
Company: DeepRiver Analytics
Location: Remote, India
Work Mode: Remote
Employment Type: Internship
Domain: Full Stack Development
Description: DeepRiver Analytics is seeking a Full Stack Developer Intern for its Full Stack Development team, with assignments focused on mobile-first user experience. This internship opportunity gives candidates practical exposure to JavaScript, HTML, CSS. The candidate will collaborate with engineers, complete scoped technical tasks, and present progress during regular reviews. Posting track 5-10 is tailored to early-career applicants building evidence through coursework, personal projects, or internships.
Responsibilities: Develop features across frontend and backend modules; Connect application screens to APIs and databases; Troubleshoot integration issues; Document features and support test execution; Contribute to a scoped assignment involving mobile-first user experience
Required Skills: JavaScript, HTML, CSS, Git
Preferred Skills: React, Node.js, MongoDB, REST APIs, Problem Solving
Qualifications: Attention to detail and ownership of assigned tasks; Good written and verbal communication; Willingness to learn unfamiliar technologies
Experience: 0–1 years of relevant experience; strong academic or personal projects are valued.
Education: Pursuing an undergraduate degree in Computer Science, Information Technology, Data Science, or a related discipline."
JOB-0059,Web Application Intern,SignalPeak Systems,"Remote, India",Remote,Entry Level,Full Stack Development,"SignalPeak Systems is seeking a Web Application Intern for its Full Stack Development team, with assignments focused on enterprise reporting solution. This entry level opportunity gives candidates practical exposure to JavaScript, HTML, CSS. The candidate will collaborate with engineers, complete scoped technical tasks, and present progress during regular reviews. Posting track 5-11 is tailored to early-career applicants building evidence through coursework, personal projects, or internships.",Develop features across frontend and backend modules; Connect application screens to APIs and databases; Troubleshoot integration issues; Document features and support test execution; Contribute to a scoped assignment involving enterprise reporting solution,"JavaScript, HTML, CSS, Git","React, Node.js, MongoDB, REST APIs, Agile",Strong problem-solving and analytical ability; Ability to work effectively in a team; Basic understanding of software development lifecycle,Previous internship experience is preferred but not mandatory.,Final-year or pre-final-year undergraduate student in a relevant engineering or computing program.,synthetic_curated,2026-08-18,"Job Title: Web Application Intern
Company: SignalPeak Systems
Location: Remote, India
Work Mode: Remote
Employment Type: Entry Level
Domain: Full Stack Development
Description: SignalPeak Systems is seeking a Web Application Intern for its Full Stack Development team, with assignments focused on enterprise reporting solution. This entry level opportunity gives candidates practical exposure to JavaScript, HTML, CSS. The candidate will collaborate with engineers, complete scoped technical tasks, and present progress during regular reviews. Posting track 5-11 is tailored to early-career applicants building evidence through coursework, personal projects, or internships.
Responsibilities: Develop features across frontend and backend modules; Connect application screens to APIs and databases; Troubleshoot integration issues; Document features and support test execution; Contribute to a scoped assignment involving enterprise reporting solution
Required Skills: JavaScript, HTML, CSS, Git
Preferred Skills: React, Node.js, MongoDB, REST APIs, Agile
Qualifications: Strong problem-solving and analytical ability; Ability to work effectively in a team; Basic understanding of software development lifecycle
Experience: Previous internship experience is preferred but not mandatory.
Education: Final-year or pre-final-year undergraduate student in a relevant engineering or computing program."
JOB-0060,MERN Stack Intern,SkyLattice Labs,"Remote, India",Remote,Entry Level,Full Stack Development,"SkyLattice Labs is seeking a MERN Stack Intern for its Full Stack Development team, with assignments focused on API integration layer. This entry level opportunity gives candidates practical exposure to JavaScript, HTML, CSS. The candidate will collaborate with engineers, complete scoped technical tasks, and present progress during regular reviews. Posting track 5-12 is tailored to early-career applicants building evidence through coursework, personal projects, or internships.",Develop features across frontend and backend modules; Connect application screens to APIs and databases; Troubleshoot integration issues; Document features and support test execution; Contribute to a scoped assignment involving API integration layer,"JavaScript, HTML, CSS, Git","React, Node.js, MongoDB, REST APIs, Documentation",Good written and verbal communication; Willingness to learn unfamiliar technologies; Ability to explain technical decisions clearly,Entry-level candidates are welcome; practical coursework or projects are sufficient.,"Bachelor's student in Computer Science, IT, Engineering, Mathematics, Statistics, or a related field.",synthetic_curated,2026-08-20,"Job Title: MERN Stack Intern
Company: SkyLattice Labs
Location: Remote, India
Work Mode: Remote
Employment Type: Entry Level
Domain: Full Stack Development
Description: SkyLattice Labs is seeking a MERN Stack Intern for its Full Stack Development team, with assignments focused on API integration layer. This entry level opportunity gives candidates practical exposure to JavaScript, HTML, CSS. The candidate will collaborate with engineers, complete scoped technical tasks, and present progress during regular reviews. Posting track 5-12 is tailored to early-career applicants building evidence through coursework, personal projects, or internships.
Responsibilities: Develop features across frontend and backend modules; Connect application screens to APIs and databases; Troubleshoot integration issues; Document features and support test execution; Contribute to a scoped assignment involving API integration layer
Required Skills: JavaScript, HTML, CSS, Git
Preferred Skills: React, Node.js, MongoDB, REST APIs, Documentation
Qualifications: Good written and verbal communication; Willingness to learn unfamiliar technologies; Ability to explain technical decisions clearly
Experience: Entry-level candidates are welcome; practical coursework or projects are sufficient.
Education: Bachelor's student in Computer Science, IT, Engineering, Mathematics, Statistics, or a related field."
JOB-0061,Data Science Intern,BlueOrbit Technologies,"Noida, Uttar Pradesh",On-site,Internship,Data Science,"BlueOrbit Technologies is seeking a Data Science Intern for its Data Science team, with assignments focused on developer tooling. This internship opportunity gives candidates practical exposure to Python, Pandas, Statistics. The candidate will collaborate with engineers, complete scoped technical tasks, and present progress during regular reviews. Posting track 6-1 is tailored to early-career applicants building evidence through coursework, personal projects, or internships.",Clean and analyze structured datasets; Build baseline predictive models; Create exploratory analysis and visualizations; Communicate findings through concise reports; Contribute to a scoped assignment involving developer tooling,"Python, Pandas, Statistics, SQL","NumPy, Scikit-learn, Matplotlib, Jupyter, Communication",Ability to explain technical decisions clearly; Strong problem-solving and analytical ability; Ability to work effectively in a team,Previous internship experience is preferred but not mandatory.,"Pursuing an undergraduate degree in Computer Science, Information Technology, Data Science, or a related discipline.",synthetic_curated,2026-08-22,"Job Title: Data Science Intern
Company: BlueOrbit Technologies
Location: Noida, Uttar Pradesh
Work Mode: On-site
Employment Type: Internship
Domain: Data Science
Description: BlueOrbit Technologies is seeking a Data Science Intern for its Data Science team, with assignments focused on developer tooling. This internship opportunity gives candidates practical exposure to Python, Pandas, Statistics. The candidate will collaborate with engineers, complete scoped technical tasks, and present progress during regular reviews. Posting track 6-1 is tailored to early-career applicants building evidence through coursework, personal projects, or internships.
Responsibilities: Clean and analyze structured datasets; Build baseline predictive models; Create exploratory analysis and visualizations; Communicate findings through concise reports; Contribute to a scoped assignment involving developer tooling
Required Skills: Python, Pandas, Statistics, SQL
Preferred Skills: NumPy, Scikit-learn, Matplotlib, Jupyter, Communication
Qualifications: Ability to explain technical decisions clearly; Strong problem-solving and analytical ability; Ability to work effectively in a team
Experience: Previous internship experience is preferred but not mandatory.
Education: Pursuing an undergraduate degree in Computer Science, Information Technology, Data Science, or a related discipline."
JOB-0062,Junior Data Science Intern,DataNest Solutions,"Mumbai, Maharashtra",On-site,Internship,Data Science,"DataNest Solutions is seeking a Junior Data Science Intern for its Data Science team, with assignments focused on workflow automation. This internship opportunity gives candidates practical exposure to Python, Pandas, Statistics. The candidate will collaborate with engineers, complete scoped technical tasks, and present progress during regular reviews. Posting track 6-2 is tailored to early-career applicants building evidence through coursework, personal projects, or internships.",Clean and analyze structured datasets; Build baseline predictive models; Create exploratory analysis and visualizations; Communicate findings through concise reports; Contribute to a scoped assignment involving workflow automation,"Python, Pandas, Statistics, SQL","NumPy, Scikit-learn, Matplotlib, Jupyter, Problem Solving",Attention to detail and ownership of assigned tasks; Good written and verbal communication; Willingness to learn unfamiliar technologies,Entry-level candidates are welcome; practical coursework or projects are sufficient.,Final-year or pre-final-year undergraduate student in a relevant engineering or computing program.,synthetic_curated,2026-08-24,"Job Title: Junior Data Science Intern
Company: DataNest Solutions
Location: Mumbai, Maharashtra
Work Mode: On-site
Employment Type: Internship
Domain: Data Science
Description: DataNest Solutions is seeking a Junior Data Science Intern for its Data Science team, with assignments focused on workflow automation. This internship opportunity gives candidates practical exposure to Python, Pandas, Statistics. The candidate will collaborate with engineers, complete scoped technical tasks, and present progress during regular reviews. Posting track 6-2 is tailored to early-career applicants building evidence through coursework, personal projects, or internships.
Responsibilities: Clean and analyze structured datasets; Build baseline predictive models; Create exploratory analysis and visualizations; Communicate findings through concise reports; Contribute to a scoped assignment involving workflow automation
Required Skills: Python, Pandas, Statistics, SQL
Preferred Skills: NumPy, Scikit-learn, Matplotlib, Jupyter, Problem Solving
Qualifications: Attention to detail and ownership of assigned tasks; Good written and verbal communication; Willingness to learn unfamiliar technologies
Experience: Entry-level candidates are welcome; practical coursework or projects are sufficient.
Education: Final-year or pre-final-year undergraduate student in a relevant engineering or computing program."
JOB-0063,Data Analytics and ML Intern,VertexLoop Software,"Kochi, Kerala",On-site,Internship,Data Science,"VertexLoop Software is seeking a Data Analytics and ML Intern for its Data Science team, with assignments focused on education technology platform. This internship opportunity gives candidates practical exposure to Python, Pandas, Statistics. The candidate will collaborate with engineers, complete scoped technical tasks, and present progress during regular reviews. Posting track 6-3 is tailored to early-career applicants building evidence through coursework, personal projects, or internships.",Clean and analyze structured datasets; Build baseline predictive models; Create exploratory analysis and visualizations; Communicate findings through concise reports; Contribute to a scoped assignment involving education technology platform,"Python, Pandas, Statistics, SQL","NumPy, Scikit-learn, Matplotlib, Jupyter, Agile",Strong problem-solving and analytical ability; Ability to work effectively in a team; Basic understanding of software development lifecycle,No prior professional experience required; academic projects are acceptable.,"Bachelor's student in Computer Science, IT, Engineering, Mathematics, Statistics, or a related field.",synthetic_curated,2026-08-26,"Job Title: Data Analytics and ML Intern
Company: VertexLoop Software
Location: Kochi, Kerala
Work Mode: On-site
Employment Type: Internship
Domain: Data Science
Description: VertexLoop Software is seeking a Data Analytics and ML Intern for its Data Science team, with assignments focused on education technology platform. This internship opportunity gives candidates practical exposure to Python, Pandas, Statistics. The candidate will collaborate with engineers, complete scoped technical tasks, and present progress during regular reviews. Posting track 6-3 is tailored to early-career applicants building evidence through coursework, personal projects, or internships.
Responsibilities: Clean and analyze structured datasets; Build baseline predictive models; Create exploratory analysis and visualizations; Communicate findings through concise reports; Contribute to a scoped assignment involving education technology platform
Required Skills: Python, Pandas, Statistics, SQL
Preferred Skills: NumPy, Scikit-learn, Matplotlib, Jupyter, Agile
Qualifications: Strong problem-solving and analytical ability; Ability to work effectively in a team; Basic understanding of software development lifecycle
Experience: No prior professional experience required; academic projects are acceptable.
Education: Bachelor's student in Computer Science, IT, Engineering, Mathematics, Statistics, or a related field."
JOB-0064,Data Science Intern,CodeHarbor Labs,"Coimbatore, Tamil Nadu",On-site,Internship,Data Science,"CodeHarbor Labs is seeking a Data Science Intern for its Data Science team, with assignments focused on cloud monitoring product. This internship opportunity gives candidates practical exposure to Python, Pandas, Statistics. The candidate will collaborate with engineers, complete scoped technical tasks, and present progress during regular reviews. Posting track 6-4 is tailored to early-career applicants building evidence through coursework, personal projects, or internships.",Clean and analyze structured datasets; Build baseline predictive models; Create exploratory analysis and visualizations; Communicate findings through concise reports; Contribute to a scoped assignment involving cloud monitoring product,"Python, Pandas, Statistics, SQL","NumPy, Scikit-learn, Matplotlib, Jupyter, Documentation",Good written and verbal communication; Willingness to learn unfamiliar technologies; Ability to explain technical decisions clearly,0–1 years of relevant experience; strong academic or personal projects are valued.,"Pursuing B.E./B.Tech in Computer Science, Information Technology, Electronics, or a related field.",synthetic_curated,2026-08-28,"Job Title: Data Science Intern
Company: CodeHarbor Labs
Location: Coimbatore, Tamil Nadu
Work Mode: On-site
Employment Type: Internship
Domain: Data Science
Description: CodeHarbor Labs is seeking a Data Science Intern for its Data Science team, with assignments focused on cloud monitoring product. This internship opportunity gives candidates practical exposure to Python, Pandas, Statistics. The candidate will collaborate with engineers, complete scoped technical tasks, and present progress during regular reviews. Posting track 6-4 is tailored to early-career applicants building evidence through coursework, personal projects, or internships.
Responsibilities: Clean and analyze structured datasets; Build baseline predictive models; Create exploratory analysis and visualizations; Communicate findings through concise reports; Contribute to a scoped assignment involving cloud monitoring product
Required Skills: Python, Pandas, Statistics, SQL
Preferred Skills: NumPy, Scikit-learn, Matplotlib, Jupyter, Documentation
Qualifications: Good written and verbal communication; Willingness to learn unfamiliar technologies; Ability to explain technical decisions clearly
Experience: 0–1 years of relevant experience; strong academic or personal projects are valued.
Education: Pursuing B.E./B.Tech in Computer Science, Information Technology, Electronics, or a related field."
JOB-0065,Junior Data Science Intern,NexaGrid Systems,"Ahmedabad, Gujarat",Hybrid,Internship,Data Science,"NexaGrid Systems is seeking a Junior Data Science Intern for its Data Science team, with assignments focused on security operations platform. This internship opportunity gives candidates practical exposure to Python, Pandas, Statistics. The candidate will collaborate with engineers, complete scoped technical tasks, and present progress during regular reviews. Posting track 6-5 is tailored to early-career applicants building evidence through coursework, personal projects, or internships.",Clean and analyze structured datasets; Build baseline predictive models; Create exploratory analysis and visualizations; Communicate findings through concise reports; Contribute to a scoped assignment involving security operations platform,"Python, Pandas, Statistics, SQL","NumPy, Scikit-learn, Matplotlib, Jupyter, Communication",Ability to work effectively in a team; Basic understanding of software development lifecycle; Attention to detail and ownership of assigned tasks,Previous internship experience is preferred but not mandatory.,"Pursuing an undergraduate degree in Computer Science, Information Technology, Data Science, or a related discipline.",synthetic_curated,2026-08-30,"Job Title: Junior Data Science Intern
Company: NexaGrid Systems
Location: Ahmedabad, Gujarat
Work Mode: Hybrid
Employment Type: Internship
Domain: Data Science
Description: NexaGrid Systems is seeking a Junior Data Science Intern for its Data Science team, with assignments focused on security operations platform. This internship opportunity gives candidates practical exposure to Python, Pandas, Statistics. The candidate will collaborate with engineers, complete scoped technical tasks, and present progress during regular reviews. Posting track 6-5 is tailored to early-career applicants building evidence through coursework, personal projects, or internships.
Responsibilities: Clean and analyze structured datasets; Build baseline predictive models; Create exploratory analysis and visualizations; Communicate findings through concise reports; Contribute to a scoped assignment involving security operations platform
Required Skills: Python, Pandas, Statistics, SQL
Preferred Skills: NumPy, Scikit-learn, Matplotlib, Jupyter, Communication
Qualifications: Ability to work effectively in a team; Basic understanding of software development lifecycle; Attention to detail and ownership of assigned tasks
Experience: Previous internship experience is preferred but not mandatory.
Education: Pursuing an undergraduate degree in Computer Science, Information Technology, Data Science, or a related discipline."
JOB-0066,Data Analytics and ML Intern,LogicBloom Labs,"Kolkata, West Bengal",Hybrid,Internship,Data Science,"LogicBloom Labs is seeking a Data Analytics and ML Intern for its Data Science team, with assignments focused on data quality pipeline. This internship opportunity gives candidates practical exposure to Python, Pandas, Statistics. The candidate will collaborate with engineers, complete scoped technical tasks, and present progress during regular reviews. Posting track 6-6 is tailored to early-career applicants building evidence through coursework, personal projects, or internships.",Clean and analyze structured datasets; Build baseline predictive models; Create exploratory analysis and visualizations; Communicate findings through concise reports; Contribute to a scoped assignment involving data quality pipeline,"Python, Pandas, Statistics, SQL","NumPy, Scikit-learn, Matplotlib, Jupyter, Problem Solving",Willingness to learn unfamiliar technologies; Ability to explain technical decisions clearly; Strong problem-solving and analytical ability,Entry-level candidates are welcome; practical coursework or projects are sufficient.,Final-year or pre-final-year undergraduate student in a relevant engineering or computing program.,synthetic_curated,2026-09-01,"Job Title: Data Analytics and ML Intern
Company: LogicBloom Labs
Location: Kolkata, West Bengal
Work Mode: Hybrid
Employment Type: Internship
Domain: Data Science
Description: LogicBloom Labs is seeking a Data Analytics and ML Intern for its Data Science team, with assignments focused on data quality pipeline. This internship opportunity gives candidates practical exposure to Python, Pandas, Statistics. The candidate will collaborate with engineers, complete scoped technical tasks, and present progress during regular reviews. Posting track 6-6 is tailored to early-career applicants building evidence through coursework, personal projects, or internships.
Responsibilities: Clean and analyze structured datasets; Build baseline predictive models; Create exploratory analysis and visualizations; Communicate findings through concise reports; Contribute to a scoped assignment involving data quality pipeline
Required Skills: Python, Pandas, Statistics, SQL
Preferred Skills: NumPy, Scikit-learn, Matplotlib, Jupyter, Problem Solving
Qualifications: Willingness to learn unfamiliar technologies; Ability to explain technical decisions clearly; Strong problem-solving and analytical ability
Experience: Entry-level candidates are welcome; practical coursework or projects are sufficient.
Education: Final-year or pre-final-year undergraduate student in a relevant engineering or computing program."
JOB-0067,Data Science Intern,OrbitCraft Software,"Hyderabad, Telangana",Hybrid,Internship,Data Science,"OrbitCraft Software is seeking a Data Science Intern for its Data Science team, with assignments focused on mobile-first user experience. This internship opportunity gives candidates practical exposure to Python, Pandas, Statistics. The candidate will collaborate with engineers, complete scoped technical tasks, and present progress during regular reviews. Posting track 6-7 is tailored to early-career applicants building evidence through coursework, personal projects, or internships.",Clean and analyze structured datasets; Build baseline predictive models; Create exploratory analysis and visualizations; Communicate findings through concise reports; Contribute to a scoped assignment involving mobile-first user experience,"Python, Pandas, Statistics, SQL","NumPy, Scikit-learn, Matplotlib, Jupyter, Agile",Basic understanding of software development lifecycle; Attention to detail and ownership of assigned tasks; Good written and verbal communication,No prior professional experience required; academic projects are acceptable.,"Bachelor's student in Computer Science, IT, Engineering, Mathematics, Statistics, or a related field.",synthetic_curated,2026-09-03,"Job Title: Data Science Intern
Company: OrbitCraft Software
Location: Hyderabad, Telangana
Work Mode: Hybrid
Employment Type: Internship
Domain: Data Science
Description: OrbitCraft Software is seeking a Data Science Intern for its Data Science team, with assignments focused on mobile-first user experience. This internship opportunity gives candidates practical exposure to Python, Pandas, Statistics. The candidate will collaborate with engineers, complete scoped technical tasks, and present progress during regular reviews. Posting track 6-7 is tailored to early-career applicants building evidence through coursework, personal projects, or internships.
Responsibilities: Clean and analyze structured datasets; Build baseline predictive models; Create exploratory analysis and visualizations; Communicate findings through concise reports; Contribute to a scoped assignment involving mobile-first user experience
Required Skills: Python, Pandas, Statistics, SQL
Preferred Skills: NumPy, Scikit-learn, Matplotlib, Jupyter, Agile
Qualifications: Basic understanding of software development lifecycle; Attention to detail and ownership of assigned tasks; Good written and verbal communication
Experience: No prior professional experience required; academic projects are acceptable.
Education: Bachelor's student in Computer Science, IT, Engineering, Mathematics, Statistics, or a related field."
JOB-0068,Junior Data Science Intern,CoreVista Technologies,"Bengaluru, Karnataka",Hybrid,Internship,Data Science,"CoreVista Technologies is seeking a Junior Data Science Intern for its Data Science team, with assignments focused on enterprise reporting solution. This internship opportunity gives candidates practical exposure to Python, Pandas, Statistics. The candidate will collaborate with engineers, complete scoped technical tasks, and present progress during regular reviews. Posting track 6-8 is tailored to early-career applicants building evidence through coursework, personal projects, or internships.",Clean and analyze structured datasets; Build baseline predictive models; Create exploratory analysis and visualizations; Communicate findings through concise reports; Contribute to a scoped assignment involving enterprise reporting solution,"Python, Pandas, Statistics, SQL","NumPy, Scikit-learn, Matplotlib, Jupyter, Documentation",Ability to explain technical decisions clearly; Strong problem-solving and analytical ability; Ability to work effectively in a team,0–1 years of relevant experience; strong academic or personal projects are valued.,"Pursuing B.E./B.Tech in Computer Science, Information Technology, Electronics, or a related field.",synthetic_curated,2026-09-05,"Job Title: Junior Data Science Intern
Company: CoreVista Technologies
Location: Bengaluru, Karnataka
Work Mode: Hybrid
Employment Type: Internship
Domain: Data Science
Description: CoreVista Technologies is seeking a Junior Data Science Intern for its Data Science team, with assignments focused on enterprise reporting solution. This internship opportunity gives candidates practical exposure to Python, Pandas, Statistics. The candidate will collaborate with engineers, complete scoped technical tasks, and present progress during regular reviews. Posting track 6-8 is tailored to early-career applicants building evidence through coursework, personal projects, or internships.
Responsibilities: Clean and analyze structured datasets; Build baseline predictive models; Create exploratory analysis and visualizations; Communicate findings through concise reports; Contribute to a scoped assignment involving enterprise reporting solution
Required Skills: Python, Pandas, Statistics, SQL
Preferred Skills: NumPy, Scikit-learn, Matplotlib, Jupyter, Documentation
Qualifications: Ability to explain technical decisions clearly; Strong problem-solving and analytical ability; Ability to work effectively in a team
Experience: 0–1 years of relevant experience; strong academic or personal projects are valued.
Education: Pursuing B.E./B.Tech in Computer Science, Information Technology, Electronics, or a related field."
JOB-0069,Data Analytics and ML Intern,ByteBridge Innovations,"Remote, India",Remote,Internship,Data Science,"ByteBridge Innovations is seeking a Data Analytics and ML Intern for its Data Science team, with assignments focused on API integration layer. This internship opportunity gives candidates practical exposure to Python, Pandas, Statistics. The candidate will collaborate with engineers, complete scoped technical tasks, and present progress during regular reviews. Posting track 6-9 is tailored to early-career applicants building evidence through coursework, personal projects, or internships.",Clean and analyze structured datasets; Build baseline predictive models; Create exploratory analysis and visualizations; Communicate findings through concise reports; Contribute to a scoped assignment involving API integration layer,"Python, Pandas, Statistics, SQL","NumPy, Scikit-learn, Matplotlib, Jupyter, Communication",Attention to detail and ownership of assigned tasks; Good written and verbal communication; Willingness to learn unfamiliar technologies,Previous internship experience is preferred but not mandatory.,"Pursuing an undergraduate degree in Computer Science, Information Technology, Data Science, or a related discipline.",synthetic_curated,2026-09-07,"Job Title: Data Analytics and ML Intern
Company: ByteBridge Innovations
Location: Remote, India
Work Mode: Remote
Employment Type: Internship
Domain: Data Science
Description: ByteBridge Innovations is seeking a Data Analytics and ML Intern for its Data Science team, with assignments focused on API integration layer. This internship opportunity gives candidates practical exposure to Python, Pandas, Statistics. The candidate will collaborate with engineers, complete scoped technical tasks, and present progress during regular reviews. Posting track 6-9 is tailored to early-career applicants building evidence through coursework, personal projects, or internships.
Responsibilities: Clean and analyze structured datasets; Build baseline predictive models; Create exploratory analysis and visualizations; Communicate findings through concise reports; Contribute to a scoped assignment involving API integration layer
Required Skills: Python, Pandas, Statistics, SQL
Preferred Skills: NumPy, Scikit-learn, Matplotlib, Jupyter, Communication
Qualifications: Attention to detail and ownership of assigned tasks; Good written and verbal communication; Willingness to learn unfamiliar technologies
Experience: Previous internship experience is preferred but not mandatory.
Education: Pursuing an undergraduate degree in Computer Science, Information Technology, Data Science, or a related discipline."
JOB-0070,Data Science Intern,InfraNova Technologies,"Remote, India",Remote,Internship,Data Science,"InfraNova Technologies is seeking a Data Science Intern for its Data Science team, with assignments focused on internal productivity tools. This internship opportunity gives candidates practical exposure to Python, Pandas, Statistics. The candidate will collaborate with engineers, complete scoped technical tasks, and present progress during regular reviews. Posting track 6-10 is tailored to early-career applicants building evidence through coursework, personal projects, or internships.",Clean and analyze structured datasets; Build baseline predictive models; Create exploratory analysis and visualizations; Communicate findings through concise reports; Contribute to a scoped assignment involving internal productivity tools,"Python, Pandas, Statistics, SQL","NumPy, Scikit-learn, Matplotlib, Jupyter, Problem Solving",Strong problem-solving and analytical ability; Ability to work effectively in a team; Basic understanding of software development lifecycle,Entry-level candidates are welcome; practical coursework or projects are sufficient.,Final-year or pre-final-year undergraduate student in a relevant engineering or computing program.,synthetic_curated,2026-07-01,"Job Title: Data Science Intern
Company: InfraNova Technologies
Location: Remote, India
Work Mode: Remote
Employment Type: Internship
Domain: Data Science
Description: InfraNova Technologies is seeking a Data Science Intern for its Data Science team, with assignments focused on internal productivity tools. This internship opportunity gives candidates practical exposure to Python, Pandas, Statistics. The candidate will collaborate with engineers, complete scoped technical tasks, and present progress during regular reviews. Posting track 6-10 is tailored to early-career applicants building evidence through coursework, personal projects, or internships.
Responsibilities: Clean and analyze structured datasets; Build baseline predictive models; Create exploratory analysis and visualizations; Communicate findings through concise reports; Contribute to a scoped assignment involving internal productivity tools
Required Skills: Python, Pandas, Statistics, SQL
Preferred Skills: NumPy, Scikit-learn, Matplotlib, Jupyter, Problem Solving
Qualifications: Strong problem-solving and analytical ability; Ability to work effectively in a team; Basic understanding of software development lifecycle
Experience: Entry-level candidates are welcome; practical coursework or projects are sufficient.
Education: Final-year or pre-final-year undergraduate student in a relevant engineering or computing program."
JOB-0071,Junior Data Science Intern,InsightMesh Analytics,"Remote, India",Remote,Entry Level,Data Science,"InsightMesh Analytics is seeking a Junior Data Science Intern for its Data Science team, with assignments focused on customer onboarding platform. This entry level opportunity gives candidates practical exposure to Python, Pandas, Statistics. The candidate will collaborate with engineers, complete scoped technical tasks, and present progress during regular reviews. Posting track 6-11 is tailored to early-career applicants building evidence through coursework, personal projects, or internships.",Clean and analyze structured datasets; Build baseline predictive models; Create exploratory analysis and visualizations; Communicate findings through concise reports; Contribute to a scoped assignment involving customer onboarding platform,"Python, Pandas, Statistics, SQL","NumPy, Scikit-learn, Matplotlib, Jupyter, Agile",Good written and verbal communication; Willingness to learn unfamiliar technologies; Ability to explain technical decisions clearly,No prior professional experience required; academic projects are acceptable.,"Bachelor's student in Computer Science, IT, Engineering, Mathematics, Statistics, or a related field.",synthetic_curated,2026-07-03,"Job Title: Junior Data Science Intern
Company: InsightMesh Analytics
Location: Remote, India
Work Mode: Remote
Employment Type: Entry Level
Domain: Data Science
Description: InsightMesh Analytics is seeking a Junior Data Science Intern for its Data Science team, with assignments focused on customer onboarding platform. This entry level opportunity gives candidates practical exposure to Python, Pandas, Statistics. The candidate will collaborate with engineers, complete scoped technical tasks, and present progress during regular reviews. Posting track 6-11 is tailored to early-career applicants building evidence through coursework, personal projects, or internships.
Responsibilities: Clean and analyze structured datasets; Build baseline predictive models; Create exploratory analysis and visualizations; Communicate findings through concise reports; Contribute to a scoped assignment involving customer onboarding platform
Required Skills: Python, Pandas, Statistics, SQL
Preferred Skills: NumPy, Scikit-learn, Matplotlib, Jupyter, Agile
Qualifications: Good written and verbal communication; Willingness to learn unfamiliar technologies; Ability to explain technical decisions clearly
Experience: No prior professional experience required; academic projects are acceptable.
Education: Bachelor's student in Computer Science, IT, Engineering, Mathematics, Statistics, or a related field."
JOB-0072,Data Analytics and ML Intern,DevSphere Labs,"Remote, India",Remote,Entry Level,Data Science,"DevSphere Labs is seeking a Data Analytics and ML Intern for its Data Science team, with assignments focused on analytics dashboard. This entry level opportunity gives candidates practical exposure to Python, Pandas, Statistics. The candidate will collaborate with engineers, complete scoped technical tasks, and present progress during regular reviews. Posting track 6-12 is tailored to early-career applicants building evidence through coursework, personal projects, or internships.",Clean and analyze structured datasets; Build baseline predictive models; Create exploratory analysis and visualizations; Communicate findings through concise reports; Contribute to a scoped assignment involving analytics dashboard,"Python, Pandas, Statistics, SQL","NumPy, Scikit-learn, Matplotlib, Jupyter, Documentation",Ability to work effectively in a team; Basic understanding of software development lifecycle; Attention to detail and ownership of assigned tasks,0–1 years of relevant experience; strong academic or personal projects are valued.,"Pursuing B.E./B.Tech in Computer Science, Information Technology, Electronics, or a related field.",synthetic_curated,2026-07-05,"Job Title: Data Analytics and ML Intern
Company: DevSphere Labs
Location: Remote, India
Work Mode: Remote
Employment Type: Entry Level
Domain: Data Science
Description: DevSphere Labs is seeking a Data Analytics and ML Intern for its Data Science team, with assignments focused on analytics dashboard. This entry level opportunity gives candidates practical exposure to Python, Pandas, Statistics. The candidate will collaborate with engineers, complete scoped technical tasks, and present progress during regular reviews. Posting track 6-12 is tailored to early-career applicants building evidence through coursework, personal projects, or internships.
Responsibilities: Clean and analyze structured datasets; Build baseline predictive models; Create exploratory analysis and visualizations; Communicate findings through concise reports; Contribute to a scoped assignment involving analytics dashboard
Required Skills: Python, Pandas, Statistics, SQL
Preferred Skills: NumPy, Scikit-learn, Matplotlib, Jupyter, Documentation
Qualifications: Ability to work effectively in a team; Basic understanding of software development lifecycle; Attention to detail and ownership of assigned tasks
Experience: 0–1 years of relevant experience; strong academic or personal projects are valued.
Education: Pursuing B.E./B.Tech in Computer Science, Information Technology, Electronics, or a related field."
JOB-0073,Machine Learning Intern,QuantumLeaf Technologies,"Mumbai, Maharashtra",On-site,Internship,Machine Learning,"QuantumLeaf Technologies is seeking a Machine Learning Intern for its Machine Learning team, with assignments focused on cloud monitoring product. This internship opportunity gives candidates practical exposure to Python, Machine Learning, NumPy. The candidate will collaborate with engineers, complete scoped technical tasks, and present progress during regular reviews. Posting track 7-1 is tailored to early-career applicants building evidence through coursework, personal projects, or internships.",Prepare datasets for model training; Train and evaluate machine-learning models; Compare model performance using suitable metrics; Document experiments and model limitations; Contribute to a scoped assignment involving cloud monitoring product,"Python, Machine Learning, NumPy, Pandas","Scikit-learn, TensorFlow, PyTorch, Model Evaluation, Communication",Attention to detail and ownership of assigned tasks; Good written and verbal communication; Willingness to learn unfamiliar technologies,No prior professional experience required; academic projects are acceptable.,Final-year or pre-final-year undergraduate student in a relevant engineering or computing program.,synthetic_curated,2026-07-07,"Job Title: Machine Learning Intern
Company: QuantumLeaf Technologies
Location: Mumbai, Maharashtra
Work Mode: On-site
Employment Type: Internship
Domain: Machine Learning
Description: QuantumLeaf Technologies is seeking a Machine Learning Intern for its Machine Learning team, with assignments focused on cloud monitoring product. This internship opportunity gives candidates practical exposure to Python, Machine Learning, NumPy. The candidate will collaborate with engineers, complete scoped technical tasks, and present progress during regular reviews. Posting track 7-1 is tailored to early-career applicants building evidence through coursework, personal projects, or internships.
Responsibilities: Prepare datasets for model training; Train and evaluate machine-learning models; Compare model performance using suitable metrics; Document experiments and model limitations; Contribute to a scoped assignment involving cloud monitoring product
Required Skills: Python, Machine Learning, NumPy, Pandas
Preferred Skills: Scikit-learn, TensorFlow, PyTorch, Model Evaluation, Communication
Qualifications: Attention to detail and ownership of assigned tasks; Good written and verbal communication; Willingness to learn unfamiliar technologies
Experience: No prior professional experience required; academic projects are acceptable.
Education: Final-year or pre-final-year undergraduate student in a relevant engineering or computing program."
JOB-0074,AI/ML Intern,BrightStack Digital,"Kochi, Kerala",On-site,Internship,Machine Learning,"BrightStack Digital is seeking a AI/ML Intern for its Machine Learning team, with assignments focused on security operations platform. This internship opportunity gives candidates practical exposure to Python, Machine Learning, NumPy. The candidate will collaborate with engineers, complete scoped technical tasks, and present progress during regular reviews. Posting track 7-2 is tailored to early-career applicants building evidence through coursework, personal projects, or internships.",Prepare datasets for model training; Train and evaluate machine-learning models; Compare model performance using suitable metrics; Document experiments and model limitations; Contribute to a scoped assignment involving security operations platform,"Python, Machine Learning, NumPy, Pandas","Scikit-learn, TensorFlow, PyTorch, Model Evaluation, Problem Solving",Strong problem-solving and analytical ability; Ability to work effectively in a team; Basic understanding of software development lifecycle,0–1 years of relevant experience; strong academic or personal projects are valued.,"Bachelor's student in Computer Science, IT, Engineering, Mathematics, Statistics, or a related field.",synthetic_curated,2026-07-09,"Job Title: AI/ML Intern
Company: BrightStack Digital
Location: Kochi, Kerala
Work Mode: On-site
Employment Type: Internship
Domain: Machine Learning
Description: BrightStack Digital is seeking a AI/ML Intern for its Machine Learning team, with assignments focused on security operations platform. This internship opportunity gives candidates practical exposure to Python, Machine Learning, NumPy. The candidate will collaborate with engineers, complete scoped technical tasks, and present progress during regular reviews. Posting track 7-2 is tailored to early-career applicants building evidence through coursework, personal projects, or internships.
Responsibilities: Prepare datasets for model training; Train and evaluate machine-learning models; Compare model performance using suitable metrics; Document experiments and model limitations; Contribute to a scoped assignment involving security operations platform
Required Skills: Python, Machine Learning, NumPy, Pandas
Preferred Skills: Scikit-learn, TensorFlow, PyTorch, Model Evaluation, Problem Solving
Qualifications: Strong problem-solving and analytical ability; Ability to work effectively in a team; Basic understanding of software development lifecycle
Experience: 0–1 years of relevant experience; strong academic or personal projects are valued.
Education: Bachelor's student in Computer Science, IT, Engineering, Mathematics, Statistics, or a related field."
JOB-0075,Applied ML Intern,AsterWave Technologies,"Coimbatore, Tamil Nadu",On-site,Internship,Machine Learning,"AsterWave Technologies is seeking a Applied ML Intern for its Machine Learning team, with assignments focused on data quality pipeline. This internship opportunity gives candidates practical exposure to Python, Machine Learning, NumPy. The candidate will collaborate with engineers, complete scoped technical tasks, and present progress during regular reviews. Posting track 7-3 is tailored to early-career applicants building evidence through coursework, personal projects, or internships.",Prepare datasets for model training; Train and evaluate machine-learning models; Compare model performance using suitable metrics; Document experiments and model limitations; Contribute to a scoped assignment involving data quality pipeline,"Python, Machine Learning, NumPy, Pandas","Scikit-learn, TensorFlow, PyTorch, Model Evaluation, Agile",Good written and verbal communication; Willingness to learn unfamiliar technologies; Ability to explain technical decisions clearly,Previous internship experience is preferred but not mandatory.,"Pursuing B.E./B.Tech in Computer Science, Information Technology, Electronics, or a related field.",synthetic_curated,2026-07-11,"Job Title: Applied ML Intern
Company: AsterWave Technologies
Location: Coimbatore, Tamil Nadu
Work Mode: On-site
Employment Type: Internship
Domain: Machine Learning
Description: AsterWave Technologies is seeking a Applied ML Intern for its Machine Learning team, with assignments focused on data quality pipeline. This internship opportunity gives candidates practical exposure to Python, Machine Learning, NumPy. The candidate will collaborate with engineers, complete scoped technical tasks, and present progress during regular reviews. Posting track 7-3 is tailored to early-career applicants building evidence through coursework, personal projects, or internships.
Responsibilities: Prepare datasets for model training; Train and evaluate machine-learning models; Compare model performance using suitable metrics; Document experiments and model limitations; Contribute to a scoped assignment involving data quality pipeline
Required Skills: Python, Machine Learning, NumPy, Pandas
Preferred Skills: Scikit-learn, TensorFlow, PyTorch, Model Evaluation, Agile
Qualifications: Good written and verbal communication; Willingness to learn unfamiliar technologies; Ability to explain technical decisions clearly
Experience: Previous internship experience is preferred but not mandatory.
Education: Pursuing B.E./B.Tech in Computer Science, Information Technology, Electronics, or a related field."
JOB-0076,Machine Learning Intern,TechSprout Solutions,"Ahmedabad, Gujarat",On-site,Internship,Machine Learning,"TechSprout Solutions is seeking a Machine Learning Intern for its Machine Learning team, with assignments focused on mobile-first user experience. This internship opportunity gives candidates practical exposure to Python, Machine Learning, NumPy. The candidate will collaborate with engineers, complete scoped technical tasks, and present progress during regular reviews. Posting track 7-4 is tailored to early-career applicants building evidence through coursework, personal projects, or internships.",Prepare datasets for model training; Train and evaluate machine-learning models; Compare model performance using suitable metrics; Document experiments and model limitations; Contribute to a scoped assignment involving mobile-first user experience,"Python, Machine Learning, NumPy, Pandas","Scikit-learn, TensorFlow, PyTorch, Model Evaluation, Documentation",Ability to work effectively in a team; Basic understanding of software development lifecycle; Attention to detail and ownership of assigned tasks,Entry-level candidates are welcome; practical coursework or projects are sufficient.,"Pursuing an undergraduate degree in Computer Science, Information Technology, Data Science, or a related discipline.",synthetic_curated,2026-07-13,"Job Title: Machine Learning Intern
Company: TechSprout Solutions
Location: Ahmedabad, Gujarat
Work Mode: On-site
Employment Type: Internship
Domain: Machine Learning
Description: TechSprout Solutions is seeking a Machine Learning Intern for its Machine Learning team, with assignments focused on mobile-first user experience. This internship opportunity gives candidates practical exposure to Python, Machine Learning, NumPy. The candidate will collaborate with engineers, complete scoped technical tasks, and present progress during regular reviews. Posting track 7-4 is tailored to early-career applicants building evidence through coursework, personal projects, or internships.
Responsibilities: Prepare datasets for model training; Train and evaluate machine-learning models; Compare model performance using suitable metrics; Document experiments and model limitations; Contribute to a scoped assignment involving mobile-first user experience
Required Skills: Python, Machine Learning, NumPy, Pandas
Preferred Skills: Scikit-learn, TensorFlow, PyTorch, Model Evaluation, Documentation
Qualifications: Ability to work effectively in a team; Basic understanding of software development lifecycle; Attention to detail and ownership of assigned tasks
Experience: Entry-level candidates are welcome; practical coursework or projects are sufficient.
Education: Pursuing an undergraduate degree in Computer Science, Information Technology, Data Science, or a related discipline."
JOB-0077,AI/ML Intern,DeepRiver Analytics,"Kolkata, West Bengal",Hybrid,Internship,Machine Learning,"DeepRiver Analytics is seeking a AI/ML Intern for its Machine Learning team, with assignments focused on enterprise reporting solution. This internship opportunity gives candidates practical exposure to Python, Machine Learning, NumPy. The candidate will collaborate with engineers, complete scoped technical tasks, and present progress during regular reviews. Posting track 7-5 is tailored to early-career applicants building evidence through coursework, personal projects, or internships.",Prepare datasets for model training; Train and evaluate machine-learning models; Compare model performance using suitable metrics; Document experiments and model limitations; Contribute to a scoped assignment involving enterprise reporting solution,"Python, Machine Learning, NumPy, Pandas","Scikit-learn, TensorFlow, PyTorch, Model Evaluation, Communication",Willingness to learn unfamiliar technologies; Ability to explain technical decisions clearly; Strong problem-solving and analytical ability,No prior professional experience required; academic projects are acceptable.,Final-year or pre-final-year undergraduate student in a relevant engineering or computing program.,synthetic_curated,2026-07-15,"Job Title: AI/ML Intern
Company: DeepRiver Analytics
Location: Kolkata, West Bengal
Work Mode: Hybrid
Employment Type: Internship
Domain: Machine Learning
Description: DeepRiver Analytics is seeking a AI/ML Intern for its Machine Learning team, with assignments focused on enterprise reporting solution. This internship opportunity gives candidates practical exposure to Python, Machine Learning, NumPy. The candidate will collaborate with engineers, complete scoped technical tasks, and present progress during regular reviews. Posting track 7-5 is tailored to early-career applicants building evidence through coursework, personal projects, or internships.
Responsibilities: Prepare datasets for model training; Train and evaluate machine-learning models; Compare model performance using suitable metrics; Document experiments and model limitations; Contribute to a scoped assignment involving enterprise reporting solution
Required Skills: Python, Machine Learning, NumPy, Pandas
Preferred Skills: Scikit-learn, TensorFlow, PyTorch, Model Evaluation, Communication
Qualifications: Willingness to learn unfamiliar technologies; Ability to explain technical decisions clearly; Strong problem-solving and analytical ability
Experience: No prior professional experience required; academic projects are acceptable.
Education: Final-year or pre-final-year undergraduate student in a relevant engineering or computing program."
JOB-0078,Applied ML Intern,SignalPeak Systems,"Hyderabad, Telangana",Hybrid,Internship,Machine Learning,"SignalPeak Systems is seeking a Applied ML Intern for its Machine Learning team, with assignments focused on API integration layer. This internship opportunity gives candidates practical exposure to Python, Machine Learning, NumPy. The candidate will collaborate with engineers, complete scoped technical tasks, and present progress during regular reviews. Posting track 7-6 is tailored to early-career applicants building evidence through coursework, personal projects, or internships.",Prepare datasets for model training; Train and evaluate machine-learning models; Compare model performance using suitable metrics; Document experiments and model limitations; Contribute to a scoped assignment involving API integration layer,"Python, Machine Learning, NumPy, Pandas","Scikit-learn, TensorFlow, PyTorch, Model Evaluation, Problem Solving",Basic understanding of software development lifecycle; Attention to detail and ownership of assigned tasks; Good written and verbal communication,0–1 years of relevant experience; strong academic or personal projects are valued.,"Bachelor's student in Computer Science, IT, Engineering, Mathematics, Statistics, or a related field.",synthetic_curated,2026-07-17,"Job Title: Applied ML Intern
Company: SignalPeak Systems
Location: Hyderabad, Telangana
Work Mode: Hybrid
Employment Type: Internship
Domain: Machine Learning
Description: SignalPeak Systems is seeking a Applied ML Intern for its Machine Learning team, with assignments focused on API integration layer. This internship opportunity gives candidates practical exposure to Python, Machine Learning, NumPy. The candidate will collaborate with engineers, complete scoped technical tasks, and present progress during regular reviews. Posting track 7-6 is tailored to early-career applicants building evidence through coursework, personal projects, or internships.
Responsibilities: Prepare datasets for model training; Train and evaluate machine-learning models; Compare model performance using suitable metrics; Document experiments and model limitations; Contribute to a scoped assignment involving API integration layer
Required Skills: Python, Machine Learning, NumPy, Pandas
Preferred Skills: Scikit-learn, TensorFlow, PyTorch, Model Evaluation, Problem Solving
Qualifications: Basic understanding of software development lifecycle; Attention to detail and ownership of assigned tasks; Good written and verbal communication
Experience: 0–1 years of relevant experience; strong academic or personal projects are valued.
Education: Bachelor's student in Computer Science, IT, Engineering, Mathematics, Statistics, or a related field."
JOB-0079,Machine Learning Intern,SkyLattice Labs,"Bengaluru, Karnataka",Hybrid,Internship,Machine Learning,"SkyLattice Labs is seeking a Machine Learning Intern for its Machine Learning team, with assignments focused on internal productivity tools. This internship opportunity gives candidates practical exposure to Python, Machine Learning, NumPy. The candidate will collaborate with engineers, complete scoped technical tasks, and present progress during regular reviews. Posting track 7-7 is tailored to early-career applicants building evidence through coursework, personal projects, or internships.",Prepare datasets for model training; Train and evaluate machine-learning models; Compare model performance using suitable metrics; Document experiments and model limitations; Contribute to a scoped assignment involving internal productivity tools,"Python, Machine Learning, NumPy, Pandas","Scikit-learn, TensorFlow, PyTorch, Model Evaluation, Agile",Ability to explain technical decisions clearly; Strong problem-solving and analytical ability; Ability to work effectively in a team,Previous internship experience is preferred but not mandatory.,"Pursuing B.E./B.Tech in Computer Science, Information Technology, Electronics, or a related field.",synthetic_curated,2026-07-19,"Job Title: Machine Learning Intern
Company: SkyLattice Labs
Location: Bengaluru, Karnataka
Work Mode: Hybrid
Employment Type: Internship
Domain: Machine Learning
Description: SkyLattice Labs is seeking a Machine Learning Intern for its Machine Learning team, with assignments focused on internal productivity tools. This internship opportunity gives candidates practical exposure to Python, Machine Learning, NumPy. The candidate will collaborate with engineers, complete scoped technical tasks, and present progress during regular reviews. Posting track 7-7 is tailored to early-career applicants building evidence through coursework, personal projects, or internships.
Responsibilities: Prepare datasets for model training; Train and evaluate machine-learning models; Compare model performance using suitable metrics; Document experiments and model limitations; Contribute to a scoped assignment involving internal productivity tools
Required Skills: Python, Machine Learning, NumPy, Pandas
Preferred Skills: Scikit-learn, TensorFlow, PyTorch, Model Evaluation, Agile
Qualifications: Ability to explain technical decisions clearly; Strong problem-solving and analytical ability; Ability to work effectively in a team
Experience: Previous internship experience is preferred but not mandatory.
Education: Pursuing B.E./B.Tech in Computer Science, Information Technology, Electronics, or a related field."
JOB-0080,AI/ML Intern,SecureArc Systems,"Hyderabad, Telangana",Hybrid,Internship,Machine Learning,"SecureArc Systems is seeking a AI/ML Intern for its Machine Learning team, with assignments focused on customer onboarding platform. This internship opportunity gives candidates practical exposure to Python, Machine Learning, NumPy. The candidate will collaborate with engineers, complete scoped technical tasks, and present progress during regular reviews. Posting track 7-8 is tailored to early-career applicants building evidence through coursework, personal projects, or internships.",Prepare datasets for model training; Train and evaluate machine-learning models; Compare model performance using suitable metrics; Document experiments and model limitations; Contribute to a scoped assignment involving customer onboarding platform,"Python, Machine Learning, NumPy, Pandas","Scikit-learn, TensorFlow, PyTorch, Model Evaluation, Documentation",Attention to detail and ownership of assigned tasks; Good written and verbal communication; Willingness to learn unfamiliar technologies,Entry-level candidates are welcome; practical coursework or projects are sufficient.,"Pursuing an undergraduate degree in Computer Science, Information Technology, Data Science, or a related discipline.",synthetic_curated,2026-07-21,"Job Title: AI/ML Intern
Company: SecureArc Systems
Location: Hyderabad, Telangana
Work Mode: Hybrid
Employment Type: Internship
Domain: Machine Learning
Description: SecureArc Systems is seeking a AI/ML Intern for its Machine Learning team, with assignments focused on customer onboarding platform. This internship opportunity gives candidates practical exposure to Python, Machine Learning, NumPy. The candidate will collaborate with engineers, complete scoped technical tasks, and present progress during regular reviews. Posting track 7-8 is tailored to early-career applicants building evidence through coursework, personal projects, or internships.
Responsibilities: Prepare datasets for model training; Train and evaluate machine-learning models; Compare model performance using suitable metrics; Document experiments and model limitations; Contribute to a scoped assignment involving customer onboarding platform
Required Skills: Python, Machine Learning, NumPy, Pandas
Preferred Skills: Scikit-learn, TensorFlow, PyTorch, Model Evaluation, Documentation
Qualifications: Attention to detail and ownership of assigned tasks; Good written and verbal communication; Willingness to learn unfamiliar technologies
Experience: Entry-level candidates are welcome; practical coursework or projects are sufficient.
Education: Pursuing an undergraduate degree in Computer Science, Information Technology, Data Science, or a related discipline."
JOB-0081,Applied ML Intern,AppCrest Technologies,"Remote, India",Remote,Internship,Machine Learning,"AppCrest Technologies is seeking a Applied ML Intern for its Machine Learning team, with assignments focused on analytics dashboard. This internship opportunity gives candidates practical exposure to Python, Machine Learning, NumPy. The candidate will collaborate with engineers, complete scoped technical tasks, and present progress during regular reviews. Posting track 7-9 is tailored to early-career applicants building evidence through coursework, personal projects, or internships.",Prepare datasets for model training; Train and evaluate machine-learning models; Compare model performance using suitable metrics; Document experiments and model limitations; Contribute to a scoped assignment involving analytics dashboard,"Python, Machine Learning, NumPy, Pandas","Scikit-learn, TensorFlow, PyTorch, Model Evaluation, Communication",Strong problem-solving and analytical ability; Ability to work effectively in a team; Basic understanding of software development lifecycle,No prior professional experience required; academic projects are acceptable.,Final-year or pre-final-year undergraduate student in a relevant engineering or computing program.,synthetic_curated,2026-07-23,"Job Title: Applied ML Intern
Company: AppCrest Technologies
Location: Remote, India
Work Mode: Remote
Employment Type: Internship
Domain: Machine Learning
Description: AppCrest Technologies is seeking a Applied ML Intern for its Machine Learning team, with assignments focused on analytics dashboard. This internship opportunity gives candidates practical exposure to Python, Machine Learning, NumPy. The candidate will collaborate with engineers, complete scoped technical tasks, and present progress during regular reviews. Posting track 7-9 is tailored to early-career applicants building evidence through coursework, personal projects, or internships.
Responsibilities: Prepare datasets for model training; Train and evaluate machine-learning models; Compare model performance using suitable metrics; Document experiments and model limitations; Contribute to a scoped assignment involving analytics dashboard
Required Skills: Python, Machine Learning, NumPy, Pandas
Preferred Skills: Scikit-learn, TensorFlow, PyTorch, Model Evaluation, Communication
Qualifications: Strong problem-solving and analytical ability; Ability to work effectively in a team; Basic understanding of software development lifecycle
Experience: No prior professional experience required; academic projects are acceptable.
Education: Final-year or pre-final-year undergraduate student in a relevant engineering or computing program."
JOB-0082,Machine Learning Intern,NovaByte Labs,"Remote, India",Remote,Internship,Machine Learning,"NovaByte Labs is seeking a Machine Learning Intern for its Machine Learning team, with assignments focused on developer tooling. This internship opportunity gives candidates practical exposure to Python, Machine Learning, NumPy. The candidate will collaborate with engineers, complete scoped technical tasks, and present progress during regular reviews. Posting track 7-10 is tailored to early-career applicants building evidence through coursework, personal projects, or internships.",Prepare datasets for model training; Train and evaluate machine-learning models; Compare model performance using suitable metrics; Document experiments and model limitations; Contribute to a scoped assignment involving developer tooling,"Python, Machine Learning, NumPy, Pandas","Scikit-learn, TensorFlow, PyTorch, Model Evaluation, Problem Solving",Good written and verbal communication; Willingness to learn unfamiliar technologies; Ability to explain technical decisions clearly,0–1 years of relevant experience; strong academic or personal projects are valued.,"Bachelor's student in Computer Science, IT, Engineering, Mathematics, Statistics, or a related field.",synthetic_curated,2026-07-25,"Job Title: Machine Learning Intern
Company: NovaByte Labs
Location: Remote, India
Work Mode: Remote
Employment Type: Internship
Domain: Machine Learning
Description: NovaByte Labs is seeking a Machine Learning Intern for its Machine Learning team, with assignments focused on developer tooling. This internship opportunity gives candidates practical exposure to Python, Machine Learning, NumPy. The candidate will collaborate with engineers, complete scoped technical tasks, and present progress during regular reviews. Posting track 7-10 is tailored to early-career applicants building evidence through coursework, personal projects, or internships.
Responsibilities: Prepare datasets for model training; Train and evaluate machine-learning models; Compare model performance using suitable metrics; Document experiments and model limitations; Contribute to a scoped assignment involving developer tooling
Required Skills: Python, Machine Learning, NumPy, Pandas
Preferred Skills: Scikit-learn, TensorFlow, PyTorch, Model Evaluation, Problem Solving
Qualifications: Good written and verbal communication; Willingness to learn unfamiliar technologies; Ability to explain technical decisions clearly
Experience: 0–1 years of relevant experience; strong academic or personal projects are valued.
Education: Bachelor's student in Computer Science, IT, Engineering, Mathematics, Statistics, or a related field."
JOB-0083,AI/ML Intern,PixelForge Systems,"Remote, India",Remote,Entry Level,Machine Learning,"PixelForge Systems is seeking a AI/ML Intern for its Machine Learning team, with assignments focused on workflow automation. This entry level opportunity gives candidates practical exposure to Python, Machine Learning, NumPy. The candidate will collaborate with engineers, complete scoped technical tasks, and present progress during regular reviews. Posting track 7-11 is tailored to early-career applicants building evidence through coursework, personal projects, or internships.",Prepare datasets for model training; Train and evaluate machine-learning models; Compare model performance using suitable metrics; Document experiments and model limitations; Contribute to a scoped assignment involving workflow automation,"Python, Machine Learning, NumPy, Pandas","Scikit-learn, TensorFlow, PyTorch, Model Evaluation, Agile",Ability to work effectively in a team; Basic understanding of software development lifecycle; Attention to detail and ownership of assigned tasks,Previous internship experience is preferred but not mandatory.,"Pursuing B.E./B.Tech in Computer Science, Information Technology, Electronics, or a related field.",synthetic_curated,2026-07-27,"Job Title: AI/ML Intern
Company: PixelForge Systems
Location: Remote, India
Work Mode: Remote
Employment Type: Entry Level
Domain: Machine Learning
Description: PixelForge Systems is seeking a AI/ML Intern for its Machine Learning team, with assignments focused on workflow automation. This entry level opportunity gives candidates practical exposure to Python, Machine Learning, NumPy. The candidate will collaborate with engineers, complete scoped technical tasks, and present progress during regular reviews. Posting track 7-11 is tailored to early-career applicants building evidence through coursework, personal projects, or internships.
Responsibilities: Prepare datasets for model training; Train and evaluate machine-learning models; Compare model performance using suitable metrics; Document experiments and model limitations; Contribute to a scoped assignment involving workflow automation
Required Skills: Python, Machine Learning, NumPy, Pandas
Preferred Skills: Scikit-learn, TensorFlow, PyTorch, Model Evaluation, Agile
Qualifications: Ability to work effectively in a team; Basic understanding of software development lifecycle; Attention to detail and ownership of assigned tasks
Experience: Previous internship experience is preferred but not mandatory.
Education: Pursuing B.E./B.Tech in Computer Science, Information Technology, Electronics, or a related field."
JOB-0084,Applied ML Intern,CloudMint Innovations,"Remote, India",Remote,Entry Level,Machine Learning,"CloudMint Innovations is seeking a Applied ML Intern for its Machine Learning team, with assignments focused on education technology platform. This entry level opportunity gives candidates practical exposure to Python, Machine Learning, NumPy. The candidate will collaborate with engineers, complete scoped technical tasks, and present progress during regular reviews. Posting track 7-12 is tailored to early-career applicants building evidence through coursework, personal projects, or internships.",Prepare datasets for model training; Train and evaluate machine-learning models; Compare model performance using suitable metrics; Document experiments and model limitations; Contribute to a scoped assignment involving education technology platform,"Python, Machine Learning, NumPy, Pandas","Scikit-learn, TensorFlow, PyTorch, Model Evaluation, Documentation",Willingness to learn unfamiliar technologies; Ability to explain technical decisions clearly; Strong problem-solving and analytical ability,Entry-level candidates are welcome; practical coursework or projects are sufficient.,"Pursuing an undergraduate degree in Computer Science, Information Technology, Data Science, or a related discipline.",synthetic_curated,2026-07-29,"Job Title: Applied ML Intern
Company: CloudMint Innovations
Location: Remote, India
Work Mode: Remote
Employment Type: Entry Level
Domain: Machine Learning
Description: CloudMint Innovations is seeking a Applied ML Intern for its Machine Learning team, with assignments focused on education technology platform. This entry level opportunity gives candidates practical exposure to Python, Machine Learning, NumPy. The candidate will collaborate with engineers, complete scoped technical tasks, and present progress during regular reviews. Posting track 7-12 is tailored to early-career applicants building evidence through coursework, personal projects, or internships.
Responsibilities: Prepare datasets for model training; Train and evaluate machine-learning models; Compare model performance using suitable metrics; Document experiments and model limitations; Contribute to a scoped assignment involving education technology platform
Required Skills: Python, Machine Learning, NumPy, Pandas
Preferred Skills: Scikit-learn, TensorFlow, PyTorch, Model Evaluation, Documentation
Qualifications: Willingness to learn unfamiliar technologies; Ability to explain technical decisions clearly; Strong problem-solving and analytical ability
Experience: Entry-level candidates are welcome; practical coursework or projects are sufficient.
Education: Pursuing an undergraduate degree in Computer Science, Information Technology, Data Science, or a related discipline."
JOB-0085,NLP Intern,LogicBloom Labs,"Kochi, Kerala",On-site,Internship,Generative AI / NLP,"LogicBloom Labs is seeking a NLP Intern for its Generative AI / NLP team, with assignments focused on mobile-first user experience. This internship opportunity gives candidates practical exposure to Python, NLP, Machine Learning. The candidate will collaborate with engineers, complete scoped technical tasks, and present progress during regular reviews. Posting track 8-1 is tailored to early-career applicants building evidence through coursework, personal projects, or internships.",Prototype NLP or retrieval-based applications; Prepare and preprocess text datasets; Evaluate retrieval and generation quality; Document experiments and technical findings; Contribute to a scoped assignment involving mobile-first user experience,"Python, NLP, Machine Learning, Git","Transformers, Embeddings, Vector Databases, RAG, Communication",Strong problem-solving and analytical ability; Ability to work effectively in a team; Basic understanding of software development lifecycle,Previous internship experience is preferred but not mandatory.,"Bachelor's student in Computer Science, IT, Engineering, Mathematics, Statistics, or a related field.",synthetic_curated,2026-07-31,"Job Title: NLP Intern
Company: LogicBloom Labs
Location: Kochi, Kerala
Work Mode: On-site
Employment Type: Internship
Domain: Generative AI / NLP
Description: LogicBloom Labs is seeking a NLP Intern for its Generative AI / NLP team, with assignments focused on mobile-first user experience. This internship opportunity gives candidates practical exposure to Python, NLP, Machine Learning. The candidate will collaborate with engineers, complete scoped technical tasks, and present progress during regular reviews. Posting track 8-1 is tailored to early-career applicants building evidence through coursework, personal projects, or internships.
Responsibilities: Prototype NLP or retrieval-based applications; Prepare and preprocess text datasets; Evaluate retrieval and generation quality; Document experiments and technical findings; Contribute to a scoped assignment involving mobile-first user experience
Required Skills: Python, NLP, Machine Learning, Git
Preferred Skills: Transformers, Embeddings, Vector Databases, RAG, Communication
Qualifications: Strong problem-solving and analytical ability; Ability to work effectively in a team; Basic understanding of software development lifecycle
Experience: Previous internship experience is preferred but not mandatory.
Education: Bachelor's student in Computer Science, IT, Engineering, Mathematics, Statistics, or a related field."
JOB-0086,Generative AI Intern,OrbitCraft Software,"Coimbatore, Tamil Nadu",On-site,Internship,Generative AI / NLP,"OrbitCraft Software is seeking a Generative AI Intern for its Generative AI / NLP team, with assignments focused on enterprise reporting solution. This internship opportunity gives candidates practical exposure to Python, NLP, Machine Learning. The candidate will collaborate with engineers, complete scoped technical tasks, and present progress during regular reviews. Posting track 8-2 is tailored to early-career applicants building evidence through coursework, personal projects, or internships.",Prototype NLP or retrieval-based applications; Prepare and preprocess text datasets; Evaluate retrieval and generation quality; Document experiments and technical findings; Contribute to a scoped assignment involving enterprise reporting solution,"Python, NLP, Machine Learning, Git","Transformers, Embeddings, Vector Databases, RAG, Problem Solving",Good written and verbal communication; Willingness to learn unfamiliar technologies; Ability to explain technical decisions clearly,Entry-level candidates are welcome; practical coursework or projects are sufficient.,"Pursuing B.E./B.Tech in Computer Science, Information Technology, Electronics, or a related field.",synthetic_curated,2026-08-02,"Job Title: Generative AI Intern
Company: OrbitCraft Software
Location: Coimbatore, Tamil Nadu
Work Mode: On-site
Employment Type: Internship
Domain: Generative AI / NLP
Description: OrbitCraft Software is seeking a Generative AI Intern for its Generative AI / NLP team, with assignments focused on enterprise reporting solution. This internship opportunity gives candidates practical exposure to Python, NLP, Machine Learning. The candidate will collaborate with engineers, complete scoped technical tasks, and present progress during regular reviews. Posting track 8-2 is tailored to early-career applicants building evidence through coursework, personal projects, or internships.
Responsibilities: Prototype NLP or retrieval-based applications; Prepare and preprocess text datasets; Evaluate retrieval and generation quality; Document experiments and technical findings; Contribute to a scoped assignment involving enterprise reporting solution
Required Skills: Python, NLP, Machine Learning, Git
Preferred Skills: Transformers, Embeddings, Vector Databases, RAG, Problem Solving
Qualifications: Good written and verbal communication; Willingness to learn unfamiliar technologies; Ability to explain technical decisions clearly
Experience: Entry-level candidates are welcome; practical coursework or projects are sufficient.
Education: Pursuing B.E./B.Tech in Computer Science, Information Technology, Electronics, or a related field."
JOB-0087,AI Research Intern,CoreVista Technologies,"Ahmedabad, Gujarat",On-site,Internship,Generative AI / NLP,"CoreVista Technologies is seeking a AI Research Intern for its Generative AI / NLP team, with assignments focused on API integration layer. This internship opportunity gives candidates practical exposure to Python, NLP, Machine Learning. The candidate will collaborate with engineers, complete scoped technical tasks, and present progress during regular reviews. Posting track 8-3 is tailored to early-career applicants building evidence through coursework, personal projects, or internships.",Prototype NLP or retrieval-based applications; Prepare and preprocess text datasets; Evaluate retrieval and generation quality; Document experiments and technical findings; Contribute to a scoped assignment involving API integration layer,"Python, NLP, Machine Learning, Git","Transformers, Embeddings, Vector Databases, RAG, Agile",Ability to work effectively in a team; Basic understanding of software development lifecycle; Attention to detail and ownership of assigned tasks,No prior professional experience required; academic projects are acceptable.,"Pursuing an undergraduate degree in Computer Science, Information Technology, Data Science, or a related discipline.",synthetic_curated,2026-08-04,"Job Title: AI Research Intern
Company: CoreVista Technologies
Location: Ahmedabad, Gujarat
Work Mode: On-site
Employment Type: Internship
Domain: Generative AI / NLP
Description: CoreVista Technologies is seeking a AI Research Intern for its Generative AI / NLP team, with assignments focused on API integration layer. This internship opportunity gives candidates practical exposure to Python, NLP, Machine Learning. The candidate will collaborate with engineers, complete scoped technical tasks, and present progress during regular reviews. Posting track 8-3 is tailored to early-career applicants building evidence through coursework, personal projects, or internships.
Responsibilities: Prototype NLP or retrieval-based applications; Prepare and preprocess text datasets; Evaluate retrieval and generation quality; Document experiments and technical findings; Contribute to a scoped assignment involving API integration layer
Required Skills: Python, NLP, Machine Learning, Git
Preferred Skills: Transformers, Embeddings, Vector Databases, RAG, Agile
Qualifications: Ability to work effectively in a team; Basic understanding of software development lifecycle; Attention to detail and ownership of assigned tasks
Experience: No prior professional experience required; academic projects are acceptable.
Education: Pursuing an undergraduate degree in Computer Science, Information Technology, Data Science, or a related discipline."
JOB-0088,NLP Intern,ByteBridge Innovations,"Kolkata, West Bengal",On-site,Internship,Generative AI / NLP,"ByteBridge Innovations is seeking a NLP Intern for its Generative AI / NLP team, with assignments focused on internal productivity tools. This internship opportunity gives candidates practical exposure to Python, NLP, Machine Learning. The candidate will collaborate with engineers, complete scoped technical tasks, and present progress during regular reviews. Posting track 8-4 is tailored to early-career applicants building evidence through coursework, personal projects, or internships.",Prototype NLP or retrieval-based applications; Prepare and preprocess text datasets; Evaluate retrieval and generation quality; Document experiments and technical findings; Contribute to a scoped assignment involving internal productivity tools,"Python, NLP, Machine Learning, Git","Transformers, Embeddings, Vector Databases, RAG, Documentation",Willingness to learn unfamiliar technologies; Ability to explain technical decisions clearly; Strong problem-solving and analytical ability,0–1 years of relevant experience; strong academic or personal projects are valued.,Final-year or pre-final-year undergraduate student in a relevant engineering or computing program.,synthetic_curated,2026-08-06,"Job Title: NLP Intern
Company: ByteBridge Innovations
Location: Kolkata, West Bengal
Work Mode: On-site
Employment Type: Internship
Domain: Generative AI / NLP
Description: ByteBridge Innovations is seeking a NLP Intern for its Generative AI / NLP team, with assignments focused on internal productivity tools. This internship opportunity gives candidates practical exposure to Python, NLP, Machine Learning. The candidate will collaborate with engineers, complete scoped technical tasks, and present progress during regular reviews. Posting track 8-4 is tailored to early-career applicants building evidence through coursework, personal projects, or internships.
Responsibilities: Prototype NLP or retrieval-based applications; Prepare and preprocess text datasets; Evaluate retrieval and generation quality; Document experiments and technical findings; Contribute to a scoped assignment involving internal productivity tools
Required Skills: Python, NLP, Machine Learning, Git
Preferred Skills: Transformers, Embeddings, Vector Databases, RAG, Documentation
Qualifications: Willingness to learn unfamiliar technologies; Ability to explain technical decisions clearly; Strong problem-solving and analytical ability
Experience: 0–1 years of relevant experience; strong academic or personal projects are valued.
Education: Final-year or pre-final-year undergraduate student in a relevant engineering or computing program."
JOB-0089,Generative AI Intern,InfraNova Technologies,"Hyderabad, Telangana",Hybrid,Internship,Generative AI / NLP,"InfraNova Technologies is seeking a Generative AI Intern for its Generative AI / NLP team, with assignments focused on customer onboarding platform. This internship opportunity gives candidates practical exposure to Python, NLP, Machine Learning. The candidate will collaborate with engineers, complete scoped technical tasks, and present progress during regular reviews. Posting track 8-5 is tailored to early-career applicants building evidence through coursework, personal projects, or internships.",Prototype NLP or retrieval-based applications; Prepare and preprocess text datasets; Evaluate retrieval and generation quality; Document experiments and technical findings; Contribute to a scoped assignment involving customer onboarding platform,"Python, NLP, Machine Learning, Git","Transformers, Embeddings, Vector Databases, RAG, Communication",Basic understanding of software development lifecycle; Attention to detail and ownership of assigned tasks; Good written and verbal communication,Previous internship experience is preferred but not mandatory.,"Bachelor's student in Computer Science, IT, Engineering, Mathematics, Statistics, or a related field.",synthetic_curated,2026-08-08,"Job Title: Generative AI Intern
Company: InfraNova Technologies
Location: Hyderabad, Telangana
Work Mode: Hybrid
Employment Type: Internship
Domain: Generative AI / NLP
Description: InfraNova Technologies is seeking a Generative AI Intern for its Generative AI / NLP team, with assignments focused on customer onboarding platform. This internship opportunity gives candidates practical exposure to Python, NLP, Machine Learning. The candidate will collaborate with engineers, complete scoped technical tasks, and present progress during regular reviews. Posting track 8-5 is tailored to early-career applicants building evidence through coursework, personal projects, or internships.
Responsibilities: Prototype NLP or retrieval-based applications; Prepare and preprocess text datasets; Evaluate retrieval and generation quality; Document experiments and technical findings; Contribute to a scoped assignment involving customer onboarding platform
Required Skills: Python, NLP, Machine Learning, Git
Preferred Skills: Transformers, Embeddings, Vector Databases, RAG, Communication
Qualifications: Basic understanding of software development lifecycle; Attention to detail and ownership of assigned tasks; Good written and verbal communication
Experience: Previous internship experience is preferred but not mandatory.
Education: Bachelor's student in Computer Science, IT, Engineering, Mathematics, Statistics, or a related field."
JOB-0090,AI Research Intern,InsightMesh Analytics,"Bengaluru, Karnataka",Hybrid,Internship,Generative AI / NLP,"InsightMesh Analytics is seeking a AI Research Intern for its Generative AI / NLP team, with assignments focused on analytics dashboard. This internship opportunity gives candidates practical exposure to Python, NLP, Machine Learning. The candidate will collaborate with engineers, complete scoped technical tasks, and present progress during regular reviews. Posting track 8-6 is tailored to early-career applicants building evidence through coursework, personal projects, or internships.",Prototype NLP or retrieval-based applications; Prepare and preprocess text datasets; Evaluate retrieval and generation quality; Document experiments and technical findings; Contribute to a scoped assignment involving analytics dashboard,"Python, NLP, Machine Learning, Git","Transformers, Embeddings, Vector Databases, RAG, Problem Solving",Ability to explain technical decisions clearly; Strong problem-solving and analytical ability; Ability to work effectively in a team,Entry-level candidates are welcome; practical coursework or projects are sufficient.,"Pursuing B.E./B.Tech in Computer Science, Information Technology, Electronics, or a related field.",synthetic_curated,2026-08-10,"Job Title: AI Research Intern
Company: InsightMesh Analytics
Location: Bengaluru, Karnataka
Work Mode: Hybrid
Employment Type: Internship
Domain: Generative AI / NLP
Description: InsightMesh Analytics is seeking a AI Research Intern for its Generative AI / NLP team, with assignments focused on analytics dashboard. This internship opportunity gives candidates practical exposure to Python, NLP, Machine Learning. The candidate will collaborate with engineers, complete scoped technical tasks, and present progress during regular reviews. Posting track 8-6 is tailored to early-career applicants building evidence through coursework, personal projects, or internships.
Responsibilities: Prototype NLP or retrieval-based applications; Prepare and preprocess text datasets; Evaluate retrieval and generation quality; Document experiments and technical findings; Contribute to a scoped assignment involving analytics dashboard
Required Skills: Python, NLP, Machine Learning, Git
Preferred Skills: Transformers, Embeddings, Vector Databases, RAG, Problem Solving
Qualifications: Ability to explain technical decisions clearly; Strong problem-solving and analytical ability; Ability to work effectively in a team
Experience: Entry-level candidates are welcome; practical coursework or projects are sufficient.
Education: Pursuing B.E./B.Tech in Computer Science, Information Technology, Electronics, or a related field."
JOB-0091,NLP Intern,DevSphere Labs,"Hyderabad, Telangana",Hybrid,Internship,Generative AI / NLP,"DevSphere Labs is seeking a NLP Intern for its Generative AI / NLP team, with assignments focused on developer tooling. This internship opportunity gives candidates practical exposure to Python, NLP, Machine Learning. The candidate will collaborate with engineers, complete scoped technical tasks, and present progress during regular reviews. Posting track 8-7 is tailored to early-career applicants building evidence through coursework, personal projects, or internships.",Prototype NLP or retrieval-based applications; Prepare and preprocess text datasets; Evaluate retrieval and generation quality; Document experiments and technical findings; Contribute to a scoped assignment involving developer tooling,"Python, NLP, Machine Learning, Git","Transformers, Embeddings, Vector Databases, RAG, Agile",Attention to detail and ownership of assigned tasks; Good written and verbal communication; Willingness to learn unfamiliar technologies,No prior professional experience required; academic projects are acceptable.,"Pursuing an undergraduate degree in Computer Science, Information Technology, Data Science, or a related discipline.",synthetic_curated,2026-08-12,"Job Title: NLP Intern
Company: DevSphere Labs
Location: Hyderabad, Telangana
Work Mode: Hybrid
Employment Type: Internship
Domain: Generative AI / NLP
Description: DevSphere Labs is seeking a NLP Intern for its Generative AI / NLP team, with assignments focused on developer tooling. This internship opportunity gives candidates practical exposure to Python, NLP, Machine Learning. The candidate will collaborate with engineers, complete scoped technical tasks, and present progress during regular reviews. Posting track 8-7 is tailored to early-career applicants building evidence through coursework, personal projects, or internships.
Responsibilities: Prototype NLP or retrieval-based applications; Prepare and preprocess text datasets; Evaluate retrieval and generation quality; Document experiments and technical findings; Contribute to a scoped assignment involving developer tooling
Required Skills: Python, NLP, Machine Learning, Git
Preferred Skills: Transformers, Embeddings, Vector Databases, RAG, Agile
Qualifications: Attention to detail and ownership of assigned tasks; Good written and verbal communication; Willingness to learn unfamiliar technologies
Experience: No prior professional experience required; academic projects are acceptable.
Education: Pursuing an undergraduate degree in Computer Science, Information Technology, Data Science, or a related discipline."
JOB-0092,Generative AI Intern,BlueOrbit Technologies,"Pune, Maharashtra",Hybrid,Internship,Generative AI / NLP,"BlueOrbit Technologies is seeking a Generative AI Intern for its Generative AI / NLP team, with assignments focused on workflow automation. This internship opportunity gives candidates practical exposure to Python, NLP, Machine Learning. The candidate will collaborate with engineers, complete scoped technical tasks, and present progress during regular reviews. Posting track 8-8 is tailored to early-career applicants building evidence through coursework, personal projects, or internships.",Prototype NLP or retrieval-based applications; Prepare and preprocess text datasets; Evaluate retrieval and generation quality; Document experiments and technical findings; Contribute to a scoped assignment involving workflow automation,"Python, NLP, Machine Learning, Git","Transformers, Embeddings, Vector Databases, RAG, Documentation",Strong problem-solving and analytical ability; Ability to work effectively in a team; Basic understanding of software development lifecycle,0–1 years of relevant experience; strong academic or personal projects are valued.,Final-year or pre-final-year undergraduate student in a relevant engineering or computing program.,synthetic_curated,2026-08-14,"Job Title: Generative AI Intern
Company: BlueOrbit Technologies
Location: Pune, Maharashtra
Work Mode: Hybrid
Employment Type: Internship
Domain: Generative AI / NLP
Description: BlueOrbit Technologies is seeking a Generative AI Intern for its Generative AI / NLP team, with assignments focused on workflow automation. This internship opportunity gives candidates practical exposure to Python, NLP, Machine Learning. The candidate will collaborate with engineers, complete scoped technical tasks, and present progress during regular reviews. Posting track 8-8 is tailored to early-career applicants building evidence through coursework, personal projects, or internships.
Responsibilities: Prototype NLP or retrieval-based applications; Prepare and preprocess text datasets; Evaluate retrieval and generation quality; Document experiments and technical findings; Contribute to a scoped assignment involving workflow automation
Required Skills: Python, NLP, Machine Learning, Git
Preferred Skills: Transformers, Embeddings, Vector Databases, RAG, Documentation
Qualifications: Strong problem-solving and analytical ability; Ability to work effectively in a team; Basic understanding of software development lifecycle
Experience: 0–1 years of relevant experience; strong academic or personal projects are valued.
Education: Final-year or pre-final-year undergraduate student in a relevant engineering or computing program."
JOB-0093,AI Research Intern,DataNest Solutions,"Remote, India",Remote,Internship,Generative AI / NLP,"DataNest Solutions is seeking a AI Research Intern for its Generative AI / NLP team, with assignments focused on education technology platform. This internship opportunity gives candidates practical exposure to Python, NLP, Machine Learning. The candidate will collaborate with engineers, complete scoped technical tasks, and present progress during regular reviews. Posting track 8-9 is tailored to early-career applicants building evidence through coursework, personal projects, or internships.",Prototype NLP or retrieval-based applications; Prepare and preprocess text datasets; Evaluate retrieval and generation quality; Document experiments and technical findings; Contribute to a scoped assignment involving education technology platform,"Python, NLP, Machine Learning, Git","Transformers, Embeddings, Vector Databases, RAG, Communication",Good written and verbal communication; Willingness to learn unfamiliar technologies; Ability to explain technical decisions clearly,Previous internship experience is preferred but not mandatory.,"Bachelor's student in Computer Science, IT, Engineering, Mathematics, Statistics, or a related field.",synthetic_curated,2026-08-16,"Job Title: AI Research Intern
Company: DataNest Solutions
Location: Remote, India
Work Mode: Remote
Employment Type: Internship
Domain: Generative AI / NLP
Description: DataNest Solutions is seeking a AI Research Intern for its Generative AI / NLP team, with assignments focused on education technology platform. This internship opportunity gives candidates practical exposure to Python, NLP, Machine Learning. The candidate will collaborate with engineers, complete scoped technical tasks, and present progress during regular reviews. Posting track 8-9 is tailored to early-career applicants building evidence through coursework, personal projects, or internships.
Responsibilities: Prototype NLP or retrieval-based applications; Prepare and preprocess text datasets; Evaluate retrieval and generation quality; Document experiments and technical findings; Contribute to a scoped assignment involving education technology platform
Required Skills: Python, NLP, Machine Learning, Git
Preferred Skills: Transformers, Embeddings, Vector Databases, RAG, Communication
Qualifications: Good written and verbal communication; Willingness to learn unfamiliar technologies; Ability to explain technical decisions clearly
Experience: Previous internship experience is preferred but not mandatory.
Education: Bachelor's student in Computer Science, IT, Engineering, Mathematics, Statistics, or a related field."
JOB-0094,NLP Intern,VertexLoop Software,"Remote, India",Remote,Internship,Generative AI / NLP,"VertexLoop Software is seeking a NLP Intern for its Generative AI / NLP team, with assignments focused on cloud monitoring product. This internship opportunity gives candidates practical exposure to Python, NLP, Machine Learning. The candidate will collaborate with engineers, complete scoped technical tasks, and present progress during regular reviews. Posting track 8-10 is tailored to early-career applicants building evidence through coursework, personal projects, or internships.",Prototype NLP or retrieval-based applications; Prepare and preprocess text datasets; Evaluate retrieval and generation quality; Document experiments and technical findings; Contribute to a scoped assignment involving cloud monitoring product,"Python, NLP, Machine Learning, Git","Transformers, Embeddings, Vector Databases, RAG, Problem Solving",Ability to work effectively in a team; Basic understanding of software development lifecycle; Attention to detail and ownership of assigned tasks,Entry-level candidates are welcome; practical coursework or projects are sufficient.,"Pursuing B.E./B.Tech in Computer Science, Information Technology, Electronics, or a related field.",synthetic_curated,2026-08-18,"Job Title: NLP Intern
Company: VertexLoop Software
Location: Remote, India
Work Mode: Remote
Employment Type: Internship
Domain: Generative AI / NLP
Description: VertexLoop Software is seeking a NLP Intern for its Generative AI / NLP team, with assignments focused on cloud monitoring product. This internship opportunity gives candidates practical exposure to Python, NLP, Machine Learning. The candidate will collaborate with engineers, complete scoped technical tasks, and present progress during regular reviews. Posting track 8-10 is tailored to early-career applicants building evidence through coursework, personal projects, or internships.
Responsibilities: Prototype NLP or retrieval-based applications; Prepare and preprocess text datasets; Evaluate retrieval and generation quality; Document experiments and technical findings; Contribute to a scoped assignment involving cloud monitoring product
Required Skills: Python, NLP, Machine Learning, Git
Preferred Skills: Transformers, Embeddings, Vector Databases, RAG, Problem Solving
Qualifications: Ability to work effectively in a team; Basic understanding of software development lifecycle; Attention to detail and ownership of assigned tasks
Experience: Entry-level candidates are welcome; practical coursework or projects are sufficient.
Education: Pursuing B.E./B.Tech in Computer Science, Information Technology, Electronics, or a related field."
JOB-0095,Generative AI Intern,CodeHarbor Labs,"Remote, India",Remote,Entry Level,Generative AI / NLP,"CodeHarbor Labs is seeking a Generative AI Intern for its Generative AI / NLP team, with assignments focused on security operations platform. This entry level opportunity gives candidates practical exposure to Python, NLP, Machine Learning. The candidate will collaborate with engineers, complete scoped technical tasks, and present progress during regular reviews. Posting track 8-11 is tailored to early-career applicants building evidence through coursework, personal projects, or internships.",Prototype NLP or retrieval-based applications; Prepare and preprocess text datasets; Evaluate retrieval and generation quality; Document experiments and technical findings; Contribute to a scoped assignment involving security operations platform,"Python, NLP, Machine Learning, Git","Transformers, Embeddings, Vector Databases, RAG, Agile",Willingness to learn unfamiliar technologies; Ability to explain technical decisions clearly; Strong problem-solving and analytical ability,No prior professional experience required; academic projects are acceptable.,"Pursuing an undergraduate degree in Computer Science, Information Technology, Data Science, or a related discipline.",synthetic_curated,2026-08-20,"Job Title: Generative AI Intern
Company: CodeHarbor Labs
Location: Remote, India
Work Mode: Remote
Employment Type: Entry Level
Domain: Generative AI / NLP
Description: CodeHarbor Labs is seeking a Generative AI Intern for its Generative AI / NLP team, with assignments focused on security operations platform. This entry level opportunity gives candidates practical exposure to Python, NLP, Machine Learning. The candidate will collaborate with engineers, complete scoped technical tasks, and present progress during regular reviews. Posting track 8-11 is tailored to early-career applicants building evidence through coursework, personal projects, or internships.
Responsibilities: Prototype NLP or retrieval-based applications; Prepare and preprocess text datasets; Evaluate retrieval and generation quality; Document experiments and technical findings; Contribute to a scoped assignment involving security operations platform
Required Skills: Python, NLP, Machine Learning, Git
Preferred Skills: Transformers, Embeddings, Vector Databases, RAG, Agile
Qualifications: Willingness to learn unfamiliar technologies; Ability to explain technical decisions clearly; Strong problem-solving and analytical ability
Experience: No prior professional experience required; academic projects are acceptable.
Education: Pursuing an undergraduate degree in Computer Science, Information Technology, Data Science, or a related discipline."
JOB-0096,AI Research Intern,NexaGrid Systems,"Remote, India",Remote,Entry Level,Generative AI / NLP,"NexaGrid Systems is seeking a AI Research Intern for its Generative AI / NLP team, with assignments focused on data quality pipeline. This entry level opportunity gives candidates practical exposure to Python, NLP, Machine Learning. The candidate will collaborate with engineers, complete scoped technical tasks, and present progress during regular reviews. Posting track 8-12 is tailored to early-career applicants building evidence through coursework, personal projects, or internships.",Prototype NLP or retrieval-based applications; Prepare and preprocess text datasets; Evaluate retrieval and generation quality; Document experiments and technical findings; Contribute to a scoped assignment involving data quality pipeline,"Python, NLP, Machine Learning, Git","Transformers, Embeddings, Vector Databases, RAG, Documentation",Basic understanding of software development lifecycle; Attention to detail and ownership of assigned tasks; Good written and verbal communication,0–1 years of relevant experience; strong academic or personal projects are valued.,Final-year or pre-final-year undergraduate student in a relevant engineering or computing program.,synthetic_curated,2026-08-22,"Job Title: AI Research Intern
Company: NexaGrid Systems
Location: Remote, India
Work Mode: Remote
Employment Type: Entry Level
Domain: Generative AI / NLP
Description: NexaGrid Systems is seeking a AI Research Intern for its Generative AI / NLP team, with assignments focused on data quality pipeline. This entry level opportunity gives candidates practical exposure to Python, NLP, Machine Learning. The candidate will collaborate with engineers, complete scoped technical tasks, and present progress during regular reviews. Posting track 8-12 is tailored to early-career applicants building evidence through coursework, personal projects, or internships.
Responsibilities: Prototype NLP or retrieval-based applications; Prepare and preprocess text datasets; Evaluate retrieval and generation quality; Document experiments and technical findings; Contribute to a scoped assignment involving data quality pipeline
Required Skills: Python, NLP, Machine Learning, Git
Preferred Skills: Transformers, Embeddings, Vector Databases, RAG, Documentation
Qualifications: Basic understanding of software development lifecycle; Attention to detail and ownership of assigned tasks; Good written and verbal communication
Experience: 0–1 years of relevant experience; strong academic or personal projects are valued.
Education: Final-year or pre-final-year undergraduate student in a relevant engineering or computing program."
JOB-0097,Data Analyst Intern,SignalPeak Systems,"Coimbatore, Tamil Nadu",On-site,Internship,Data Analytics,"SignalPeak Systems is seeking a Data Analyst Intern for its Data Analytics team, with assignments focused on internal productivity tools. This internship opportunity gives candidates practical exposure to SQL, Excel, Data Analysis. The candidate will collaborate with engineers, complete scoped technical tasks, and present progress during regular reviews. Posting track 9-1 is tailored to early-career applicants building evidence through coursework, personal projects, or internships.",Query and summarize business data; Create dashboards and recurring reports; Validate data quality and investigate anomalies; Present actionable insights to stakeholders; Contribute to a scoped assignment involving internal productivity tools,"SQL, Excel, Data Analysis, Statistics","Power BI, Tableau, Python, Data Visualization, Communication",Good written and verbal communication; Willingness to learn unfamiliar technologies; Ability to explain technical decisions clearly,No prior professional experience required; academic projects are acceptable.,"Pursuing B.E./B.Tech in Computer Science, Information Technology, Electronics, or a related field.",synthetic_curated,2026-08-24,"Job Title: Data Analyst Intern
Company: SignalPeak Systems
Location: Coimbatore, Tamil Nadu
Work Mode: On-site
Employment Type: Internship
Domain: Data Analytics
Description: SignalPeak Systems is seeking a Data Analyst Intern for its Data Analytics team, with assignments focused on internal productivity tools. This internship opportunity gives candidates practical exposure to SQL, Excel, Data Analysis. The candidate will collaborate with engineers, complete scoped technical tasks, and present progress during regular reviews. Posting track 9-1 is tailored to early-career applicants building evidence through coursework, personal projects, or internships.
Responsibilities: Query and summarize business data; Create dashboards and recurring reports; Validate data quality and investigate anomalies; Present actionable insights to stakeholders; Contribute to a scoped assignment involving internal productivity tools
Required Skills: SQL, Excel, Data Analysis, Statistics
Preferred Skills: Power BI, Tableau, Python, Data Visualization, Communication
Qualifications: Good written and verbal communication; Willingness to learn unfamiliar technologies; Ability to explain technical decisions clearly
Experience: No prior professional experience required; academic projects are acceptable.
Education: Pursuing B.E./B.Tech in Computer Science, Information Technology, Electronics, or a related field."
JOB-0098,Business Data Analyst Intern,SkyLattice Labs,"Ahmedabad, Gujarat",On-site,Internship,Data Analytics,"SkyLattice Labs is seeking a Business Data Analyst Intern for its Data Analytics team, with assignments focused on customer onboarding platform. This internship opportunity gives candidates practical exposure to SQL, Excel, Data Analysis. The candidate will collaborate with engineers, complete scoped technical tasks, and present progress during regular reviews. Posting track 9-2 is tailored to early-career applicants building evidence through coursework, personal projects, or internships.",Query and summarize business data; Create dashboards and recurring reports; Validate data quality and investigate anomalies; Present actionable insights to stakeholders; Contribute to a scoped assignment involving customer onboarding platform,"SQL, Excel, Data Analysis, Statistics","Power BI, Tableau, Python, Data Visualization, Problem Solving",Ability to work effectively in a team; Basic understanding of software development lifecycle; Attention to detail and ownership of assigned tasks,0–1 years of relevant experience; strong academic or personal projects are valued.,"Pursuing an undergraduate degree in Computer Science, Information Technology, Data Science, or a related discipline.",synthetic_curated,2026-08-26,"Job Title: Business Data Analyst Intern
Company: SkyLattice Labs
Location: Ahmedabad, Gujarat
Work Mode: On-site
Employment Type: Internship
Domain: Data Analytics
Description: SkyLattice Labs is seeking a Business Data Analyst Intern for its Data Analytics team, with assignments focused on customer onboarding platform. This internship opportunity gives candidates practical exposure to SQL, Excel, Data Analysis. The candidate will collaborate with engineers, complete scoped technical tasks, and present progress during regular reviews. Posting track 9-2 is tailored to early-career applicants building evidence through coursework, personal projects, or internships.
Responsibilities: Query and summarize business data; Create dashboards and recurring reports; Validate data quality and investigate anomalies; Present actionable insights to stakeholders; Contribute to a scoped assignment involving customer onboarding platform
Required Skills: SQL, Excel, Data Analysis, Statistics
Preferred Skills: Power BI, Tableau, Python, Data Visualization, Problem Solving
Qualifications: Ability to work effectively in a team; Basic understanding of software development lifecycle; Attention to detail and ownership of assigned tasks
Experience: 0–1 years of relevant experience; strong academic or personal projects are valued.
Education: Pursuing an undergraduate degree in Computer Science, Information Technology, Data Science, or a related discipline."
JOB-0099,Analytics Intern,SecureArc Systems,"Kolkata, West Bengal",On-site,Internship,Data Analytics,"SecureArc Systems is seeking a Analytics Intern for its Data Analytics team, with assignments focused on analytics dashboard. This internship opportunity gives candidates practical exposure to SQL, Excel, Data Analysis. The candidate will collaborate with engineers, complete scoped technical tasks, and present progress during regular reviews. Posting track 9-3 is tailored to early-career applicants building evidence through coursework, personal projects, or internships.",Query and summarize business data; Create dashboards and recurring reports; Validate data quality and investigate anomalies; Present actionable insights to stakeholders; Contribute to a scoped assignment involving analytics dashboard,"SQL, Excel, Data Analysis, Statistics","Power BI, Tableau, Python, Data Visualization, Agile",Willingness to learn unfamiliar technologies; Ability to explain technical decisions clearly; Strong problem-solving and analytical ability,Previous internship experience is preferred but not mandatory.,Final-year or pre-final-year undergraduate student in a relevant engineering or computing program.,synthetic_curated,2026-08-28,"Job Title: Analytics Intern
Company: SecureArc Systems
Location: Kolkata, West Bengal
Work Mode: On-site
Employment Type: Internship
Domain: Data Analytics
Description: SecureArc Systems is seeking a Analytics Intern for its Data Analytics team, with assignments focused on analytics dashboard. This internship opportunity gives candidates practical exposure to SQL, Excel, Data Analysis. The candidate will collaborate with engineers, complete scoped technical tasks, and present progress during regular reviews. Posting track 9-3 is tailored to early-career applicants building evidence through coursework, personal projects, or internships.
Responsibilities: Query and summarize business data; Create dashboards and recurring reports; Validate data quality and investigate anomalies; Present actionable insights to stakeholders; Contribute to a scoped assignment involving analytics dashboard
Required Skills: SQL, Excel, Data Analysis, Statistics
Preferred Skills: Power BI, Tableau, Python, Data Visualization, Agile
Qualifications: Willingness to learn unfamiliar technologies; Ability to explain technical decisions clearly; Strong problem-solving and analytical ability
Experience: Previous internship experience is preferred but not mandatory.
Education: Final-year or pre-final-year undergraduate student in a relevant engineering or computing program."
JOB-0100,Data Analyst Intern,AppCrest Technologies,"Hyderabad, Telangana",On-site,Internship,Data Analytics,"AppCrest Technologies is seeking a Data Analyst Intern for its Data Analytics team, with assignments focused on developer tooling. This internship opportunity gives candidates practical exposure to SQL, Excel, Data Analysis. The candidate will collaborate with engineers, complete scoped technical tasks, and present progress during regular reviews. Posting track 9-4 is tailored to early-career applicants building evidence through coursework, personal projects, or internships.",Query and summarize business data; Create dashboards and recurring reports; Validate data quality and investigate anomalies; Present actionable insights to stakeholders; Contribute to a scoped assignment involving developer tooling,"SQL, Excel, Data Analysis, Statistics","Power BI, Tableau, Python, Data Visualization, Documentation",Basic understanding of software development lifecycle; Attention to detail and ownership of assigned tasks; Good written and verbal communication,Entry-level candidates are welcome; practical coursework or projects are sufficient.,"Bachelor's student in Computer Science, IT, Engineering, Mathematics, Statistics, or a related field.",synthetic_curated,2026-08-30,"Job Title: Data Analyst Intern
Company: AppCrest Technologies
Location: Hyderabad, Telangana
Work Mode: On-site
Employment Type: Internship
Domain: Data Analytics
Description: AppCrest Technologies is seeking a Data Analyst Intern for its Data Analytics team, with assignments focused on developer tooling. This internship opportunity gives candidates practical exposure to SQL, Excel, Data Analysis. The candidate will collaborate with engineers, complete scoped technical tasks, and present progress during regular reviews. Posting track 9-4 is tailored to early-career applicants building evidence through coursework, personal projects, or internships.
Responsibilities: Query and summarize business data; Create dashboards and recurring reports; Validate data quality and investigate anomalies; Present actionable insights to stakeholders; Contribute to a scoped assignment involving developer tooling
Required Skills: SQL, Excel, Data Analysis, Statistics
Preferred Skills: Power BI, Tableau, Python, Data Visualization, Documentation
Qualifications: Basic understanding of software development lifecycle; Attention to detail and ownership of assigned tasks; Good written and verbal communication
Experience: Entry-level candidates are welcome; practical coursework or projects are sufficient.
Education: Bachelor's student in Computer Science, IT, Engineering, Mathematics, Statistics, or a related field."
JOB-0101,Business Data Analyst Intern,NovaByte Labs,"Bengaluru, Karnataka",Hybrid,Internship,Data Analytics,"NovaByte Labs is seeking a Business Data Analyst Intern for its Data Analytics team, with assignments focused on workflow automation. This internship opportunity gives candidates practical exposure to SQL, Excel, Data Analysis. The candidate will collaborate with engineers, complete scoped technical tasks, and present progress during regular reviews. Posting track 9-5 is tailored to early-career applicants building evidence through coursework, personal projects, or internships.",Query and summarize business data; Create dashboards and recurring reports; Validate data quality and investigate anomalies; Present actionable insights to stakeholders; Contribute to a scoped assignment involving workflow automation,"SQL, Excel, Data Analysis, Statistics","Power BI, Tableau, Python, Data Visualization, Communication",Ability to explain technical decisions clearly; Strong problem-solving and analytical ability; Ability to work effectively in a team,No prior professional experience required; academic projects are acceptable.,"Pursuing B.E./B.Tech in Computer Science, Information Technology, Electronics, or a related field.",synthetic_curated,2026-09-01,"Job Title: Business Data Analyst Intern
Company: NovaByte Labs
Location: Bengaluru, Karnataka
Work Mode: Hybrid
Employment Type: Internship
Domain: Data Analytics
Description: NovaByte Labs is seeking a Business Data Analyst Intern for its Data Analytics team, with assignments focused on workflow automation. This internship opportunity gives candidates practical exposure to SQL, Excel, Data Analysis. The candidate will collaborate with engineers, complete scoped technical tasks, and present progress during regular reviews. Posting track 9-5 is tailored to early-career applicants building evidence through coursework, personal projects, or internships.
Responsibilities: Query and summarize business data; Create dashboards and recurring reports; Validate data quality and investigate anomalies; Present actionable insights to stakeholders; Contribute to a scoped assignment involving workflow automation
Required Skills: SQL, Excel, Data Analysis, Statistics
Preferred Skills: Power BI, Tableau, Python, Data Visualization, Communication
Qualifications: Ability to explain technical decisions clearly; Strong problem-solving and analytical ability; Ability to work effectively in a team
Experience: No prior professional experience required; academic projects are acceptable.
Education: Pursuing B.E./B.Tech in Computer Science, Information Technology, Electronics, or a related field."
JOB-0102,Analytics Intern,PixelForge Systems,"Hyderabad, Telangana",Hybrid,Internship,Data Analytics,"PixelForge Systems is seeking a Analytics Intern for its Data Analytics team, with assignments focused on education technology platform. This internship opportunity gives candidates practical exposure to SQL, Excel, Data Analysis. The candidate will collaborate with engineers, complete scoped technical tasks, and present progress during regular reviews. Posting track 9-6 is tailored to early-career applicants building evidence through coursework, personal projects, or internships.",Query and summarize business data; Create dashboards and recurring reports; Validate data quality and investigate anomalies; Present actionable insights to stakeholders; Contribute to a scoped assignment involving education technology platform,"SQL, Excel, Data Analysis, Statistics","Power BI, Tableau, Python, Data Visualization, Problem Solving",Attention to detail and ownership of assigned tasks; Good written and verbal communication; Willingness to learn unfamiliar technologies,0–1 years of relevant experience; strong academic or personal projects are valued.,"Pursuing an undergraduate degree in Computer Science, Information Technology, Data Science, or a related discipline.",synthetic_curated,2026-09-03,"Job Title: Analytics Intern
Company: PixelForge Systems
Location: Hyderabad, Telangana
Work Mode: Hybrid
Employment Type: Internship
Domain: Data Analytics
Description: PixelForge Systems is seeking a Analytics Intern for its Data Analytics team, with assignments focused on education technology platform. This internship opportunity gives candidates practical exposure to SQL, Excel, Data Analysis. The candidate will collaborate with engineers, complete scoped technical tasks, and present progress during regular reviews. Posting track 9-6 is tailored to early-career applicants building evidence through coursework, personal projects, or internships.
Responsibilities: Query and summarize business data; Create dashboards and recurring reports; Validate data quality and investigate anomalies; Present actionable insights to stakeholders; Contribute to a scoped assignment involving education technology platform
Required Skills: SQL, Excel, Data Analysis, Statistics
Preferred Skills: Power BI, Tableau, Python, Data Visualization, Problem Solving
Qualifications: Attention to detail and ownership of assigned tasks; Good written and verbal communication; Willingness to learn unfamiliar technologies
Experience: 0–1 years of relevant experience; strong academic or personal projects are valued.
Education: Pursuing an undergraduate degree in Computer Science, Information Technology, Data Science, or a related discipline."
JOB-0103,Data Analyst Intern,CloudMint Innovations,"Pune, Maharashtra",Hybrid,Internship,Data Analytics,"CloudMint Innovations is seeking a Data Analyst Intern for its Data Analytics team, with assignments focused on cloud monitoring product. This internship opportunity gives candidates practical exposure to SQL, Excel, Data Analysis. The candidate will collaborate with engineers, complete scoped technical tasks, and present progress during regular reviews. Posting track 9-7 is tailored to early-career applicants building evidence through coursework, personal projects, or internships.",Query and summarize business data; Create dashboards and recurring reports; Validate data quality and investigate anomalies; Present actionable insights to stakeholders; Contribute to a scoped assignment involving cloud monitoring product,"SQL, Excel, Data Analysis, Statistics","Power BI, Tableau, Python, Data Visualization, Agile",Strong problem-solving and analytical ability; Ability to work effectively in a team; Basic understanding of software development lifecycle,Previous internship experience is preferred but not mandatory.,Final-year or pre-final-year undergraduate student in a relevant engineering or computing program.,synthetic_curated,2026-09-05,"Job Title: Data Analyst Intern
Company: CloudMint Innovations
Location: Pune, Maharashtra
Work Mode: Hybrid
Employment Type: Internship
Domain: Data Analytics
Description: CloudMint Innovations is seeking a Data Analyst Intern for its Data Analytics team, with assignments focused on cloud monitoring product. This internship opportunity gives candidates practical exposure to SQL, Excel, Data Analysis. The candidate will collaborate with engineers, complete scoped technical tasks, and present progress during regular reviews. Posting track 9-7 is tailored to early-career applicants building evidence through coursework, personal projects, or internships.
Responsibilities: Query and summarize business data; Create dashboards and recurring reports; Validate data quality and investigate anomalies; Present actionable insights to stakeholders; Contribute to a scoped assignment involving cloud monitoring product
Required Skills: SQL, Excel, Data Analysis, Statistics
Preferred Skills: Power BI, Tableau, Python, Data Visualization, Agile
Qualifications: Strong problem-solving and analytical ability; Ability to work effectively in a team; Basic understanding of software development lifecycle
Experience: Previous internship experience is preferred but not mandatory.
Education: Final-year or pre-final-year undergraduate student in a relevant engineering or computing program."
JOB-0104,Business Data Analyst Intern,QuantumLeaf Technologies,"Chennai, Tamil Nadu",Hybrid,Internship,Data Analytics,"QuantumLeaf Technologies is seeking a Business Data Analyst Intern for its Data Analytics team, with assignments focused on security operations platform. This internship opportunity gives candidates practical exposure to SQL, Excel, Data Analysis. The candidate will collaborate with engineers, complete scoped technical tasks, and present progress during regular reviews. Posting track 9-8 is tailored to early-career applicants building evidence through coursework, personal projects, or internships.",Query and summarize business data; Create dashboards and recurring reports; Validate data quality and investigate anomalies; Present actionable insights to stakeholders; Contribute to a scoped assignment involving security operations platform,"SQL, Excel, Data Analysis, Statistics","Power BI, Tableau, Python, Data Visualization, Documentation",Good written and verbal communication; Willingness to learn unfamiliar technologies; Ability to explain technical decisions clearly,Entry-level candidates are welcome; practical coursework or projects are sufficient.,"Bachelor's student in Computer Science, IT, Engineering, Mathematics, Statistics, or a related field.",synthetic_curated,2026-09-07,"Job Title: Business Data Analyst Intern
Company: QuantumLeaf Technologies
Location: Chennai, Tamil Nadu
Work Mode: Hybrid
Employment Type: Internship
Domain: Data Analytics
Description: QuantumLeaf Technologies is seeking a Business Data Analyst Intern for its Data Analytics team, with assignments focused on security operations platform. This internship opportunity gives candidates practical exposure to SQL, Excel, Data Analysis. The candidate will collaborate with engineers, complete scoped technical tasks, and present progress during regular reviews. Posting track 9-8 is tailored to early-career applicants building evidence through coursework, personal projects, or internships.
Responsibilities: Query and summarize business data; Create dashboards and recurring reports; Validate data quality and investigate anomalies; Present actionable insights to stakeholders; Contribute to a scoped assignment involving security operations platform
Required Skills: SQL, Excel, Data Analysis, Statistics
Preferred Skills: Power BI, Tableau, Python, Data Visualization, Documentation
Qualifications: Good written and verbal communication; Willingness to learn unfamiliar technologies; Ability to explain technical decisions clearly
Experience: Entry-level candidates are welcome; practical coursework or projects are sufficient.
Education: Bachelor's student in Computer Science, IT, Engineering, Mathematics, Statistics, or a related field."
JOB-0105,Analytics Intern,BrightStack Digital,"Remote, India",Remote,Internship,Data Analytics,"BrightStack Digital is seeking a Analytics Intern for its Data Analytics team, with assignments focused on data quality pipeline. This internship opportunity gives candidates practical exposure to SQL, Excel, Data Analysis. The candidate will collaborate with engineers, complete scoped technical tasks, and present progress during regular reviews. Posting track 9-9 is tailored to early-career applicants building evidence through coursework, personal projects, or internships.",Query and summarize business data; Create dashboards and recurring reports; Validate data quality and investigate anomalies; Present actionable insights to stakeholders; Contribute to a scoped assignment involving data quality pipeline,"SQL, Excel, Data Analysis, Statistics","Power BI, Tableau, Python, Data Visualization, Communication",Ability to work effectively in a team; Basic understanding of software development lifecycle; Attention to detail and ownership of assigned tasks,No prior professional experience required; academic projects are acceptable.,"Pursuing B.E./B.Tech in Computer Science, Information Technology, Electronics, or a related field.",synthetic_curated,2026-07-01,"Job Title: Analytics Intern
Company: BrightStack Digital
Location: Remote, India
Work Mode: Remote
Employment Type: Internship
Domain: Data Analytics
Description: BrightStack Digital is seeking a Analytics Intern for its Data Analytics team, with assignments focused on data quality pipeline. This internship opportunity gives candidates practical exposure to SQL, Excel, Data Analysis. The candidate will collaborate with engineers, complete scoped technical tasks, and present progress during regular reviews. Posting track 9-9 is tailored to early-career applicants building evidence through coursework, personal projects, or internships.
Responsibilities: Query and summarize business data; Create dashboards and recurring reports; Validate data quality and investigate anomalies; Present actionable insights to stakeholders; Contribute to a scoped assignment involving data quality pipeline
Required Skills: SQL, Excel, Data Analysis, Statistics
Preferred Skills: Power BI, Tableau, Python, Data Visualization, Communication
Qualifications: Ability to work effectively in a team; Basic understanding of software development lifecycle; Attention to detail and ownership of assigned tasks
Experience: No prior professional experience required; academic projects are acceptable.
Education: Pursuing B.E./B.Tech in Computer Science, Information Technology, Electronics, or a related field."
JOB-0106,Data Analyst Intern,AsterWave Technologies,"Remote, India",Remote,Internship,Data Analytics,"AsterWave Technologies is seeking a Data Analyst Intern for its Data Analytics team, with assignments focused on mobile-first user experience. This internship opportunity gives candidates practical exposure to SQL, Excel, Data Analysis. The candidate will collaborate with engineers, complete scoped technical tasks, and present progress during regular reviews. Posting track 9-10 is tailored to early-career applicants building evidence through coursework, personal projects, or internships.",Query and summarize business data; Create dashboards and recurring reports; Validate data quality and investigate anomalies; Present actionable insights to stakeholders; Contribute to a scoped assignment involving mobile-first user experience,"SQL, Excel, Data Analysis, Statistics","Power BI, Tableau, Python, Data Visualization, Problem Solving",Willingness to learn unfamiliar technologies; Ability to explain technical decisions clearly; Strong problem-solving and analytical ability,0–1 years of relevant experience; strong academic or personal projects are valued.,"Pursuing an undergraduate degree in Computer Science, Information Technology, Data Science, or a related discipline.",synthetic_curated,2026-07-03,"Job Title: Data Analyst Intern
Company: AsterWave Technologies
Location: Remote, India
Work Mode: Remote
Employment Type: Internship
Domain: Data Analytics
Description: AsterWave Technologies is seeking a Data Analyst Intern for its Data Analytics team, with assignments focused on mobile-first user experience. This internship opportunity gives candidates practical exposure to SQL, Excel, Data Analysis. The candidate will collaborate with engineers, complete scoped technical tasks, and present progress during regular reviews. Posting track 9-10 is tailored to early-career applicants building evidence through coursework, personal projects, or internships.
Responsibilities: Query and summarize business data; Create dashboards and recurring reports; Validate data quality and investigate anomalies; Present actionable insights to stakeholders; Contribute to a scoped assignment involving mobile-first user experience
Required Skills: SQL, Excel, Data Analysis, Statistics
Preferred Skills: Power BI, Tableau, Python, Data Visualization, Problem Solving
Qualifications: Willingness to learn unfamiliar technologies; Ability to explain technical decisions clearly; Strong problem-solving and analytical ability
Experience: 0–1 years of relevant experience; strong academic or personal projects are valued.
Education: Pursuing an undergraduate degree in Computer Science, Information Technology, Data Science, or a related discipline."
JOB-0107,Business Data Analyst Intern,TechSprout Solutions,"Remote, India",Remote,Entry Level,Data Analytics,"TechSprout Solutions is seeking a Business Data Analyst Intern for its Data Analytics team, with assignments focused on enterprise reporting solution. This entry level opportunity gives candidates practical exposure to SQL, Excel, Data Analysis. The candidate will collaborate with engineers, complete scoped technical tasks, and present progress during regular reviews. Posting track 9-11 is tailored to early-career applicants building evidence through coursework, personal projects, or internships.",Query and summarize business data; Create dashboards and recurring reports; Validate data quality and investigate anomalies; Present actionable insights to stakeholders; Contribute to a scoped assignment involving enterprise reporting solution,"SQL, Excel, Data Analysis, Statistics","Power BI, Tableau, Python, Data Visualization, Agile",Basic understanding of software development lifecycle; Attention to detail and ownership of assigned tasks; Good written and verbal communication,Previous internship experience is preferred but not mandatory.,Final-year or pre-final-year undergraduate student in a relevant engineering or computing program.,synthetic_curated,2026-07-05,"Job Title: Business Data Analyst Intern
Company: TechSprout Solutions
Location: Remote, India
Work Mode: Remote
Employment Type: Entry Level
Domain: Data Analytics
Description: TechSprout Solutions is seeking a Business Data Analyst Intern for its Data Analytics team, with assignments focused on enterprise reporting solution. This entry level opportunity gives candidates practical exposure to SQL, Excel, Data Analysis. The candidate will collaborate with engineers, complete scoped technical tasks, and present progress during regular reviews. Posting track 9-11 is tailored to early-career applicants building evidence through coursework, personal projects, or internships.
Responsibilities: Query and summarize business data; Create dashboards and recurring reports; Validate data quality and investigate anomalies; Present actionable insights to stakeholders; Contribute to a scoped assignment involving enterprise reporting solution
Required Skills: SQL, Excel, Data Analysis, Statistics
Preferred Skills: Power BI, Tableau, Python, Data Visualization, Agile
Qualifications: Basic understanding of software development lifecycle; Attention to detail and ownership of assigned tasks; Good written and verbal communication
Experience: Previous internship experience is preferred but not mandatory.
Education: Final-year or pre-final-year undergraduate student in a relevant engineering or computing program."
JOB-0108,Analytics Intern,DeepRiver Analytics,"Remote, India",Remote,Entry Level,Data Analytics,"DeepRiver Analytics is seeking a Analytics Intern for its Data Analytics team, with assignments focused on API integration layer. This entry level opportunity gives candidates practical exposure to SQL, Excel, Data Analysis. The candidate will collaborate with engineers, complete scoped technical tasks, and present progress during regular reviews. Posting track 9-12 is tailored to early-career applicants building evidence through coursework, personal projects, or internships.",Query and summarize business data; Create dashboards and recurring reports; Validate data quality and investigate anomalies; Present actionable insights to stakeholders; Contribute to a scoped assignment involving API integration layer,"SQL, Excel, Data Analysis, Statistics","Power BI, Tableau, Python, Data Visualization, Documentation",Ability to explain technical decisions clearly; Strong problem-solving and analytical ability; Ability to work effectively in a team,Entry-level candidates are welcome; practical coursework or projects are sufficient.,"Bachelor's student in Computer Science, IT, Engineering, Mathematics, Statistics, or a related field.",synthetic_curated,2026-07-07,"Job Title: Analytics Intern
Company: DeepRiver Analytics
Location: Remote, India
Work Mode: Remote
Employment Type: Entry Level
Domain: Data Analytics
Description: DeepRiver Analytics is seeking a Analytics Intern for its Data Analytics team, with assignments focused on API integration layer. This entry level opportunity gives candidates practical exposure to SQL, Excel, Data Analysis. The candidate will collaborate with engineers, complete scoped technical tasks, and present progress during regular reviews. Posting track 9-12 is tailored to early-career applicants building evidence through coursework, personal projects, or internships.
Responsibilities: Query and summarize business data; Create dashboards and recurring reports; Validate data quality and investigate anomalies; Present actionable insights to stakeholders; Contribute to a scoped assignment involving API integration layer
Required Skills: SQL, Excel, Data Analysis, Statistics
Preferred Skills: Power BI, Tableau, Python, Data Visualization, Documentation
Qualifications: Ability to explain technical decisions clearly; Strong problem-solving and analytical ability; Ability to work effectively in a team
Experience: Entry-level candidates are welcome; practical coursework or projects are sufficient.
Education: Bachelor's student in Computer Science, IT, Engineering, Mathematics, Statistics, or a related field."
JOB-0109,Cloud Engineering Intern,InsightMesh Analytics,"Ahmedabad, Gujarat",On-site,Internship,Cloud Computing,"InsightMesh Analytics is seeking a Cloud Engineering Intern for its Cloud Computing team, with assignments focused on developer tooling. This internship opportunity gives candidates practical exposure to Linux, Networking, Cloud Fundamentals. The candidate will collaborate with engineers, complete scoped technical tasks, and present progress during regular reviews. Posting track 10-1 is tailored to early-career applicants building evidence through coursework, personal projects, or internships.",Support cloud environment configuration; Assist with deployment and monitoring activities; Document infrastructure and operational procedures; Automate routine cloud administration tasks; Contribute to a scoped assignment involving developer tooling,"Linux, Networking, Cloud Fundamentals, Git","AWS, Docker, Terraform, Python, Communication",Ability to work effectively in a team; Basic understanding of software development lifecycle; Attention to detail and ownership of assigned tasks,Previous internship experience is preferred but not mandatory.,"Pursuing an undergraduate degree in Computer Science, Information Technology, Data Science, or a related discipline.",synthetic_curated,2026-07-09,"Job Title: Cloud Engineering Intern
Company: InsightMesh Analytics
Location: Ahmedabad, Gujarat
Work Mode: On-site
Employment Type: Internship
Domain: Cloud Computing
Description: InsightMesh Analytics is seeking a Cloud Engineering Intern for its Cloud Computing team, with assignments focused on developer tooling. This internship opportunity gives candidates practical exposure to Linux, Networking, Cloud Fundamentals. The candidate will collaborate with engineers, complete scoped technical tasks, and present progress during regular reviews. Posting track 10-1 is tailored to early-career applicants building evidence through coursework, personal projects, or internships.
Responsibilities: Support cloud environment configuration; Assist with deployment and monitoring activities; Document infrastructure and operational procedures; Automate routine cloud administration tasks; Contribute to a scoped assignment involving developer tooling
Required Skills: Linux, Networking, Cloud Fundamentals, Git
Preferred Skills: AWS, Docker, Terraform, Python, Communication
Qualifications: Ability to work effectively in a team; Basic understanding of software development lifecycle; Attention to detail and ownership of assigned tasks
Experience: Previous internship experience is preferred but not mandatory.
Education: Pursuing an undergraduate degree in Computer Science, Information Technology, Data Science, or a related discipline."
JOB-0110,AWS Cloud Intern,DevSphere Labs,"Kolkata, West Bengal",On-site,Internship,Cloud Computing,"DevSphere Labs is seeking a AWS Cloud Intern for its Cloud Computing team, with assignments focused on workflow automation. This internship opportunity gives candidates practical exposure to Linux, Networking, Cloud Fundamentals. The candidate will collaborate with engineers, complete scoped technical tasks, and present progress during regular reviews. Posting track 10-2 is tailored to early-career applicants building evidence through coursework, personal projects, or internships.",Support cloud environment configuration; Assist with deployment and monitoring activities; Document infrastructure and operational procedures; Automate routine cloud administration tasks; Contribute to a scoped assignment involving workflow automation,"Linux, Networking, Cloud Fundamentals, Git","AWS, Docker, Terraform, Python, Problem Solving",Willingness to learn unfamiliar technologies; Ability to explain technical decisions clearly; Strong problem-solving and analytical ability,Entry-level candidates are welcome; practical coursework or projects are sufficient.,Final-year or pre-final-year undergraduate student in a relevant engineering or computing program.,synthetic_curated,2026-07-11,"Job Title: AWS Cloud Intern
Company: DevSphere Labs
Location: Kolkata, West Bengal
Work Mode: On-site
Employment Type: Internship
Domain: Cloud Computing
Description: DevSphere Labs is seeking a AWS Cloud Intern for its Cloud Computing team, with assignments focused on workflow automation. This internship opportunity gives candidates practical exposure to Linux, Networking, Cloud Fundamentals. The candidate will collaborate with engineers, complete scoped technical tasks, and present progress during regular reviews. Posting track 10-2 is tailored to early-career applicants building evidence through coursework, personal projects, or internships.
Responsibilities: Support cloud environment configuration; Assist with deployment and monitoring activities; Document infrastructure and operational procedures; Automate routine cloud administration tasks; Contribute to a scoped assignment involving workflow automation
Required Skills: Linux, Networking, Cloud Fundamentals, Git
Preferred Skills: AWS, Docker, Terraform, Python, Problem Solving
Qualifications: Willingness to learn unfamiliar technologies; Ability to explain technical decisions clearly; Strong problem-solving and analytical ability
Experience: Entry-level candidates are welcome; practical coursework or projects are sufficient.
Education: Final-year or pre-final-year undergraduate student in a relevant engineering or computing program."
JOB-0111,Cloud Operations Intern,BlueOrbit Technologies,"Hyderabad, Telangana",On-site,Internship,Cloud Computing,"BlueOrbit Technologies is seeking a Cloud Operations Intern for its Cloud Computing team, with assignments focused on education technology platform. This internship opportunity gives candidates practical exposure to Linux, Networking, Cloud Fundamentals. The candidate will collaborate with engineers, complete scoped technical tasks, and present progress during regular reviews. Posting track 10-3 is tailored to early-career applicants building evidence through coursework, personal projects, or internships.",Support cloud environment configuration; Assist with deployment and monitoring activities; Document infrastructure and operational procedures; Automate routine cloud administration tasks; Contribute to a scoped assignment involving education technology platform,"Linux, Networking, Cloud Fundamentals, Git","AWS, Docker, Terraform, Python, Agile",Basic understanding of software development lifecycle; Attention to detail and ownership of assigned tasks; Good written and verbal communication,No prior professional experience required; academic projects are acceptable.,"Bachelor's student in Computer Science, IT, Engineering, Mathematics, Statistics, or a related field.",synthetic_curated,2026-07-13,"Job Title: Cloud Operations Intern
Company: BlueOrbit Technologies
Location: Hyderabad, Telangana
Work Mode: On-site
Employment Type: Internship
Domain: Cloud Computing
Description: BlueOrbit Technologies is seeking a Cloud Operations Intern for its Cloud Computing team, with assignments focused on education technology platform. This internship opportunity gives candidates practical exposure to Linux, Networking, Cloud Fundamentals. The candidate will collaborate with engineers, complete scoped technical tasks, and present progress during regular reviews. Posting track 10-3 is tailored to early-career applicants building evidence through coursework, personal projects, or internships.
Responsibilities: Support cloud environment configuration; Assist with deployment and monitoring activities; Document infrastructure and operational procedures; Automate routine cloud administration tasks; Contribute to a scoped assignment involving education technology platform
Required Skills: Linux, Networking, Cloud Fundamentals, Git
Preferred Skills: AWS, Docker, Terraform, Python, Agile
Qualifications: Basic understanding of software development lifecycle; Attention to detail and ownership of assigned tasks; Good written and verbal communication
Experience: No prior professional experience required; academic projects are acceptable.
Education: Bachelor's student in Computer Science, IT, Engineering, Mathematics, Statistics, or a related field."
JOB-0112,Cloud Engineering Intern,DataNest Solutions,"Bengaluru, Karnataka",On-site,Internship,Cloud Computing,"DataNest Solutions is seeking a Cloud Engineering Intern for its Cloud Computing team, with assignments focused on cloud monitoring product. This internship opportunity gives candidates practical exposure to Linux, Networking, Cloud Fundamentals. The candidate will collaborate with engineers, complete scoped technical tasks, and present progress during regular reviews. Posting track 10-4 is tailored to early-career applicants building evidence through coursework, personal projects, or internships.",Support cloud environment configuration; Assist with deployment and monitoring activities; Document infrastructure and operational procedures; Automate routine cloud administration tasks; Contribute to a scoped assignment involving cloud monitoring product,"Linux, Networking, Cloud Fundamentals, Git","AWS, Docker, Terraform, Python, Documentation",Ability to explain technical decisions clearly; Strong problem-solving and analytical ability; Ability to work effectively in a team,0–1 years of relevant experience; strong academic or personal projects are valued.,"Pursuing B.E./B.Tech in Computer Science, Information Technology, Electronics, or a related field.",synthetic_curated,2026-07-15,"Job Title: Cloud Engineering Intern
Company: DataNest Solutions
Location: Bengaluru, Karnataka
Work Mode: On-site
Employment Type: Internship
Domain: Cloud Computing
Description: DataNest Solutions is seeking a Cloud Engineering Intern for its Cloud Computing team, with assignments focused on cloud monitoring product. This internship opportunity gives candidates practical exposure to Linux, Networking, Cloud Fundamentals. The candidate will collaborate with engineers, complete scoped technical tasks, and present progress during regular reviews. Posting track 10-4 is tailored to early-career applicants building evidence through coursework, personal projects, or internships.
Responsibilities: Support cloud environment configuration; Assist with deployment and monitoring activities; Document infrastructure and operational procedures; Automate routine cloud administration tasks; Contribute to a scoped assignment involving cloud monitoring product
Required Skills: Linux, Networking, Cloud Fundamentals, Git
Preferred Skills: AWS, Docker, Terraform, Python, Documentation
Qualifications: Ability to explain technical decisions clearly; Strong problem-solving and analytical ability; Ability to work effectively in a team
Experience: 0–1 years of relevant experience; strong academic or personal projects are valued.
Education: Pursuing B.E./B.Tech in Computer Science, Information Technology, Electronics, or a related field."
JOB-0113,AWS Cloud Intern,VertexLoop Software,"Hyderabad, Telangana",Hybrid,Internship,Cloud Computing,"VertexLoop Software is seeking a AWS Cloud Intern for its Cloud Computing team, with assignments focused on security operations platform. This internship opportunity gives candidates practical exposure to Linux, Networking, Cloud Fundamentals. The candidate will collaborate with engineers, complete scoped technical tasks, and present progress during regular reviews. Posting track 10-5 is tailored to early-career applicants building evidence through coursework, personal projects, or internships.",Support cloud environment configuration; Assist with deployment and monitoring activities; Document infrastructure and operational procedures; Automate routine cloud administration tasks; Contribute to a scoped assignment involving security operations platform,"Linux, Networking, Cloud Fundamentals, Git","AWS, Docker, Terraform, Python, Communication",Attention to detail and ownership of assigned tasks; Good written and verbal communication; Willingness to learn unfamiliar technologies,Previous internship experience is preferred but not mandatory.,"Pursuing an undergraduate degree in Computer Science, Information Technology, Data Science, or a related discipline.",synthetic_curated,2026-07-17,"Job Title: AWS Cloud Intern
Company: VertexLoop Software
Location: Hyderabad, Telangana
Work Mode: Hybrid
Employment Type: Internship
Domain: Cloud Computing
Description: VertexLoop Software is seeking a AWS Cloud Intern for its Cloud Computing team, with assignments focused on security operations platform. This internship opportunity gives candidates practical exposure to Linux, Networking, Cloud Fundamentals. The candidate will collaborate with engineers, complete scoped technical tasks, and present progress during regular reviews. Posting track 10-5 is tailored to early-career applicants building evidence through coursework, personal projects, or internships.
Responsibilities: Support cloud environment configuration; Assist with deployment and monitoring activities; Document infrastructure and operational procedures; Automate routine cloud administration tasks; Contribute to a scoped assignment involving security operations platform
Required Skills: Linux, Networking, Cloud Fundamentals, Git
Preferred Skills: AWS, Docker, Terraform, Python, Communication
Qualifications: Attention to detail and ownership of assigned tasks; Good written and verbal communication; Willingness to learn unfamiliar technologies
Experience: Previous internship experience is preferred but not mandatory.
Education: Pursuing an undergraduate degree in Computer Science, Information Technology, Data Science, or a related discipline."
JOB-0114,Cloud Operations Intern,CodeHarbor Labs,"Pune, Maharashtra",Hybrid,Internship,Cloud Computing,"CodeHarbor Labs is seeking a Cloud Operations Intern for its Cloud Computing team, with assignments focused on data quality pipeline. This internship opportunity gives candidates practical exposure to Linux, Networking, Cloud Fundamentals. The candidate will collaborate with engineers, complete scoped technical tasks, and present progress during regular reviews. Posting track 10-6 is tailored to early-career applicants building evidence through coursework, personal projects, or internships.",Support cloud environment configuration; Assist with deployment and monitoring activities; Document infrastructure and operational procedures; Automate routine cloud administration tasks; Contribute to a scoped assignment involving data quality pipeline,"Linux, Networking, Cloud Fundamentals, Git","AWS, Docker, Terraform, Python, Problem Solving",Strong problem-solving and analytical ability; Ability to work effectively in a team; Basic understanding of software development lifecycle,Entry-level candidates are welcome; practical coursework or projects are sufficient.,Final-year or pre-final-year undergraduate student in a relevant engineering or computing program.,synthetic_curated,2026-07-19,"Job Title: Cloud Operations Intern
Company: CodeHarbor Labs
Location: Pune, Maharashtra
Work Mode: Hybrid
Employment Type: Internship
Domain: Cloud Computing
Description: CodeHarbor Labs is seeking a Cloud Operations Intern for its Cloud Computing team, with assignments focused on data quality pipeline. This internship opportunity gives candidates practical exposure to Linux, Networking, Cloud Fundamentals. The candidate will collaborate with engineers, complete scoped technical tasks, and present progress during regular reviews. Posting track 10-6 is tailored to early-career applicants building evidence through coursework, personal projects, or internships.
Responsibilities: Support cloud environment configuration; Assist with deployment and monitoring activities; Document infrastructure and operational procedures; Automate routine cloud administration tasks; Contribute to a scoped assignment involving data quality pipeline
Required Skills: Linux, Networking, Cloud Fundamentals, Git
Preferred Skills: AWS, Docker, Terraform, Python, Problem Solving
Qualifications: Strong problem-solving and analytical ability; Ability to work effectively in a team; Basic understanding of software development lifecycle
Experience: Entry-level candidates are welcome; practical coursework or projects are sufficient.
Education: Final-year or pre-final-year undergraduate student in a relevant engineering or computing program."
JOB-0115,Cloud Engineering Intern,NexaGrid Systems,"Chennai, Tamil Nadu",Hybrid,Internship,Cloud Computing,"NexaGrid Systems is seeking a Cloud Engineering Intern for its Cloud Computing team, with assignments focused on mobile-first user experience. This internship opportunity gives candidates practical exposure to Linux, Networking, Cloud Fundamentals. The candidate will collaborate with engineers, complete scoped technical tasks, and present progress during regular reviews. Posting track 10-7 is tailored to early-career applicants building evidence through coursework, personal projects, or internships.",Support cloud environment configuration; Assist with deployment and monitoring activities; Document infrastructure and operational procedures; Automate routine cloud administration tasks; Contribute to a scoped assignment involving mobile-first user experience,"Linux, Networking, Cloud Fundamentals, Git","AWS, Docker, Terraform, Python, Agile",Good written and verbal communication; Willingness to learn unfamiliar technologies; Ability to explain technical decisions clearly,No prior professional experience required; academic projects are acceptable.,"Bachelor's student in Computer Science, IT, Engineering, Mathematics, Statistics, or a related field.",synthetic_curated,2026-07-21,"Job Title: Cloud Engineering Intern
Company: NexaGrid Systems
Location: Chennai, Tamil Nadu
Work Mode: Hybrid
Employment Type: Internship
Domain: Cloud Computing
Description: NexaGrid Systems is seeking a Cloud Engineering Intern for its Cloud Computing team, with assignments focused on mobile-first user experience. This internship opportunity gives candidates practical exposure to Linux, Networking, Cloud Fundamentals. The candidate will collaborate with engineers, complete scoped technical tasks, and present progress during regular reviews. Posting track 10-7 is tailored to early-career applicants building evidence through coursework, personal projects, or internships.
Responsibilities: Support cloud environment configuration; Assist with deployment and monitoring activities; Document infrastructure and operational procedures; Automate routine cloud administration tasks; Contribute to a scoped assignment involving mobile-first user experience
Required Skills: Linux, Networking, Cloud Fundamentals, Git
Preferred Skills: AWS, Docker, Terraform, Python, Agile
Qualifications: Good written and verbal communication; Willingness to learn unfamiliar technologies; Ability to explain technical decisions clearly
Experience: No prior professional experience required; academic projects are acceptable.
Education: Bachelor's student in Computer Science, IT, Engineering, Mathematics, Statistics, or a related field."
JOB-0116,AWS Cloud Intern,LogicBloom Labs,"Gurugram, Haryana",Hybrid,Internship,Cloud Computing,"LogicBloom Labs is seeking a AWS Cloud Intern for its Cloud Computing team, with assignments focused on enterprise reporting solution. This internship opportunity gives candidates practical exposure to Linux, Networking, Cloud Fundamentals. The candidate will collaborate with engineers, complete scoped technical tasks, and present progress during regular reviews. Posting track 10-8 is tailored to early-career applicants building evidence through coursework, personal projects, or internships.",Support cloud environment configuration; Assist with deployment and monitoring activities; Document infrastructure and operational procedures; Automate routine cloud administration tasks; Contribute to a scoped assignment involving enterprise reporting solution,"Linux, Networking, Cloud Fundamentals, Git","AWS, Docker, Terraform, Python, Documentation",Ability to work effectively in a team; Basic understanding of software development lifecycle; Attention to detail and ownership of assigned tasks,0–1 years of relevant experience; strong academic or personal projects are valued.,"Pursuing B.E./B.Tech in Computer Science, Information Technology, Electronics, or a related field.",synthetic_curated,2026-07-23,"Job Title: AWS Cloud Intern
Company: LogicBloom Labs
Location: Gurugram, Haryana
Work Mode: Hybrid
Employment Type: Internship
Domain: Cloud Computing
Description: LogicBloom Labs is seeking a AWS Cloud Intern for its Cloud Computing team, with assignments focused on enterprise reporting solution. This internship opportunity gives candidates practical exposure to Linux, Networking, Cloud Fundamentals. The candidate will collaborate with engineers, complete scoped technical tasks, and present progress during regular reviews. Posting track 10-8 is tailored to early-career applicants building evidence through coursework, personal projects, or internships.
Responsibilities: Support cloud environment configuration; Assist with deployment and monitoring activities; Document infrastructure and operational procedures; Automate routine cloud administration tasks; Contribute to a scoped assignment involving enterprise reporting solution
Required Skills: Linux, Networking, Cloud Fundamentals, Git
Preferred Skills: AWS, Docker, Terraform, Python, Documentation
Qualifications: Ability to work effectively in a team; Basic understanding of software development lifecycle; Attention to detail and ownership of assigned tasks
Experience: 0–1 years of relevant experience; strong academic or personal projects are valued.
Education: Pursuing B.E./B.Tech in Computer Science, Information Technology, Electronics, or a related field."
JOB-0117,Cloud Operations Intern,OrbitCraft Software,"Remote, India",Remote,Internship,Cloud Computing,"OrbitCraft Software is seeking a Cloud Operations Intern for its Cloud Computing team, with assignments focused on API integration layer. This internship opportunity gives candidates practical exposure to Linux, Networking, Cloud Fundamentals. The candidate will collaborate with engineers, complete scoped technical tasks, and present progress during regular reviews. Posting track 10-9 is tailored to early-career applicants building evidence through coursework, personal projects, or internships.",Support cloud environment configuration; Assist with deployment and monitoring activities; Document infrastructure and operational procedures; Automate routine cloud administration tasks; Contribute to a scoped assignment involving API integration layer,"Linux, Networking, Cloud Fundamentals, Git","AWS, Docker, Terraform, Python, Communication",Willingness to learn unfamiliar technologies; Ability to explain technical decisions clearly; Strong problem-solving and analytical ability,Previous internship experience is preferred but not mandatory.,"Pursuing an undergraduate degree in Computer Science, Information Technology, Data Science, or a related discipline.",synthetic_curated,2026-07-25,"Job Title: Cloud Operations Intern
Company: OrbitCraft Software
Location: Remote, India
Work Mode: Remote
Employment Type: Internship
Domain: Cloud Computing
Description: OrbitCraft Software is seeking a Cloud Operations Intern for its Cloud Computing team, with assignments focused on API integration layer. This internship opportunity gives candidates practical exposure to Linux, Networking, Cloud Fundamentals. The candidate will collaborate with engineers, complete scoped technical tasks, and present progress during regular reviews. Posting track 10-9 is tailored to early-career applicants building evidence through coursework, personal projects, or internships.
Responsibilities: Support cloud environment configuration; Assist with deployment and monitoring activities; Document infrastructure and operational procedures; Automate routine cloud administration tasks; Contribute to a scoped assignment involving API integration layer
Required Skills: Linux, Networking, Cloud Fundamentals, Git
Preferred Skills: AWS, Docker, Terraform, Python, Communication
Qualifications: Willingness to learn unfamiliar technologies; Ability to explain technical decisions clearly; Strong problem-solving and analytical ability
Experience: Previous internship experience is preferred but not mandatory.
Education: Pursuing an undergraduate degree in Computer Science, Information Technology, Data Science, or a related discipline."
JOB-0118,Cloud Engineering Intern,CoreVista Technologies,"Remote, India",Remote,Internship,Cloud Computing,"CoreVista Technologies is seeking a Cloud Engineering Intern for its Cloud Computing team, with assignments focused on internal productivity tools. This internship opportunity gives candidates practical exposure to Linux, Networking, Cloud Fundamentals. The candidate will collaborate with engineers, complete scoped technical tasks, and present progress during regular reviews. Posting track 10-10 is tailored to early-career applicants building evidence through coursework, personal projects, or internships.",Support cloud environment configuration; Assist with deployment and monitoring activities; Document infrastructure and operational procedures; Automate routine cloud administration tasks; Contribute to a scoped assignment involving internal productivity tools,"Linux, Networking, Cloud Fundamentals, Git","AWS, Docker, Terraform, Python, Problem Solving",Basic understanding of software development lifecycle; Attention to detail and ownership of assigned tasks; Good written and verbal communication,Entry-level candidates are welcome; practical coursework or projects are sufficient.,Final-year or pre-final-year undergraduate student in a relevant engineering or computing program.,synthetic_curated,2026-07-27,"Job Title: Cloud Engineering Intern
Company: CoreVista Technologies
Location: Remote, India
Work Mode: Remote
Employment Type: Internship
Domain: Cloud Computing
Description: CoreVista Technologies is seeking a Cloud Engineering Intern for its Cloud Computing team, with assignments focused on internal productivity tools. This internship opportunity gives candidates practical exposure to Linux, Networking, Cloud Fundamentals. The candidate will collaborate with engineers, complete scoped technical tasks, and present progress during regular reviews. Posting track 10-10 is tailored to early-career applicants building evidence through coursework, personal projects, or internships.
Responsibilities: Support cloud environment configuration; Assist with deployment and monitoring activities; Document infrastructure and operational procedures; Automate routine cloud administration tasks; Contribute to a scoped assignment involving internal productivity tools
Required Skills: Linux, Networking, Cloud Fundamentals, Git
Preferred Skills: AWS, Docker, Terraform, Python, Problem Solving
Qualifications: Basic understanding of software development lifecycle; Attention to detail and ownership of assigned tasks; Good written and verbal communication
Experience: Entry-level candidates are welcome; practical coursework or projects are sufficient.
Education: Final-year or pre-final-year undergraduate student in a relevant engineering or computing program."
JOB-0119,AWS Cloud Intern,ByteBridge Innovations,"Remote, India",Remote,Entry Level,Cloud Computing,"ByteBridge Innovations is seeking a AWS Cloud Intern for its Cloud Computing team, with assignments focused on customer onboarding platform. This entry level opportunity gives candidates practical exposure to Linux, Networking, Cloud Fundamentals. The candidate will collaborate with engineers, complete scoped technical tasks, and present progress during regular reviews. Posting track 10-11 is tailored to early-career applicants building evidence through coursework, personal projects, or internships.",Support cloud environment configuration; Assist with deployment and monitoring activities; Document infrastructure and operational procedures; Automate routine cloud administration tasks; Contribute to a scoped assignment involving customer onboarding platform,"Linux, Networking, Cloud Fundamentals, Git","AWS, Docker, Terraform, Python, Agile",Ability to explain technical decisions clearly; Strong problem-solving and analytical ability; Ability to work effectively in a team,No prior professional experience required; academic projects are acceptable.,"Bachelor's student in Computer Science, IT, Engineering, Mathematics, Statistics, or a related field.",synthetic_curated,2026-07-29,"Job Title: AWS Cloud Intern
Company: ByteBridge Innovations
Location: Remote, India
Work Mode: Remote
Employment Type: Entry Level
Domain: Cloud Computing
Description: ByteBridge Innovations is seeking a AWS Cloud Intern for its Cloud Computing team, with assignments focused on customer onboarding platform. This entry level opportunity gives candidates practical exposure to Linux, Networking, Cloud Fundamentals. The candidate will collaborate with engineers, complete scoped technical tasks, and present progress during regular reviews. Posting track 10-11 is tailored to early-career applicants building evidence through coursework, personal projects, or internships.
Responsibilities: Support cloud environment configuration; Assist with deployment and monitoring activities; Document infrastructure and operational procedures; Automate routine cloud administration tasks; Contribute to a scoped assignment involving customer onboarding platform
Required Skills: Linux, Networking, Cloud Fundamentals, Git
Preferred Skills: AWS, Docker, Terraform, Python, Agile
Qualifications: Ability to explain technical decisions clearly; Strong problem-solving and analytical ability; Ability to work effectively in a team
Experience: No prior professional experience required; academic projects are acceptable.
Education: Bachelor's student in Computer Science, IT, Engineering, Mathematics, Statistics, or a related field."
JOB-0120,Cloud Operations Intern,InfraNova Technologies,"Remote, India",Remote,Entry Level,Cloud Computing,"InfraNova Technologies is seeking a Cloud Operations Intern for its Cloud Computing team, with assignments focused on analytics dashboard. This entry level opportunity gives candidates practical exposure to Linux, Networking, Cloud Fundamentals. The candidate will collaborate with engineers, complete scoped technical tasks, and present progress during regular reviews. Posting track 10-12 is tailored to early-career applicants building evidence through coursework, personal projects, or internships.",Support cloud environment configuration; Assist with deployment and monitoring activities; Document infrastructure and operational procedures; Automate routine cloud administration tasks; Contribute to a scoped assignment involving analytics dashboard,"Linux, Networking, Cloud Fundamentals, Git","AWS, Docker, Terraform, Python, Documentation",Attention to detail and ownership of assigned tasks; Good written and verbal communication; Willingness to learn unfamiliar technologies,0–1 years of relevant experience; strong academic or personal projects are valued.,"Pursuing B.E./B.Tech in Computer Science, Information Technology, Electronics, or a related field.",synthetic_curated,2026-07-31,"Job Title: Cloud Operations Intern
Company: InfraNova Technologies
Location: Remote, India
Work Mode: Remote
Employment Type: Entry Level
Domain: Cloud Computing
Description: InfraNova Technologies is seeking a Cloud Operations Intern for its Cloud Computing team, with assignments focused on analytics dashboard. This entry level opportunity gives candidates practical exposure to Linux, Networking, Cloud Fundamentals. The candidate will collaborate with engineers, complete scoped technical tasks, and present progress during regular reviews. Posting track 10-12 is tailored to early-career applicants building evidence through coursework, personal projects, or internships.
Responsibilities: Support cloud environment configuration; Assist with deployment and monitoring activities; Document infrastructure and operational procedures; Automate routine cloud administration tasks; Contribute to a scoped assignment involving analytics dashboard
Required Skills: Linux, Networking, Cloud Fundamentals, Git
Preferred Skills: AWS, Docker, Terraform, Python, Documentation
Qualifications: Attention to detail and ownership of assigned tasks; Good written and verbal communication; Willingness to learn unfamiliar technologies
Experience: 0–1 years of relevant experience; strong academic or personal projects are valued.
Education: Pursuing B.E./B.Tech in Computer Science, Information Technology, Electronics, or a related field."
JOB-0121,DevOps Intern,PixelForge Systems,"Kolkata, West Bengal",On-site,Internship,DevOps,"PixelForge Systems is seeking a DevOps Intern for its DevOps team, with assignments focused on cloud monitoring product. This internship opportunity gives candidates practical exposure to Linux, Git, Scripting. The candidate will collaborate with engineers, complete scoped technical tasks, and present progress during regular reviews. Posting track 11-1 is tailored to early-career applicants building evidence through coursework, personal projects, or internships.",Maintain CI/CD workflows; Automate repetitive engineering tasks; Assist with containerized application deployments; Monitor build and deployment health; Contribute to a scoped assignment involving cloud monitoring product,"Linux, Git, Scripting, Networking","Docker, Jenkins, GitHub Actions, Kubernetes, Communication",Willingness to learn unfamiliar technologies; Ability to explain technical decisions clearly; Strong problem-solving and analytical ability,No prior professional experience required; academic projects are acceptable.,Final-year or pre-final-year undergraduate student in a relevant engineering or computing program.,synthetic_curated,2026-08-02,"Job Title: DevOps Intern
Company: PixelForge Systems
Location: Kolkata, West Bengal
Work Mode: On-site
Employment Type: Internship
Domain: DevOps
Description: PixelForge Systems is seeking a DevOps Intern for its DevOps team, with assignments focused on cloud monitoring product. This internship opportunity gives candidates practical exposure to Linux, Git, Scripting. The candidate will collaborate with engineers, complete scoped technical tasks, and present progress during regular reviews. Posting track 11-1 is tailored to early-career applicants building evidence through coursework, personal projects, or internships.
Responsibilities: Maintain CI/CD workflows; Automate repetitive engineering tasks; Assist with containerized application deployments; Monitor build and deployment health; Contribute to a scoped assignment involving cloud monitoring product
Required Skills: Linux, Git, Scripting, Networking
Preferred Skills: Docker, Jenkins, GitHub Actions, Kubernetes, Communication
Qualifications: Willingness to learn unfamiliar technologies; Ability to explain technical decisions clearly; Strong problem-solving and analytical ability
Experience: No prior professional experience required; academic projects are acceptable.
Education: Final-year or pre-final-year undergraduate student in a relevant engineering or computing program."
JOB-0122,Platform Engineering Intern,CloudMint Innovations,"Hyderabad, Telangana",On-site,Internship,DevOps,"CloudMint Innovations is seeking a Platform Engineering Intern for its DevOps team, with assignments focused on security operations platform. This internship opportunity gives candidates practical exposure to Linux, Git, Scripting. The candidate will collaborate with engineers, complete scoped technical tasks, and present progress during regular reviews. Posting track 11-2 is tailored to early-career applicants building evidence through coursework, personal projects, or internships.",Maintain CI/CD workflows; Automate repetitive engineering tasks; Assist with containerized application deployments; Monitor build and deployment health; Contribute to a scoped assignment involving security operations platform,"Linux, Git, Scripting, Networking","Docker, Jenkins, GitHub Actions, Kubernetes, Problem Solving",Basic understanding of software development lifecycle; Attention to detail and ownership of assigned tasks; Good written and verbal communication,0–1 years of relevant experience; strong academic or personal projects are valued.,"Bachelor's student in Computer Science, IT, Engineering, Mathematics, Statistics, or a related field.",synthetic_curated,2026-08-04,"Job Title: Platform Engineering Intern
Company: CloudMint Innovations
Location: Hyderabad, Telangana
Work Mode: On-site
Employment Type: Internship
Domain: DevOps
Description: CloudMint Innovations is seeking a Platform Engineering Intern for its DevOps team, with assignments focused on security operations platform. This internship opportunity gives candidates practical exposure to Linux, Git, Scripting. The candidate will collaborate with engineers, complete scoped technical tasks, and present progress during regular reviews. Posting track 11-2 is tailored to early-career applicants building evidence through coursework, personal projects, or internships.
Responsibilities: Maintain CI/CD workflows; Automate repetitive engineering tasks; Assist with containerized application deployments; Monitor build and deployment health; Contribute to a scoped assignment involving security operations platform
Required Skills: Linux, Git, Scripting, Networking
Preferred Skills: Docker, Jenkins, GitHub Actions, Kubernetes, Problem Solving
Qualifications: Basic understanding of software development lifecycle; Attention to detail and ownership of assigned tasks; Good written and verbal communication
Experience: 0–1 years of relevant experience; strong academic or personal projects are valued.
Education: Bachelor's student in Computer Science, IT, Engineering, Mathematics, Statistics, or a related field."
JOB-0123,CI/CD Intern,QuantumLeaf Technologies,"Bengaluru, Karnataka",On-site,Internship,DevOps,"QuantumLeaf Technologies is seeking a CI/CD Intern for its DevOps team, with assignments focused on data quality pipeline. This internship opportunity gives candidates practical exposure to Linux, Git, Scripting. The candidate will collaborate with engineers, complete scoped technical tasks, and present progress during regular reviews. Posting track 11-3 is tailored to early-career applicants building evidence through coursework, personal projects, or internships.",Maintain CI/CD workflows; Automate repetitive engineering tasks; Assist with containerized application deployments; Monitor build and deployment health; Contribute to a scoped assignment involving data quality pipeline,"Linux, Git, Scripting, Networking","Docker, Jenkins, GitHub Actions, Kubernetes, Agile",Ability to explain technical decisions clearly; Strong problem-solving and analytical ability; Ability to work effectively in a team,Previous internship experience is preferred but not mandatory.,"Pursuing B.E./B.Tech in Computer Science, Information Technology, Electronics, or a related field.",synthetic_curated,2026-08-06,"Job Title: CI/CD Intern
Company: QuantumLeaf Technologies
Location: Bengaluru, Karnataka
Work Mode: On-site
Employment Type: Internship
Domain: DevOps
Description: QuantumLeaf Technologies is seeking a CI/CD Intern for its DevOps team, with assignments focused on data quality pipeline. This internship opportunity gives candidates practical exposure to Linux, Git, Scripting. The candidate will collaborate with engineers, complete scoped technical tasks, and present progress during regular reviews. Posting track 11-3 is tailored to early-career applicants building evidence through coursework, personal projects, or internships.
Responsibilities: Maintain CI/CD workflows; Automate repetitive engineering tasks; Assist with containerized application deployments; Monitor build and deployment health; Contribute to a scoped assignment involving data quality pipeline
Required Skills: Linux, Git, Scripting, Networking
Preferred Skills: Docker, Jenkins, GitHub Actions, Kubernetes, Agile
Qualifications: Ability to explain technical decisions clearly; Strong problem-solving and analytical ability; Ability to work effectively in a team
Experience: Previous internship experience is preferred but not mandatory.
Education: Pursuing B.E./B.Tech in Computer Science, Information Technology, Electronics, or a related field."
JOB-0124,DevOps Intern,BrightStack Digital,"Hyderabad, Telangana",On-site,Internship,DevOps,"BrightStack Digital is seeking a DevOps Intern for its DevOps team, with assignments focused on mobile-first user experience. This internship opportunity gives candidates practical exposure to Linux, Git, Scripting. The candidate will collaborate with engineers, complete scoped technical tasks, and present progress during regular reviews. Posting track 11-4 is tailored to early-career applicants building evidence through coursework, personal projects, or internships.",Maintain CI/CD workflows; Automate repetitive engineering tasks; Assist with containerized application deployments; Monitor build and deployment health; Contribute to a scoped assignment involving mobile-first user experience,"Linux, Git, Scripting, Networking","Docker, Jenkins, GitHub Actions, Kubernetes, Documentation",Attention to detail and ownership of assigned tasks; Good written and verbal communication; Willingness to learn unfamiliar technologies,Entry-level candidates are welcome; practical coursework or projects are sufficient.,"Pursuing an undergraduate degree in Computer Science, Information Technology, Data Science, or a related discipline.",synthetic_curated,2026-08-08,"Job Title: DevOps Intern
Company: BrightStack Digital
Location: Hyderabad, Telangana
Work Mode: On-site
Employment Type: Internship
Domain: DevOps
Description: BrightStack Digital is seeking a DevOps Intern for its DevOps team, with assignments focused on mobile-first user experience. This internship opportunity gives candidates practical exposure to Linux, Git, Scripting. The candidate will collaborate with engineers, complete scoped technical tasks, and present progress during regular reviews. Posting track 11-4 is tailored to early-career applicants building evidence through coursework, personal projects, or internships.
Responsibilities: Maintain CI/CD workflows; Automate repetitive engineering tasks; Assist with containerized application deployments; Monitor build and deployment health; Contribute to a scoped assignment involving mobile-first user experience
Required Skills: Linux, Git, Scripting, Networking
Preferred Skills: Docker, Jenkins, GitHub Actions, Kubernetes, Documentation
Qualifications: Attention to detail and ownership of assigned tasks; Good written and verbal communication; Willingness to learn unfamiliar technologies
Experience: Entry-level candidates are welcome; practical coursework or projects are sufficient.
Education: Pursuing an undergraduate degree in Computer Science, Information Technology, Data Science, or a related discipline."
JOB-0125,Platform Engineering Intern,AsterWave Technologies,"Pune, Maharashtra",Hybrid,Internship,DevOps,"AsterWave Technologies is seeking a Platform Engineering Intern for its DevOps team, with assignments focused on enterprise reporting solution. This internship opportunity gives candidates practical exposure to Linux, Git, Scripting. The candidate will collaborate with engineers, complete scoped technical tasks, and present progress during regular reviews. Posting track 11-5 is tailored to early-career applicants building evidence through coursework, personal projects, or internships.",Maintain CI/CD workflows; Automate repetitive engineering tasks; Assist with containerized application deployments; Monitor build and deployment health; Contribute to a scoped assignment involving enterprise reporting solution,"Linux, Git, Scripting, Networking","Docker, Jenkins, GitHub Actions, Kubernetes, Communication",Strong problem-solving and analytical ability; Ability to work effectively in a team; Basic understanding of software development lifecycle,No prior professional experience required; academic projects are acceptable.,Final-year or pre-final-year undergraduate student in a relevant engineering or computing program.,synthetic_curated,2026-08-10,"Job Title: Platform Engineering Intern
Company: AsterWave Technologies
Location: Pune, Maharashtra
Work Mode: Hybrid
Employment Type: Internship
Domain: DevOps
Description: AsterWave Technologies is seeking a Platform Engineering Intern for its DevOps team, with assignments focused on enterprise reporting solution. This internship opportunity gives candidates practical exposure to Linux, Git, Scripting. The candidate will collaborate with engineers, complete scoped technical tasks, and present progress during regular reviews. Posting track 11-5 is tailored to early-career applicants building evidence through coursework, personal projects, or internships.
Responsibilities: Maintain CI/CD workflows; Automate repetitive engineering tasks; Assist with containerized application deployments; Monitor build and deployment health; Contribute to a scoped assignment involving enterprise reporting solution
Required Skills: Linux, Git, Scripting, Networking
Preferred Skills: Docker, Jenkins, GitHub Actions, Kubernetes, Communication
Qualifications: Strong problem-solving and analytical ability; Ability to work effectively in a team; Basic understanding of software development lifecycle
Experience: No prior professional experience required; academic projects are acceptable.
Education: Final-year or pre-final-year undergraduate student in a relevant engineering or computing program."
JOB-0126,CI/CD Intern,TechSprout Solutions,"Chennai, Tamil Nadu",Hybrid,Internship,DevOps,"TechSprout Solutions is seeking a CI/CD Intern for its DevOps team, with assignments focused on API integration layer. This internship opportunity gives candidates practical exposure to Linux, Git, Scripting. The candidate will collaborate with engineers, complete scoped technical tasks, and present progress during regular reviews. Posting track 11-6 is tailored to early-career applicants building evidence through coursework, personal projects, or internships.",Maintain CI/CD workflows; Automate repetitive engineering tasks; Assist with containerized application deployments; Monitor build and deployment health; Contribute to a scoped assignment involving API integration layer,"Linux, Git, Scripting, Networking","Docker, Jenkins, GitHub Actions, Kubernetes, Problem Solving",Good written and verbal communication; Willingness to learn unfamiliar technologies; Ability to explain technical decisions clearly,0–1 years of relevant experience; strong academic or personal projects are valued.,"Bachelor's student in Computer Science, IT, Engineering, Mathematics, Statistics, or a related field.",synthetic_curated,2026-08-12,"Job Title: CI/CD Intern
Company: TechSprout Solutions
Location: Chennai, Tamil Nadu
Work Mode: Hybrid
Employment Type: Internship
Domain: DevOps
Description: TechSprout Solutions is seeking a CI/CD Intern for its DevOps team, with assignments focused on API integration layer. This internship opportunity gives candidates practical exposure to Linux, Git, Scripting. The candidate will collaborate with engineers, complete scoped technical tasks, and present progress during regular reviews. Posting track 11-6 is tailored to early-career applicants building evidence through coursework, personal projects, or internships.
Responsibilities: Maintain CI/CD workflows; Automate repetitive engineering tasks; Assist with containerized application deployments; Monitor build and deployment health; Contribute to a scoped assignment involving API integration layer
Required Skills: Linux, Git, Scripting, Networking
Preferred Skills: Docker, Jenkins, GitHub Actions, Kubernetes, Problem Solving
Qualifications: Good written and verbal communication; Willingness to learn unfamiliar technologies; Ability to explain technical decisions clearly
Experience: 0–1 years of relevant experience; strong academic or personal projects are valued.
Education: Bachelor's student in Computer Science, IT, Engineering, Mathematics, Statistics, or a related field."
JOB-0127,DevOps Intern,DeepRiver Analytics,"Gurugram, Haryana",Hybrid,Internship,DevOps,"DeepRiver Analytics is seeking a DevOps Intern for its DevOps team, with assignments focused on internal productivity tools. This internship opportunity gives candidates practical exposure to Linux, Git, Scripting. The candidate will collaborate with engineers, complete scoped technical tasks, and present progress during regular reviews. Posting track 11-7 is tailored to early-career applicants building evidence through coursework, personal projects, or internships.",Maintain CI/CD workflows; Automate repetitive engineering tasks; Assist with containerized application deployments; Monitor build and deployment health; Contribute to a scoped assignment involving internal productivity tools,"Linux, Git, Scripting, Networking","Docker, Jenkins, GitHub Actions, Kubernetes, Agile",Ability to work effectively in a team; Basic understanding of software development lifecycle; Attention to detail and ownership of assigned tasks,Previous internship experience is preferred but not mandatory.,"Pursuing B.E./B.Tech in Computer Science, Information Technology, Electronics, or a related field.",synthetic_curated,2026-08-14,"Job Title: DevOps Intern
Company: DeepRiver Analytics
Location: Gurugram, Haryana
Work Mode: Hybrid
Employment Type: Internship
Domain: DevOps
Description: DeepRiver Analytics is seeking a DevOps Intern for its DevOps team, with assignments focused on internal productivity tools. This internship opportunity gives candidates practical exposure to Linux, Git, Scripting. The candidate will collaborate with engineers, complete scoped technical tasks, and present progress during regular reviews. Posting track 11-7 is tailored to early-career applicants building evidence through coursework, personal projects, or internships.
Responsibilities: Maintain CI/CD workflows; Automate repetitive engineering tasks; Assist with containerized application deployments; Monitor build and deployment health; Contribute to a scoped assignment involving internal productivity tools
Required Skills: Linux, Git, Scripting, Networking
Preferred Skills: Docker, Jenkins, GitHub Actions, Kubernetes, Agile
Qualifications: Ability to work effectively in a team; Basic understanding of software development lifecycle; Attention to detail and ownership of assigned tasks
Experience: Previous internship experience is preferred but not mandatory.
Education: Pursuing B.E./B.Tech in Computer Science, Information Technology, Electronics, or a related field."
JOB-0128,Platform Engineering Intern,SignalPeak Systems,"Noida, Uttar Pradesh",Hybrid,Internship,DevOps,"SignalPeak Systems is seeking a Platform Engineering Intern for its DevOps team, with assignments focused on customer onboarding platform. This internship opportunity gives candidates practical exposure to Linux, Git, Scripting. The candidate will collaborate with engineers, complete scoped technical tasks, and present progress during regular reviews. Posting track 11-8 is tailored to early-career applicants building evidence through coursework, personal projects, or internships.",Maintain CI/CD workflows; Automate repetitive engineering tasks; Assist with containerized application deployments; Monitor build and deployment health; Contribute to a scoped assignment involving customer onboarding platform,"Linux, Git, Scripting, Networking","Docker, Jenkins, GitHub Actions, Kubernetes, Documentation",Willingness to learn unfamiliar technologies; Ability to explain technical decisions clearly; Strong problem-solving and analytical ability,Entry-level candidates are welcome; practical coursework or projects are sufficient.,"Pursuing an undergraduate degree in Computer Science, Information Technology, Data Science, or a related discipline.",synthetic_curated,2026-08-16,"Job Title: Platform Engineering Intern
Company: SignalPeak Systems
Location: Noida, Uttar Pradesh
Work Mode: Hybrid
Employment Type: Internship
Domain: DevOps
Description: SignalPeak Systems is seeking a Platform Engineering Intern for its DevOps team, with assignments focused on customer onboarding platform. This internship opportunity gives candidates practical exposure to Linux, Git, Scripting. The candidate will collaborate with engineers, complete scoped technical tasks, and present progress during regular reviews. Posting track 11-8 is tailored to early-career applicants building evidence through coursework, personal projects, or internships.
Responsibilities: Maintain CI/CD workflows; Automate repetitive engineering tasks; Assist with containerized application deployments; Monitor build and deployment health; Contribute to a scoped assignment involving customer onboarding platform
Required Skills: Linux, Git, Scripting, Networking
Preferred Skills: Docker, Jenkins, GitHub Actions, Kubernetes, Documentation
Qualifications: Willingness to learn unfamiliar technologies; Ability to explain technical decisions clearly; Strong problem-solving and analytical ability
Experience: Entry-level candidates are welcome; practical coursework or projects are sufficient.
Education: Pursuing an undergraduate degree in Computer Science, Information Technology, Data Science, or a related discipline."
JOB-0129,CI/CD Intern,SkyLattice Labs,"Remote, India",Remote,Internship,DevOps,"SkyLattice Labs is seeking a CI/CD Intern for its DevOps team, with assignments focused on analytics dashboard. This internship opportunity gives candidates practical exposure to Linux, Git, Scripting. The candidate will collaborate with engineers, complete scoped technical tasks, and present progress during regular reviews. Posting track 11-9 is tailored to early-career applicants building evidence through coursework, personal projects, or internships.",Maintain CI/CD workflows; Automate repetitive engineering tasks; Assist with containerized application deployments; Monitor build and deployment health; Contribute to a scoped assignment involving analytics dashboard,"Linux, Git, Scripting, Networking","Docker, Jenkins, GitHub Actions, Kubernetes, Communication",Basic understanding of software development lifecycle; Attention to detail and ownership of assigned tasks; Good written and verbal communication,No prior professional experience required; academic projects are acceptable.,Final-year or pre-final-year undergraduate student in a relevant engineering or computing program.,synthetic_curated,2026-08-18,"Job Title: CI/CD Intern
Company: SkyLattice Labs
Location: Remote, India
Work Mode: Remote
Employment Type: Internship
Domain: DevOps
Description: SkyLattice Labs is seeking a CI/CD Intern for its DevOps team, with assignments focused on analytics dashboard. This internship opportunity gives candidates practical exposure to Linux, Git, Scripting. The candidate will collaborate with engineers, complete scoped technical tasks, and present progress during regular reviews. Posting track 11-9 is tailored to early-career applicants building evidence through coursework, personal projects, or internships.
Responsibilities: Maintain CI/CD workflows; Automate repetitive engineering tasks; Assist with containerized application deployments; Monitor build and deployment health; Contribute to a scoped assignment involving analytics dashboard
Required Skills: Linux, Git, Scripting, Networking
Preferred Skills: Docker, Jenkins, GitHub Actions, Kubernetes, Communication
Qualifications: Basic understanding of software development lifecycle; Attention to detail and ownership of assigned tasks; Good written and verbal communication
Experience: No prior professional experience required; academic projects are acceptable.
Education: Final-year or pre-final-year undergraduate student in a relevant engineering or computing program."
JOB-0130,DevOps Intern,SecureArc Systems,"Remote, India",Remote,Internship,DevOps,"SecureArc Systems is seeking a DevOps Intern for its DevOps team, with assignments focused on developer tooling. This internship opportunity gives candidates practical exposure to Linux, Git, Scripting. The candidate will collaborate with engineers, complete scoped technical tasks, and present progress during regular reviews. Posting track 11-10 is tailored to early-career applicants building evidence through coursework, personal projects, or internships.",Maintain CI/CD workflows; Automate repetitive engineering tasks; Assist with containerized application deployments; Monitor build and deployment health; Contribute to a scoped assignment involving developer tooling,"Linux, Git, Scripting, Networking","Docker, Jenkins, GitHub Actions, Kubernetes, Problem Solving",Ability to explain technical decisions clearly; Strong problem-solving and analytical ability; Ability to work effectively in a team,0–1 years of relevant experience; strong academic or personal projects are valued.,"Bachelor's student in Computer Science, IT, Engineering, Mathematics, Statistics, or a related field.",synthetic_curated,2026-08-20,"Job Title: DevOps Intern
Company: SecureArc Systems
Location: Remote, India
Work Mode: Remote
Employment Type: Internship
Domain: DevOps
Description: SecureArc Systems is seeking a DevOps Intern for its DevOps team, with assignments focused on developer tooling. This internship opportunity gives candidates practical exposure to Linux, Git, Scripting. The candidate will collaborate with engineers, complete scoped technical tasks, and present progress during regular reviews. Posting track 11-10 is tailored to early-career applicants building evidence through coursework, personal projects, or internships.
Responsibilities: Maintain CI/CD workflows; Automate repetitive engineering tasks; Assist with containerized application deployments; Monitor build and deployment health; Contribute to a scoped assignment involving developer tooling
Required Skills: Linux, Git, Scripting, Networking
Preferred Skills: Docker, Jenkins, GitHub Actions, Kubernetes, Problem Solving
Qualifications: Ability to explain technical decisions clearly; Strong problem-solving and analytical ability; Ability to work effectively in a team
Experience: 0–1 years of relevant experience; strong academic or personal projects are valued.
Education: Bachelor's student in Computer Science, IT, Engineering, Mathematics, Statistics, or a related field."
JOB-0131,Platform Engineering Intern,AppCrest Technologies,"Remote, India",Remote,Entry Level,DevOps,"AppCrest Technologies is seeking a Platform Engineering Intern for its DevOps team, with assignments focused on workflow automation. This entry level opportunity gives candidates practical exposure to Linux, Git, Scripting. The candidate will collaborate with engineers, complete scoped technical tasks, and present progress during regular reviews. Posting track 11-11 is tailored to early-career applicants building evidence through coursework, personal projects, or internships.",Maintain CI/CD workflows; Automate repetitive engineering tasks; Assist with containerized application deployments; Monitor build and deployment health; Contribute to a scoped assignment involving workflow automation,"Linux, Git, Scripting, Networking","Docker, Jenkins, GitHub Actions, Kubernetes, Agile",Attention to detail and ownership of assigned tasks; Good written and verbal communication; Willingness to learn unfamiliar technologies,Previous internship experience is preferred but not mandatory.,"Pursuing B.E./B.Tech in Computer Science, Information Technology, Electronics, or a related field.",synthetic_curated,2026-08-22,"Job Title: Platform Engineering Intern
Company: AppCrest Technologies
Location: Remote, India
Work Mode: Remote
Employment Type: Entry Level
Domain: DevOps
Description: AppCrest Technologies is seeking a Platform Engineering Intern for its DevOps team, with assignments focused on workflow automation. This entry level opportunity gives candidates practical exposure to Linux, Git, Scripting. The candidate will collaborate with engineers, complete scoped technical tasks, and present progress during regular reviews. Posting track 11-11 is tailored to early-career applicants building evidence through coursework, personal projects, or internships.
Responsibilities: Maintain CI/CD workflows; Automate repetitive engineering tasks; Assist with containerized application deployments; Monitor build and deployment health; Contribute to a scoped assignment involving workflow automation
Required Skills: Linux, Git, Scripting, Networking
Preferred Skills: Docker, Jenkins, GitHub Actions, Kubernetes, Agile
Qualifications: Attention to detail and ownership of assigned tasks; Good written and verbal communication; Willingness to learn unfamiliar technologies
Experience: Previous internship experience is preferred but not mandatory.
Education: Pursuing B.E./B.Tech in Computer Science, Information Technology, Electronics, or a related field."
JOB-0132,CI/CD Intern,NovaByte Labs,"Remote, India",Remote,Entry Level,DevOps,"NovaByte Labs is seeking a CI/CD Intern for its DevOps team, with assignments focused on education technology platform. This entry level opportunity gives candidates practical exposure to Linux, Git, Scripting. The candidate will collaborate with engineers, complete scoped technical tasks, and present progress during regular reviews. Posting track 11-12 is tailored to early-career applicants building evidence through coursework, personal projects, or internships.",Maintain CI/CD workflows; Automate repetitive engineering tasks; Assist with containerized application deployments; Monitor build and deployment health; Contribute to a scoped assignment involving education technology platform,"Linux, Git, Scripting, Networking","Docker, Jenkins, GitHub Actions, Kubernetes, Documentation",Strong problem-solving and analytical ability; Ability to work effectively in a team; Basic understanding of software development lifecycle,Entry-level candidates are welcome; practical coursework or projects are sufficient.,"Pursuing an undergraduate degree in Computer Science, Information Technology, Data Science, or a related discipline.",synthetic_curated,2026-08-24,"Job Title: CI/CD Intern
Company: NovaByte Labs
Location: Remote, India
Work Mode: Remote
Employment Type: Entry Level
Domain: DevOps
Description: NovaByte Labs is seeking a CI/CD Intern for its DevOps team, with assignments focused on education technology platform. This entry level opportunity gives candidates practical exposure to Linux, Git, Scripting. The candidate will collaborate with engineers, complete scoped technical tasks, and present progress during regular reviews. Posting track 11-12 is tailored to early-career applicants building evidence through coursework, personal projects, or internships.
Responsibilities: Maintain CI/CD workflows; Automate repetitive engineering tasks; Assist with containerized application deployments; Monitor build and deployment health; Contribute to a scoped assignment involving education technology platform
Required Skills: Linux, Git, Scripting, Networking
Preferred Skills: Docker, Jenkins, GitHub Actions, Kubernetes, Documentation
Qualifications: Strong problem-solving and analytical ability; Ability to work effectively in a team; Basic understanding of software development lifecycle
Experience: Entry-level candidates are welcome; practical coursework or projects are sufficient.
Education: Pursuing an undergraduate degree in Computer Science, Information Technology, Data Science, or a related discipline."
JOB-0133,Cybersecurity Intern,CodeHarbor Labs,"Hyderabad, Telangana",On-site,Internship,Cybersecurity,"CodeHarbor Labs is seeking a Cybersecurity Intern for its Cybersecurity team, with assignments focused on mobile-first user experience. This internship opportunity gives candidates practical exposure to Networking, Linux, Cybersecurity Fundamentals. The candidate will collaborate with engineers, complete scoped technical tasks, and present progress during regular reviews. Posting track 12-1 is tailored to early-career applicants building evidence through coursework, personal projects, or internships.",Review security alerts and identify suspicious activity; Assist with vulnerability assessments; Document incidents and remediation recommendations; Support secure configuration reviews; Contribute to a scoped assignment involving mobile-first user experience,"Networking, Linux, Cybersecurity Fundamentals, Security Concepts","SIEM, Python, OWASP, Incident Response, Communication",Basic understanding of software development lifecycle; Attention to detail and ownership of assigned tasks; Good written and verbal communication,Previous internship experience is preferred but not mandatory.,"Bachelor's student in Computer Science, IT, Engineering, Mathematics, Statistics, or a related field.",synthetic_curated,2026-08-26,"Job Title: Cybersecurity Intern
Company: CodeHarbor Labs
Location: Hyderabad, Telangana
Work Mode: On-site
Employment Type: Internship
Domain: Cybersecurity
Description: CodeHarbor Labs is seeking a Cybersecurity Intern for its Cybersecurity team, with assignments focused on mobile-first user experience. This internship opportunity gives candidates practical exposure to Networking, Linux, Cybersecurity Fundamentals. The candidate will collaborate with engineers, complete scoped technical tasks, and present progress during regular reviews. Posting track 12-1 is tailored to early-career applicants building evidence through coursework, personal projects, or internships.
Responsibilities: Review security alerts and identify suspicious activity; Assist with vulnerability assessments; Document incidents and remediation recommendations; Support secure configuration reviews; Contribute to a scoped assignment involving mobile-first user experience
Required Skills: Networking, Linux, Cybersecurity Fundamentals, Security Concepts
Preferred Skills: SIEM, Python, OWASP, Incident Response, Communication
Qualifications: Basic understanding of software development lifecycle; Attention to detail and ownership of assigned tasks; Good written and verbal communication
Experience: Previous internship experience is preferred but not mandatory.
Education: Bachelor's student in Computer Science, IT, Engineering, Mathematics, Statistics, or a related field."
JOB-0134,Security Analyst Intern,NexaGrid Systems,"Bengaluru, Karnataka",On-site,Internship,Cybersecurity,"NexaGrid Systems is seeking a Security Analyst Intern for its Cybersecurity team, with assignments focused on enterprise reporting solution. This internship opportunity gives candidates practical exposure to Networking, Linux, Cybersecurity Fundamentals. The candidate will collaborate with engineers, complete scoped technical tasks, and present progress during regular reviews. Posting track 12-2 is tailored to early-career applicants building evidence through coursework, personal projects, or internships.",Review security alerts and identify suspicious activity; Assist with vulnerability assessments; Document incidents and remediation recommendations; Support secure configuration reviews; Contribute to a scoped assignment involving enterprise reporting solution,"Networking, Linux, Cybersecurity Fundamentals, Security Concepts","SIEM, Python, OWASP, Incident Response, Problem Solving",Ability to explain technical decisions clearly; Strong problem-solving and analytical ability; Ability to work effectively in a team,Entry-level candidates are welcome; practical coursework or projects are sufficient.,"Pursuing B.E./B.Tech in Computer Science, Information Technology, Electronics, or a related field.",synthetic_curated,2026-08-28,"Job Title: Security Analyst Intern
Company: NexaGrid Systems
Location: Bengaluru, Karnataka
Work Mode: On-site
Employment Type: Internship
Domain: Cybersecurity
Description: NexaGrid Systems is seeking a Security Analyst Intern for its Cybersecurity team, with assignments focused on enterprise reporting solution. This internship opportunity gives candidates practical exposure to Networking, Linux, Cybersecurity Fundamentals. The candidate will collaborate with engineers, complete scoped technical tasks, and present progress during regular reviews. Posting track 12-2 is tailored to early-career applicants building evidence through coursework, personal projects, or internships.
Responsibilities: Review security alerts and identify suspicious activity; Assist with vulnerability assessments; Document incidents and remediation recommendations; Support secure configuration reviews; Contribute to a scoped assignment involving enterprise reporting solution
Required Skills: Networking, Linux, Cybersecurity Fundamentals, Security Concepts
Preferred Skills: SIEM, Python, OWASP, Incident Response, Problem Solving
Qualifications: Ability to explain technical decisions clearly; Strong problem-solving and analytical ability; Ability to work effectively in a team
Experience: Entry-level candidates are welcome; practical coursework or projects are sufficient.
Education: Pursuing B.E./B.Tech in Computer Science, Information Technology, Electronics, or a related field."
JOB-0135,SOC Intern,LogicBloom Labs,"Hyderabad, Telangana",On-site,Internship,Cybersecurity,"LogicBloom Labs is seeking a SOC Intern for its Cybersecurity team, with assignments focused on API integration layer. This internship opportunity gives candidates practical exposure to Networking, Linux, Cybersecurity Fundamentals. The candidate will collaborate with engineers, complete scoped technical tasks, and present progress during regular reviews. Posting track 12-3 is tailored to early-career applicants building evidence through coursework, personal projects, or internships.",Review security alerts and identify suspicious activity; Assist with vulnerability assessments; Document incidents and remediation recommendations; Support secure configuration reviews; Contribute to a scoped assignment involving API integration layer,"Networking, Linux, Cybersecurity Fundamentals, Security Concepts","SIEM, Python, OWASP, Incident Response, Agile",Attention to detail and ownership of assigned tasks; Good written and verbal communication; Willingness to learn unfamiliar technologies,No prior professional experience required; academic projects are acceptable.,"Pursuing an undergraduate degree in Computer Science, Information Technology, Data Science, or a related discipline.",synthetic_curated,2026-08-30,"Job Title: SOC Intern
Company: LogicBloom Labs
Location: Hyderabad, Telangana
Work Mode: On-site
Employment Type: Internship
Domain: Cybersecurity
Description: LogicBloom Labs is seeking a SOC Intern for its Cybersecurity team, with assignments focused on API integration layer. This internship opportunity gives candidates practical exposure to Networking, Linux, Cybersecurity Fundamentals. The candidate will collaborate with engineers, complete scoped technical tasks, and present progress during regular reviews. Posting track 12-3 is tailored to early-career applicants building evidence through coursework, personal projects, or internships.
Responsibilities: Review security alerts and identify suspicious activity; Assist with vulnerability assessments; Document incidents and remediation recommendations; Support secure configuration reviews; Contribute to a scoped assignment involving API integration layer
Required Skills: Networking, Linux, Cybersecurity Fundamentals, Security Concepts
Preferred Skills: SIEM, Python, OWASP, Incident Response, Agile
Qualifications: Attention to detail and ownership of assigned tasks; Good written and verbal communication; Willingness to learn unfamiliar technologies
Experience: No prior professional experience required; academic projects are acceptable.
Education: Pursuing an undergraduate degree in Computer Science, Information Technology, Data Science, or a related discipline."
JOB-0136,Cybersecurity Intern,OrbitCraft Software,"Pune, Maharashtra",On-site,Internship,Cybersecurity,"OrbitCraft Software is seeking a Cybersecurity Intern for its Cybersecurity team, with assignments focused on internal productivity tools. This internship opportunity gives candidates practical exposure to Networking, Linux, Cybersecurity Fundamentals. The candidate will collaborate with engineers, complete scoped technical tasks, and present progress during regular reviews. Posting track 12-4 is tailored to early-career applicants building evidence through coursework, personal projects, or internships.",Review security alerts and identify suspicious activity; Assist with vulnerability assessments; Document incidents and remediation recommendations; Support secure configuration reviews; Contribute to a scoped assignment involving internal productivity tools,"Networking, Linux, Cybersecurity Fundamentals, Security Concepts","SIEM, Python, OWASP, Incident Response, Documentation",Strong problem-solving and analytical ability; Ability to work effectively in a team; Basic understanding of software development lifecycle,0–1 years of relevant experience; strong academic or personal projects are valued.,Final-year or pre-final-year undergraduate student in a relevant engineering or computing program.,synthetic_curated,2026-09-01,"Job Title: Cybersecurity Intern
Company: OrbitCraft Software
Location: Pune, Maharashtra
Work Mode: On-site
Employment Type: Internship
Domain: Cybersecurity
Description: OrbitCraft Software is seeking a Cybersecurity Intern for its Cybersecurity team, with assignments focused on internal productivity tools. This internship opportunity gives candidates practical exposure to Networking, Linux, Cybersecurity Fundamentals. The candidate will collaborate with engineers, complete scoped technical tasks, and present progress during regular reviews. Posting track 12-4 is tailored to early-career applicants building evidence through coursework, personal projects, or internships.
Responsibilities: Review security alerts and identify suspicious activity; Assist with vulnerability assessments; Document incidents and remediation recommendations; Support secure configuration reviews; Contribute to a scoped assignment involving internal productivity tools
Required Skills: Networking, Linux, Cybersecurity Fundamentals, Security Concepts
Preferred Skills: SIEM, Python, OWASP, Incident Response, Documentation
Qualifications: Strong problem-solving and analytical ability; Ability to work effectively in a team; Basic understanding of software development lifecycle
Experience: 0–1 years of relevant experience; strong academic or personal projects are valued.
Education: Final-year or pre-final-year undergraduate student in a relevant engineering or computing program."
JOB-0137,Security Analyst Intern,CoreVista Technologies,"Chennai, Tamil Nadu",Hybrid,Internship,Cybersecurity,"CoreVista Technologies is seeking a Security Analyst Intern for its Cybersecurity team, with assignments focused on customer onboarding platform. This internship opportunity gives candidates practical exposure to Networking, Linux, Cybersecurity Fundamentals. The candidate will collaborate with engineers, complete scoped technical tasks, and present progress during regular reviews. Posting track 12-5 is tailored to early-career applicants building evidence through coursework, personal projects, or internships.",Review security alerts and identify suspicious activity; Assist with vulnerability assessments; Document incidents and remediation recommendations; Support secure configuration reviews; Contribute to a scoped assignment involving customer onboarding platform,"Networking, Linux, Cybersecurity Fundamentals, Security Concepts","SIEM, Python, OWASP, Incident Response, Communication",Good written and verbal communication; Willingness to learn unfamiliar technologies; Ability to explain technical decisions clearly,Previous internship experience is preferred but not mandatory.,"Bachelor's student in Computer Science, IT, Engineering, Mathematics, Statistics, or a related field.",synthetic_curated,2026-09-03,"Job Title: Security Analyst Intern
Company: CoreVista Technologies
Location: Chennai, Tamil Nadu
Work Mode: Hybrid
Employment Type: Internship
Domain: Cybersecurity
Description: CoreVista Technologies is seeking a Security Analyst Intern for its Cybersecurity team, with assignments focused on customer onboarding platform. This internship opportunity gives candidates practical exposure to Networking, Linux, Cybersecurity Fundamentals. The candidate will collaborate with engineers, complete scoped technical tasks, and present progress during regular reviews. Posting track 12-5 is tailored to early-career applicants building evidence through coursework, personal projects, or internships.
Responsibilities: Review security alerts and identify suspicious activity; Assist with vulnerability assessments; Document incidents and remediation recommendations; Support secure configuration reviews; Contribute to a scoped assignment involving customer onboarding platform
Required Skills: Networking, Linux, Cybersecurity Fundamentals, Security Concepts
Preferred Skills: SIEM, Python, OWASP, Incident Response, Communication
Qualifications: Good written and verbal communication; Willingness to learn unfamiliar technologies; Ability to explain technical decisions clearly
Experience: Previous internship experience is preferred but not mandatory.
Education: Bachelor's student in Computer Science, IT, Engineering, Mathematics, Statistics, or a related field."
JOB-0138,SOC Intern,ByteBridge Innovations,"Gurugram, Haryana",Hybrid,Internship,Cybersecurity,"ByteBridge Innovations is seeking a SOC Intern for its Cybersecurity team, with assignments focused on analytics dashboard. This internship opportunity gives candidates practical exposure to Networking, Linux, Cybersecurity Fundamentals. The candidate will collaborate with engineers, complete scoped technical tasks, and present progress during regular reviews. Posting track 12-6 is tailored to early-career applicants building evidence through coursework, personal projects, or internships.",Review security alerts and identify suspicious activity; Assist with vulnerability assessments; Document incidents and remediation recommendations; Support secure configuration reviews; Contribute to a scoped assignment involving analytics dashboard,"Networking, Linux, Cybersecurity Fundamentals, Security Concepts","SIEM, Python, OWASP, Incident Response, Problem Solving",Ability to work effectively in a team; Basic understanding of software development lifecycle; Attention to detail and ownership of assigned tasks,Entry-level candidates are welcome; practical coursework or projects are sufficient.,"Pursuing B.E./B.Tech in Computer Science, Information Technology, Electronics, or a related field.",synthetic_curated,2026-09-05,"Job Title: SOC Intern
Company: ByteBridge Innovations
Location: Gurugram, Haryana
Work Mode: Hybrid
Employment Type: Internship
Domain: Cybersecurity
Description: ByteBridge Innovations is seeking a SOC Intern for its Cybersecurity team, with assignments focused on analytics dashboard. This internship opportunity gives candidates practical exposure to Networking, Linux, Cybersecurity Fundamentals. The candidate will collaborate with engineers, complete scoped technical tasks, and present progress during regular reviews. Posting track 12-6 is tailored to early-career applicants building evidence through coursework, personal projects, or internships.
Responsibilities: Review security alerts and identify suspicious activity; Assist with vulnerability assessments; Document incidents and remediation recommendations; Support secure configuration reviews; Contribute to a scoped assignment involving analytics dashboard
Required Skills: Networking, Linux, Cybersecurity Fundamentals, Security Concepts
Preferred Skills: SIEM, Python, OWASP, Incident Response, Problem Solving
Qualifications: Ability to work effectively in a team; Basic understanding of software development lifecycle; Attention to detail and ownership of assigned tasks
Experience: Entry-level candidates are welcome; practical coursework or projects are sufficient.
Education: Pursuing B.E./B.Tech in Computer Science, Information Technology, Electronics, or a related field."
JOB-0139,Cybersecurity Intern,InfraNova Technologies,"Noida, Uttar Pradesh",Hybrid,Internship,Cybersecurity,"InfraNova Technologies is seeking a Cybersecurity Intern for its Cybersecurity team, with assignments focused on developer tooling. This internship opportunity gives candidates practical exposure to Networking, Linux, Cybersecurity Fundamentals. The candidate will collaborate with engineers, complete scoped technical tasks, and present progress during regular reviews. Posting track 12-7 is tailored to early-career applicants building evidence through coursework, personal projects, or internships.",Review security alerts and identify suspicious activity; Assist with vulnerability assessments; Document incidents and remediation recommendations; Support secure configuration reviews; Contribute to a scoped assignment involving developer tooling,"Networking, Linux, Cybersecurity Fundamentals, Security Concepts","SIEM, Python, OWASP, Incident Response, Agile",Willingness to learn unfamiliar technologies; Ability to explain technical decisions clearly; Strong problem-solving and analytical ability,No prior professional experience required; academic projects are acceptable.,"Pursuing an undergraduate degree in Computer Science, Information Technology, Data Science, or a related discipline.",synthetic_curated,2026-09-07,"Job Title: Cybersecurity Intern
Company: InfraNova Technologies
Location: Noida, Uttar Pradesh
Work Mode: Hybrid
Employment Type: Internship
Domain: Cybersecurity
Description: InfraNova Technologies is seeking a Cybersecurity Intern for its Cybersecurity team, with assignments focused on developer tooling. This internship opportunity gives candidates practical exposure to Networking, Linux, Cybersecurity Fundamentals. The candidate will collaborate with engineers, complete scoped technical tasks, and present progress during regular reviews. Posting track 12-7 is tailored to early-career applicants building evidence through coursework, personal projects, or internships.
Responsibilities: Review security alerts and identify suspicious activity; Assist with vulnerability assessments; Document incidents and remediation recommendations; Support secure configuration reviews; Contribute to a scoped assignment involving developer tooling
Required Skills: Networking, Linux, Cybersecurity Fundamentals, Security Concepts
Preferred Skills: SIEM, Python, OWASP, Incident Response, Agile
Qualifications: Willingness to learn unfamiliar technologies; Ability to explain technical decisions clearly; Strong problem-solving and analytical ability
Experience: No prior professional experience required; academic projects are acceptable.
Education: Pursuing an undergraduate degree in Computer Science, Information Technology, Data Science, or a related discipline."
JOB-0140,Security Analyst Intern,InsightMesh Analytics,"Mumbai, Maharashtra",Hybrid,Internship,Cybersecurity,"InsightMesh Analytics is seeking a Security Analyst Intern for its Cybersecurity team, with assignments focused on workflow automation. This internship opportunity gives candidates practical exposure to Networking, Linux, Cybersecurity Fundamentals. The candidate will collaborate with engineers, complete scoped technical tasks, and present progress during regular reviews. Posting track 12-8 is tailored to early-career applicants building evidence through coursework, personal projects, or internships.",Review security alerts and identify suspicious activity; Assist with vulnerability assessments; Document incidents and remediation recommendations; Support secure configuration reviews; Contribute to a scoped assignment involving workflow automation,"Networking, Linux, Cybersecurity Fundamentals, Security Concepts","SIEM, Python, OWASP, Incident Response, Documentation",Basic understanding of software development lifecycle; Attention to detail and ownership of assigned tasks; Good written and verbal communication,0–1 years of relevant experience; strong academic or personal projects are valued.,Final-year or pre-final-year undergraduate student in a relevant engineering or computing program.,synthetic_curated,2026-07-01,"Job Title: Security Analyst Intern
Company: InsightMesh Analytics
Location: Mumbai, Maharashtra
Work Mode: Hybrid
Employment Type: Internship
Domain: Cybersecurity
Description: InsightMesh Analytics is seeking a Security Analyst Intern for its Cybersecurity team, with assignments focused on workflow automation. This internship opportunity gives candidates practical exposure to Networking, Linux, Cybersecurity Fundamentals. The candidate will collaborate with engineers, complete scoped technical tasks, and present progress during regular reviews. Posting track 12-8 is tailored to early-career applicants building evidence through coursework, personal projects, or internships.
Responsibilities: Review security alerts and identify suspicious activity; Assist with vulnerability assessments; Document incidents and remediation recommendations; Support secure configuration reviews; Contribute to a scoped assignment involving workflow automation
Required Skills: Networking, Linux, Cybersecurity Fundamentals, Security Concepts
Preferred Skills: SIEM, Python, OWASP, Incident Response, Documentation
Qualifications: Basic understanding of software development lifecycle; Attention to detail and ownership of assigned tasks; Good written and verbal communication
Experience: 0–1 years of relevant experience; strong academic or personal projects are valued.
Education: Final-year or pre-final-year undergraduate student in a relevant engineering or computing program."
JOB-0141,SOC Intern,DevSphere Labs,"Remote, India",Remote,Internship,Cybersecurity,"DevSphere Labs is seeking a SOC Intern for its Cybersecurity team, with assignments focused on education technology platform. This internship opportunity gives candidates practical exposure to Networking, Linux, Cybersecurity Fundamentals. The candidate will collaborate with engineers, complete scoped technical tasks, and present progress during regular reviews. Posting track 12-9 is tailored to early-career applicants building evidence through coursework, personal projects, or internships.",Review security alerts and identify suspicious activity; Assist with vulnerability assessments; Document incidents and remediation recommendations; Support secure configuration reviews; Contribute to a scoped assignment involving education technology platform,"Networking, Linux, Cybersecurity Fundamentals, Security Concepts","SIEM, Python, OWASP, Incident Response, Communication",Ability to explain technical decisions clearly; Strong problem-solving and analytical ability; Ability to work effectively in a team,Previous internship experience is preferred but not mandatory.,"Bachelor's student in Computer Science, IT, Engineering, Mathematics, Statistics, or a related field.",synthetic_curated,2026-07-03,"Job Title: SOC Intern
Company: DevSphere Labs
Location: Remote, India
Work Mode: Remote
Employment Type: Internship
Domain: Cybersecurity
Description: DevSphere Labs is seeking a SOC Intern for its Cybersecurity team, with assignments focused on education technology platform. This internship opportunity gives candidates practical exposure to Networking, Linux, Cybersecurity Fundamentals. The candidate will collaborate with engineers, complete scoped technical tasks, and present progress during regular reviews. Posting track 12-9 is tailored to early-career applicants building evidence through coursework, personal projects, or internships.
Responsibilities: Review security alerts and identify suspicious activity; Assist with vulnerability assessments; Document incidents and remediation recommendations; Support secure configuration reviews; Contribute to a scoped assignment involving education technology platform
Required Skills: Networking, Linux, Cybersecurity Fundamentals, Security Concepts
Preferred Skills: SIEM, Python, OWASP, Incident Response, Communication
Qualifications: Ability to explain technical decisions clearly; Strong problem-solving and analytical ability; Ability to work effectively in a team
Experience: Previous internship experience is preferred but not mandatory.
Education: Bachelor's student in Computer Science, IT, Engineering, Mathematics, Statistics, or a related field."
JOB-0142,Cybersecurity Intern,BlueOrbit Technologies,"Remote, India",Remote,Internship,Cybersecurity,"BlueOrbit Technologies is seeking a Cybersecurity Intern for its Cybersecurity team, with assignments focused on cloud monitoring product. This internship opportunity gives candidates practical exposure to Networking, Linux, Cybersecurity Fundamentals. The candidate will collaborate with engineers, complete scoped technical tasks, and present progress during regular reviews. Posting track 12-10 is tailored to early-career applicants building evidence through coursework, personal projects, or internships.",Review security alerts and identify suspicious activity; Assist with vulnerability assessments; Document incidents and remediation recommendations; Support secure configuration reviews; Contribute to a scoped assignment involving cloud monitoring product,"Networking, Linux, Cybersecurity Fundamentals, Security Concepts","SIEM, Python, OWASP, Incident Response, Problem Solving",Attention to detail and ownership of assigned tasks; Good written and verbal communication; Willingness to learn unfamiliar technologies,Entry-level candidates are welcome; practical coursework or projects are sufficient.,"Pursuing B.E./B.Tech in Computer Science, Information Technology, Electronics, or a related field.",synthetic_curated,2026-07-05,"Job Title: Cybersecurity Intern
Company: BlueOrbit Technologies
Location: Remote, India
Work Mode: Remote
Employment Type: Internship
Domain: Cybersecurity
Description: BlueOrbit Technologies is seeking a Cybersecurity Intern for its Cybersecurity team, with assignments focused on cloud monitoring product. This internship opportunity gives candidates practical exposure to Networking, Linux, Cybersecurity Fundamentals. The candidate will collaborate with engineers, complete scoped technical tasks, and present progress during regular reviews. Posting track 12-10 is tailored to early-career applicants building evidence through coursework, personal projects, or internships.
Responsibilities: Review security alerts and identify suspicious activity; Assist with vulnerability assessments; Document incidents and remediation recommendations; Support secure configuration reviews; Contribute to a scoped assignment involving cloud monitoring product
Required Skills: Networking, Linux, Cybersecurity Fundamentals, Security Concepts
Preferred Skills: SIEM, Python, OWASP, Incident Response, Problem Solving
Qualifications: Attention to detail and ownership of assigned tasks; Good written and verbal communication; Willingness to learn unfamiliar technologies
Experience: Entry-level candidates are welcome; practical coursework or projects are sufficient.
Education: Pursuing B.E./B.Tech in Computer Science, Information Technology, Electronics, or a related field."
JOB-0143,Security Analyst Intern,DataNest Solutions,"Remote, India",Remote,Entry Level,Cybersecurity,"DataNest Solutions is seeking a Security Analyst Intern for its Cybersecurity team, with assignments focused on security operations platform. This entry level opportunity gives candidates practical exposure to Networking, Linux, Cybersecurity Fundamentals. The candidate will collaborate with engineers, complete scoped technical tasks, and present progress during regular reviews. Posting track 12-11 is tailored to early-career applicants building evidence through coursework, personal projects, or internships.",Review security alerts and identify suspicious activity; Assist with vulnerability assessments; Document incidents and remediation recommendations; Support secure configuration reviews; Contribute to a scoped assignment involving security operations platform,"Networking, Linux, Cybersecurity Fundamentals, Security Concepts","SIEM, Python, OWASP, Incident Response, Agile",Strong problem-solving and analytical ability; Ability to work effectively in a team; Basic understanding of software development lifecycle,No prior professional experience required; academic projects are acceptable.,"Pursuing an undergraduate degree in Computer Science, Information Technology, Data Science, or a related discipline.",synthetic_curated,2026-07-07,"Job Title: Security Analyst Intern
Company: DataNest Solutions
Location: Remote, India
Work Mode: Remote
Employment Type: Entry Level
Domain: Cybersecurity
Description: DataNest Solutions is seeking a Security Analyst Intern for its Cybersecurity team, with assignments focused on security operations platform. This entry level opportunity gives candidates practical exposure to Networking, Linux, Cybersecurity Fundamentals. The candidate will collaborate with engineers, complete scoped technical tasks, and present progress during regular reviews. Posting track 12-11 is tailored to early-career applicants building evidence through coursework, personal projects, or internships.
Responsibilities: Review security alerts and identify suspicious activity; Assist with vulnerability assessments; Document incidents and remediation recommendations; Support secure configuration reviews; Contribute to a scoped assignment involving security operations platform
Required Skills: Networking, Linux, Cybersecurity Fundamentals, Security Concepts
Preferred Skills: SIEM, Python, OWASP, Incident Response, Agile
Qualifications: Strong problem-solving and analytical ability; Ability to work effectively in a team; Basic understanding of software development lifecycle
Experience: No prior professional experience required; academic projects are acceptable.
Education: Pursuing an undergraduate degree in Computer Science, Information Technology, Data Science, or a related discipline."
JOB-0144,SOC Intern,VertexLoop Software,"Remote, India",Remote,Entry Level,Cybersecurity,"VertexLoop Software is seeking a SOC Intern for its Cybersecurity team, with assignments focused on data quality pipeline. This entry level opportunity gives candidates practical exposure to Networking, Linux, Cybersecurity Fundamentals. The candidate will collaborate with engineers, complete scoped technical tasks, and present progress during regular reviews. Posting track 12-12 is tailored to early-career applicants building evidence through coursework, personal projects, or internships.",Review security alerts and identify suspicious activity; Assist with vulnerability assessments; Document incidents and remediation recommendations; Support secure configuration reviews; Contribute to a scoped assignment involving data quality pipeline,"Networking, Linux, Cybersecurity Fundamentals, Security Concepts","SIEM, Python, OWASP, Incident Response, Documentation",Good written and verbal communication; Willingness to learn unfamiliar technologies; Ability to explain technical decisions clearly,0–1 years of relevant experience; strong academic or personal projects are valued.,Final-year or pre-final-year undergraduate student in a relevant engineering or computing program.,synthetic_curated,2026-07-09,"Job Title: SOC Intern
Company: VertexLoop Software
Location: Remote, India
Work Mode: Remote
Employment Type: Entry Level
Domain: Cybersecurity
Description: VertexLoop Software is seeking a SOC Intern for its Cybersecurity team, with assignments focused on data quality pipeline. This entry level opportunity gives candidates practical exposure to Networking, Linux, Cybersecurity Fundamentals. The candidate will collaborate with engineers, complete scoped technical tasks, and present progress during regular reviews. Posting track 12-12 is tailored to early-career applicants building evidence through coursework, personal projects, or internships.
Responsibilities: Review security alerts and identify suspicious activity; Assist with vulnerability assessments; Document incidents and remediation recommendations; Support secure configuration reviews; Contribute to a scoped assignment involving data quality pipeline
Required Skills: Networking, Linux, Cybersecurity Fundamentals, Security Concepts
Preferred Skills: SIEM, Python, OWASP, Incident Response, Documentation
Qualifications: Good written and verbal communication; Willingness to learn unfamiliar technologies; Ability to explain technical decisions clearly
Experience: 0–1 years of relevant experience; strong academic or personal projects are valued.
Education: Final-year or pre-final-year undergraduate student in a relevant engineering or computing program."
JOB-0145,Database Intern,TechSprout Solutions,"Bengaluru, Karnataka",On-site,Internship,Database / SQL,"TechSprout Solutions is seeking a Database Intern for its Database / SQL team, with assignments focused on internal productivity tools. This internship opportunity gives candidates practical exposure to SQL, DBMS, Database Design. The candidate will collaborate with engineers, complete scoped technical tasks, and present progress during regular reviews. Posting track 13-1 is tailored to early-career applicants building evidence through coursework, personal projects, or internships.",Write and review SQL queries; Support schema design and data migration tasks; Investigate data quality issues; Assist with database performance analysis; Contribute to a scoped assignment involving internal productivity tools,"SQL, DBMS, Database Design, Data Modeling","PostgreSQL, MySQL, Python, Query Optimization, Communication",Ability to explain technical decisions clearly; Strong problem-solving and analytical ability; Ability to work effectively in a team,No prior professional experience required; academic projects are acceptable.,"Pursuing B.E./B.Tech in Computer Science, Information Technology, Electronics, or a related field.",synthetic_curated,2026-07-11,"Job Title: Database Intern
Company: TechSprout Solutions
Location: Bengaluru, Karnataka
Work Mode: On-site
Employment Type: Internship
Domain: Database / SQL
Description: TechSprout Solutions is seeking a Database Intern for its Database / SQL team, with assignments focused on internal productivity tools. This internship opportunity gives candidates practical exposure to SQL, DBMS, Database Design. The candidate will collaborate with engineers, complete scoped technical tasks, and present progress during regular reviews. Posting track 13-1 is tailored to early-career applicants building evidence through coursework, personal projects, or internships.
Responsibilities: Write and review SQL queries; Support schema design and data migration tasks; Investigate data quality issues; Assist with database performance analysis; Contribute to a scoped assignment involving internal productivity tools
Required Skills: SQL, DBMS, Database Design, Data Modeling
Preferred Skills: PostgreSQL, MySQL, Python, Query Optimization, Communication
Qualifications: Ability to explain technical decisions clearly; Strong problem-solving and analytical ability; Ability to work effectively in a team
Experience: No prior professional experience required; academic projects are acceptable.
Education: Pursuing B.E./B.Tech in Computer Science, Information Technology, Electronics, or a related field."
JOB-0146,SQL Developer Intern,DeepRiver Analytics,"Hyderabad, Telangana",On-site,Internship,Database / SQL,"DeepRiver Analytics is seeking a SQL Developer Intern for its Database / SQL team, with assignments focused on customer onboarding platform. This internship opportunity gives candidates practical exposure to SQL, DBMS, Database Design. The candidate will collaborate with engineers, complete scoped technical tasks, and present progress during regular reviews. Posting track 13-2 is tailored to early-career applicants building evidence through coursework, personal projects, or internships.",Write and review SQL queries; Support schema design and data migration tasks; Investigate data quality issues; Assist with database performance analysis; Contribute to a scoped assignment involving customer onboarding platform,"SQL, DBMS, Database Design, Data Modeling","PostgreSQL, MySQL, Python, Query Optimization, Problem Solving",Attention to detail and ownership of assigned tasks; Good written and verbal communication; Willingness to learn unfamiliar technologies,0–1 years of relevant experience; strong academic or personal projects are valued.,"Pursuing an undergraduate degree in Computer Science, Information Technology, Data Science, or a related discipline.",synthetic_curated,2026-07-13,"Job Title: SQL Developer Intern
Company: DeepRiver Analytics
Location: Hyderabad, Telangana
Work Mode: On-site
Employment Type: Internship
Domain: Database / SQL
Description: DeepRiver Analytics is seeking a SQL Developer Intern for its Database / SQL team, with assignments focused on customer onboarding platform. This internship opportunity gives candidates practical exposure to SQL, DBMS, Database Design. The candidate will collaborate with engineers, complete scoped technical tasks, and present progress during regular reviews. Posting track 13-2 is tailored to early-career applicants building evidence through coursework, personal projects, or internships.
Responsibilities: Write and review SQL queries; Support schema design and data migration tasks; Investigate data quality issues; Assist with database performance analysis; Contribute to a scoped assignment involving customer onboarding platform
Required Skills: SQL, DBMS, Database Design, Data Modeling
Preferred Skills: PostgreSQL, MySQL, Python, Query Optimization, Problem Solving
Qualifications: Attention to detail and ownership of assigned tasks; Good written and verbal communication; Willingness to learn unfamiliar technologies
Experience: 0–1 years of relevant experience; strong academic or personal projects are valued.
Education: Pursuing an undergraduate degree in Computer Science, Information Technology, Data Science, or a related discipline."
JOB-0147,Database Engineering Intern,SignalPeak Systems,"Pune, Maharashtra",On-site,Internship,Database / SQL,"SignalPeak Systems is seeking a Database Engineering Intern for its Database / SQL team, with assignments focused on analytics dashboard. This internship opportunity gives candidates practical exposure to SQL, DBMS, Database Design. The candidate will collaborate with engineers, complete scoped technical tasks, and present progress during regular reviews. Posting track 13-3 is tailored to early-career applicants building evidence through coursework, personal projects, or internships.",Write and review SQL queries; Support schema design and data migration tasks; Investigate data quality issues; Assist with database performance analysis; Contribute to a scoped assignment involving analytics dashboard,"SQL, DBMS, Database Design, Data Modeling","PostgreSQL, MySQL, Python, Query Optimization, Agile",Strong problem-solving and analytical ability; Ability to work effectively in a team; Basic understanding of software development lifecycle,Previous internship experience is preferred but not mandatory.,Final-year or pre-final-year undergraduate student in a relevant engineering or computing program.,synthetic_curated,2026-07-15,"Job Title: Database Engineering Intern
Company: SignalPeak Systems
Location: Pune, Maharashtra
Work Mode: On-site
Employment Type: Internship
Domain: Database / SQL
Description: SignalPeak Systems is seeking a Database Engineering Intern for its Database / SQL team, with assignments focused on analytics dashboard. This internship opportunity gives candidates practical exposure to SQL, DBMS, Database Design. The candidate will collaborate with engineers, complete scoped technical tasks, and present progress during regular reviews. Posting track 13-3 is tailored to early-career applicants building evidence through coursework, personal projects, or internships.
Responsibilities: Write and review SQL queries; Support schema design and data migration tasks; Investigate data quality issues; Assist with database performance analysis; Contribute to a scoped assignment involving analytics dashboard
Required Skills: SQL, DBMS, Database Design, Data Modeling
Preferred Skills: PostgreSQL, MySQL, Python, Query Optimization, Agile
Qualifications: Strong problem-solving and analytical ability; Ability to work effectively in a team; Basic understanding of software development lifecycle
Experience: Previous internship experience is preferred but not mandatory.
Education: Final-year or pre-final-year undergraduate student in a relevant engineering or computing program."
JOB-0148,Database Intern,SkyLattice Labs,"Chennai, Tamil Nadu",On-site,Internship,Database / SQL,"SkyLattice Labs is seeking a Database Intern for its Database / SQL team, with assignments focused on developer tooling. This internship opportunity gives candidates practical exposure to SQL, DBMS, Database Design. The candidate will collaborate with engineers, complete scoped technical tasks, and present progress during regular reviews. Posting track 13-4 is tailored to early-career applicants building evidence through coursework, personal projects, or internships.",Write and review SQL queries; Support schema design and data migration tasks; Investigate data quality issues; Assist with database performance analysis; Contribute to a scoped assignment involving developer tooling,"SQL, DBMS, Database Design, Data Modeling","PostgreSQL, MySQL, Python, Query Optimization, Documentation",Good written and verbal communication; Willingness to learn unfamiliar technologies; Ability to explain technical decisions clearly,Entry-level candidates are welcome; practical coursework or projects are sufficient.,"Bachelor's student in Computer Science, IT, Engineering, Mathematics, Statistics, or a related field.",synthetic_curated,2026-07-17,"Job Title: Database Intern
Company: SkyLattice Labs
Location: Chennai, Tamil Nadu
Work Mode: On-site
Employment Type: Internship
Domain: Database / SQL
Description: SkyLattice Labs is seeking a Database Intern for its Database / SQL team, with assignments focused on developer tooling. This internship opportunity gives candidates practical exposure to SQL, DBMS, Database Design. The candidate will collaborate with engineers, complete scoped technical tasks, and present progress during regular reviews. Posting track 13-4 is tailored to early-career applicants building evidence through coursework, personal projects, or internships.
Responsibilities: Write and review SQL queries; Support schema design and data migration tasks; Investigate data quality issues; Assist with database performance analysis; Contribute to a scoped assignment involving developer tooling
Required Skills: SQL, DBMS, Database Design, Data Modeling
Preferred Skills: PostgreSQL, MySQL, Python, Query Optimization, Documentation
Qualifications: Good written and verbal communication; Willingness to learn unfamiliar technologies; Ability to explain technical decisions clearly
Experience: Entry-level candidates are welcome; practical coursework or projects are sufficient.
Education: Bachelor's student in Computer Science, IT, Engineering, Mathematics, Statistics, or a related field."
JOB-0149,SQL Developer Intern,SecureArc Systems,"Gurugram, Haryana",Hybrid,Internship,Database / SQL,"SecureArc Systems is seeking a SQL Developer Intern for its Database / SQL team, with assignments focused on workflow automation. This internship opportunity gives candidates practical exposure to SQL, DBMS, Database Design. The candidate will collaborate with engineers, complete scoped technical tasks, and present progress during regular reviews. Posting track 13-5 is tailored to early-career applicants building evidence through coursework, personal projects, or internships.",Write and review SQL queries; Support schema design and data migration tasks; Investigate data quality issues; Assist with database performance analysis; Contribute to a scoped assignment involving workflow automation,"SQL, DBMS, Database Design, Data Modeling","PostgreSQL, MySQL, Python, Query Optimization, Communication",Ability to work effectively in a team; Basic understanding of software development lifecycle; Attention to detail and ownership of assigned tasks,No prior professional experience required; academic projects are acceptable.,"Pursuing B.E./B.Tech in Computer Science, Information Technology, Electronics, or a related field.",synthetic_curated,2026-07-19,"Job Title: SQL Developer Intern
Company: SecureArc Systems
Location: Gurugram, Haryana
Work Mode: Hybrid
Employment Type: Internship
Domain: Database / SQL
Description: SecureArc Systems is seeking a SQL Developer Intern for its Database / SQL team, with assignments focused on workflow automation. This internship opportunity gives candidates practical exposure to SQL, DBMS, Database Design. The candidate will collaborate with engineers, complete scoped technical tasks, and present progress during regular reviews. Posting track 13-5 is tailored to early-career applicants building evidence through coursework, personal projects, or internships.
Responsibilities: Write and review SQL queries; Support schema design and data migration tasks; Investigate data quality issues; Assist with database performance analysis; Contribute to a scoped assignment involving workflow automation
Required Skills: SQL, DBMS, Database Design, Data Modeling
Preferred Skills: PostgreSQL, MySQL, Python, Query Optimization, Communication
Qualifications: Ability to work effectively in a team; Basic understanding of software development lifecycle; Attention to detail and ownership of assigned tasks
Experience: No prior professional experience required; academic projects are acceptable.
Education: Pursuing B.E./B.Tech in Computer Science, Information Technology, Electronics, or a related field."
JOB-0150,Database Engineering Intern,AppCrest Technologies,"Noida, Uttar Pradesh",Hybrid,Internship,Database / SQL,"AppCrest Technologies is seeking a Database Engineering Intern for its Database / SQL team, with assignments focused on education technology platform. This internship opportunity gives candidates practical exposure to SQL, DBMS, Database Design. The candidate will collaborate with engineers, complete scoped technical tasks, and present progress during regular reviews. Posting track 13-6 is tailored to early-career applicants building evidence through coursework, personal projects, or internships.",Write and review SQL queries; Support schema design and data migration tasks; Investigate data quality issues; Assist with database performance analysis; Contribute to a scoped assignment involving education technology platform,"SQL, DBMS, Database Design, Data Modeling","PostgreSQL, MySQL, Python, Query Optimization, Problem Solving",Willingness to learn unfamiliar technologies; Ability to explain technical decisions clearly; Strong problem-solving and analytical ability,0–1 years of relevant experience; strong academic or personal projects are valued.,"Pursuing an undergraduate degree in Computer Science, Information Technology, Data Science, or a related discipline.",synthetic_curated,2026-07-21,"Job Title: Database Engineering Intern
Company: AppCrest Technologies
Location: Noida, Uttar Pradesh
Work Mode: Hybrid
Employment Type: Internship
Domain: Database / SQL
Description: AppCrest Technologies is seeking a Database Engineering Intern for its Database / SQL team, with assignments focused on education technology platform. This internship opportunity gives candidates practical exposure to SQL, DBMS, Database Design. The candidate will collaborate with engineers, complete scoped technical tasks, and present progress during regular reviews. Posting track 13-6 is tailored to early-career applicants building evidence through coursework, personal projects, or internships.
Responsibilities: Write and review SQL queries; Support schema design and data migration tasks; Investigate data quality issues; Assist with database performance analysis; Contribute to a scoped assignment involving education technology platform
Required Skills: SQL, DBMS, Database Design, Data Modeling
Preferred Skills: PostgreSQL, MySQL, Python, Query Optimization, Problem Solving
Qualifications: Willingness to learn unfamiliar technologies; Ability to explain technical decisions clearly; Strong problem-solving and analytical ability
Experience: 0–1 years of relevant experience; strong academic or personal projects are valued.
Education: Pursuing an undergraduate degree in Computer Science, Information Technology, Data Science, or a related discipline."
JOB-0151,Database Intern,NovaByte Labs,"Mumbai, Maharashtra",Hybrid,Internship,Database / SQL,"NovaByte Labs is seeking a Database Intern for its Database / SQL team, with assignments focused on cloud monitoring product. This internship opportunity gives candidates practical exposure to SQL, DBMS, Database Design. The candidate will collaborate with engineers, complete scoped technical tasks, and present progress during regular reviews. Posting track 13-7 is tailored to early-career applicants building evidence through coursework, personal projects, or internships.",Write and review SQL queries; Support schema design and data migration tasks; Investigate data quality issues; Assist with database performance analysis; Contribute to a scoped assignment involving cloud monitoring product,"SQL, DBMS, Database Design, Data Modeling","PostgreSQL, MySQL, Python, Query Optimization, Agile",Basic understanding of software development lifecycle; Attention to detail and ownership of assigned tasks; Good written and verbal communication,Previous internship experience is preferred but not mandatory.,Final-year or pre-final-year undergraduate student in a relevant engineering or computing program.,synthetic_curated,2026-07-23,"Job Title: Database Intern
Company: NovaByte Labs
Location: Mumbai, Maharashtra
Work Mode: Hybrid
Employment Type: Internship
Domain: Database / SQL
Description: NovaByte Labs is seeking a Database Intern for its Database / SQL team, with assignments focused on cloud monitoring product. This internship opportunity gives candidates practical exposure to SQL, DBMS, Database Design. The candidate will collaborate with engineers, complete scoped technical tasks, and present progress during regular reviews. Posting track 13-7 is tailored to early-career applicants building evidence through coursework, personal projects, or internships.
Responsibilities: Write and review SQL queries; Support schema design and data migration tasks; Investigate data quality issues; Assist with database performance analysis; Contribute to a scoped assignment involving cloud monitoring product
Required Skills: SQL, DBMS, Database Design, Data Modeling
Preferred Skills: PostgreSQL, MySQL, Python, Query Optimization, Agile
Qualifications: Basic understanding of software development lifecycle; Attention to detail and ownership of assigned tasks; Good written and verbal communication
Experience: Previous internship experience is preferred but not mandatory.
Education: Final-year or pre-final-year undergraduate student in a relevant engineering or computing program."
JOB-0152,SQL Developer Intern,PixelForge Systems,"Kochi, Kerala",Hybrid,Internship,Database / SQL,"PixelForge Systems is seeking a SQL Developer Intern for its Database / SQL team, with assignments focused on security operations platform. This internship opportunity gives candidates practical exposure to SQL, DBMS, Database Design. The candidate will collaborate with engineers, complete scoped technical tasks, and present progress during regular reviews. Posting track 13-8 is tailored to early-career applicants building evidence through coursework, personal projects, or internships.",Write and review SQL queries; Support schema design and data migration tasks; Investigate data quality issues; Assist with database performance analysis; Contribute to a scoped assignment involving security operations platform,"SQL, DBMS, Database Design, Data Modeling","PostgreSQL, MySQL, Python, Query Optimization, Documentation",Ability to explain technical decisions clearly; Strong problem-solving and analytical ability; Ability to work effectively in a team,Entry-level candidates are welcome; practical coursework or projects are sufficient.,"Bachelor's student in Computer Science, IT, Engineering, Mathematics, Statistics, or a related field.",synthetic_curated,2026-07-25,"Job Title: SQL Developer Intern
Company: PixelForge Systems
Location: Kochi, Kerala
Work Mode: Hybrid
Employment Type: Internship
Domain: Database / SQL
Description: PixelForge Systems is seeking a SQL Developer Intern for its Database / SQL team, with assignments focused on security operations platform. This internship opportunity gives candidates practical exposure to SQL, DBMS, Database Design. The candidate will collaborate with engineers, complete scoped technical tasks, and present progress during regular reviews. Posting track 13-8 is tailored to early-career applicants building evidence through coursework, personal projects, or internships.
Responsibilities: Write and review SQL queries; Support schema design and data migration tasks; Investigate data quality issues; Assist with database performance analysis; Contribute to a scoped assignment involving security operations platform
Required Skills: SQL, DBMS, Database Design, Data Modeling
Preferred Skills: PostgreSQL, MySQL, Python, Query Optimization, Documentation
Qualifications: Ability to explain technical decisions clearly; Strong problem-solving and analytical ability; Ability to work effectively in a team
Experience: Entry-level candidates are welcome; practical coursework or projects are sufficient.
Education: Bachelor's student in Computer Science, IT, Engineering, Mathematics, Statistics, or a related field."
JOB-0153,Database Engineering Intern,CloudMint Innovations,"Remote, India",Remote,Internship,Database / SQL,"CloudMint Innovations is seeking a Database Engineering Intern for its Database / SQL team, with assignments focused on data quality pipeline. This internship opportunity gives candidates practical exposure to SQL, DBMS, Database Design. The candidate will collaborate with engineers, complete scoped technical tasks, and present progress during regular reviews. Posting track 13-9 is tailored to early-career applicants building evidence through coursework, personal projects, or internships.",Write and review SQL queries; Support schema design and data migration tasks; Investigate data quality issues; Assist with database performance analysis; Contribute to a scoped assignment involving data quality pipeline,"SQL, DBMS, Database Design, Data Modeling","PostgreSQL, MySQL, Python, Query Optimization, Communication",Attention to detail and ownership of assigned tasks; Good written and verbal communication; Willingness to learn unfamiliar technologies,No prior professional experience required; academic projects are acceptable.,"Pursuing B.E./B.Tech in Computer Science, Information Technology, Electronics, or a related field.",synthetic_curated,2026-07-27,"Job Title: Database Engineering Intern
Company: CloudMint Innovations
Location: Remote, India
Work Mode: Remote
Employment Type: Internship
Domain: Database / SQL
Description: CloudMint Innovations is seeking a Database Engineering Intern for its Database / SQL team, with assignments focused on data quality pipeline. This internship opportunity gives candidates practical exposure to SQL, DBMS, Database Design. The candidate will collaborate with engineers, complete scoped technical tasks, and present progress during regular reviews. Posting track 13-9 is tailored to early-career applicants building evidence through coursework, personal projects, or internships.
Responsibilities: Write and review SQL queries; Support schema design and data migration tasks; Investigate data quality issues; Assist with database performance analysis; Contribute to a scoped assignment involving data quality pipeline
Required Skills: SQL, DBMS, Database Design, Data Modeling
Preferred Skills: PostgreSQL, MySQL, Python, Query Optimization, Communication
Qualifications: Attention to detail and ownership of assigned tasks; Good written and verbal communication; Willingness to learn unfamiliar technologies
Experience: No prior professional experience required; academic projects are acceptable.
Education: Pursuing B.E./B.Tech in Computer Science, Information Technology, Electronics, or a related field."
JOB-0154,Database Intern,QuantumLeaf Technologies,"Remote, India",Remote,Internship,Database / SQL,"QuantumLeaf Technologies is seeking a Database Intern for its Database / SQL team, with assignments focused on mobile-first user experience. This internship opportunity gives candidates practical exposure to SQL, DBMS, Database Design. The candidate will collaborate with engineers, complete scoped technical tasks, and present progress during regular reviews. Posting track 13-10 is tailored to early-career applicants building evidence through coursework, personal projects, or internships.",Write and review SQL queries; Support schema design and data migration tasks; Investigate data quality issues; Assist with database performance analysis; Contribute to a scoped assignment involving mobile-first user experience,"SQL, DBMS, Database Design, Data Modeling","PostgreSQL, MySQL, Python, Query Optimization, Problem Solving",Strong problem-solving and analytical ability; Ability to work effectively in a team; Basic understanding of software development lifecycle,0–1 years of relevant experience; strong academic or personal projects are valued.,"Pursuing an undergraduate degree in Computer Science, Information Technology, Data Science, or a related discipline.",synthetic_curated,2026-07-29,"Job Title: Database Intern
Company: QuantumLeaf Technologies
Location: Remote, India
Work Mode: Remote
Employment Type: Internship
Domain: Database / SQL
Description: QuantumLeaf Technologies is seeking a Database Intern for its Database / SQL team, with assignments focused on mobile-first user experience. This internship opportunity gives candidates practical exposure to SQL, DBMS, Database Design. The candidate will collaborate with engineers, complete scoped technical tasks, and present progress during regular reviews. Posting track 13-10 is tailored to early-career applicants building evidence through coursework, personal projects, or internships.
Responsibilities: Write and review SQL queries; Support schema design and data migration tasks; Investigate data quality issues; Assist with database performance analysis; Contribute to a scoped assignment involving mobile-first user experience
Required Skills: SQL, DBMS, Database Design, Data Modeling
Preferred Skills: PostgreSQL, MySQL, Python, Query Optimization, Problem Solving
Qualifications: Strong problem-solving and analytical ability; Ability to work effectively in a team; Basic understanding of software development lifecycle
Experience: 0–1 years of relevant experience; strong academic or personal projects are valued.
Education: Pursuing an undergraduate degree in Computer Science, Information Technology, Data Science, or a related discipline."
JOB-0155,SQL Developer Intern,BrightStack Digital,"Remote, India",Remote,Entry Level,Database / SQL,"BrightStack Digital is seeking a SQL Developer Intern for its Database / SQL team, with assignments focused on enterprise reporting solution. This entry level opportunity gives candidates practical exposure to SQL, DBMS, Database Design. The candidate will collaborate with engineers, complete scoped technical tasks, and present progress during regular reviews. Posting track 13-11 is tailored to early-career applicants building evidence through coursework, personal projects, or internships.",Write and review SQL queries; Support schema design and data migration tasks; Investigate data quality issues; Assist with database performance analysis; Contribute to a scoped assignment involving enterprise reporting solution,"SQL, DBMS, Database Design, Data Modeling","PostgreSQL, MySQL, Python, Query Optimization, Agile",Good written and verbal communication; Willingness to learn unfamiliar technologies; Ability to explain technical decisions clearly,Previous internship experience is preferred but not mandatory.,Final-year or pre-final-year undergraduate student in a relevant engineering or computing program.,synthetic_curated,2026-07-31,"Job Title: SQL Developer Intern
Company: BrightStack Digital
Location: Remote, India
Work Mode: Remote
Employment Type: Entry Level
Domain: Database / SQL
Description: BrightStack Digital is seeking a SQL Developer Intern for its Database / SQL team, with assignments focused on enterprise reporting solution. This entry level opportunity gives candidates practical exposure to SQL, DBMS, Database Design. The candidate will collaborate with engineers, complete scoped technical tasks, and present progress during regular reviews. Posting track 13-11 is tailored to early-career applicants building evidence through coursework, personal projects, or internships.
Responsibilities: Write and review SQL queries; Support schema design and data migration tasks; Investigate data quality issues; Assist with database performance analysis; Contribute to a scoped assignment involving enterprise reporting solution
Required Skills: SQL, DBMS, Database Design, Data Modeling
Preferred Skills: PostgreSQL, MySQL, Python, Query Optimization, Agile
Qualifications: Good written and verbal communication; Willingness to learn unfamiliar technologies; Ability to explain technical decisions clearly
Experience: Previous internship experience is preferred but not mandatory.
Education: Final-year or pre-final-year undergraduate student in a relevant engineering or computing program."
JOB-0156,Database Engineering Intern,AsterWave Technologies,"Remote, India",Remote,Entry Level,Database / SQL,"AsterWave Technologies is seeking a Database Engineering Intern for its Database / SQL team, with assignments focused on API integration layer. This entry level opportunity gives candidates practical exposure to SQL, DBMS, Database Design. The candidate will collaborate with engineers, complete scoped technical tasks, and present progress during regular reviews. Posting track 13-12 is tailored to early-career applicants building evidence through coursework, personal projects, or internships.",Write and review SQL queries; Support schema design and data migration tasks; Investigate data quality issues; Assist with database performance analysis; Contribute to a scoped assignment involving API integration layer,"SQL, DBMS, Database Design, Data Modeling","PostgreSQL, MySQL, Python, Query Optimization, Documentation",Ability to work effectively in a team; Basic understanding of software development lifecycle; Attention to detail and ownership of assigned tasks,Entry-level candidates are welcome; practical coursework or projects are sufficient.,"Bachelor's student in Computer Science, IT, Engineering, Mathematics, Statistics, or a related field.",synthetic_curated,2026-08-02,"Job Title: Database Engineering Intern
Company: AsterWave Technologies
Location: Remote, India
Work Mode: Remote
Employment Type: Entry Level
Domain: Database / SQL
Description: AsterWave Technologies is seeking a Database Engineering Intern for its Database / SQL team, with assignments focused on API integration layer. This entry level opportunity gives candidates practical exposure to SQL, DBMS, Database Design. The candidate will collaborate with engineers, complete scoped technical tasks, and present progress during regular reviews. Posting track 13-12 is tailored to early-career applicants building evidence through coursework, personal projects, or internships.
Responsibilities: Write and review SQL queries; Support schema design and data migration tasks; Investigate data quality issues; Assist with database performance analysis; Contribute to a scoped assignment involving API integration layer
Required Skills: SQL, DBMS, Database Design, Data Modeling
Preferred Skills: PostgreSQL, MySQL, Python, Query Optimization, Documentation
Qualifications: Ability to work effectively in a team; Basic understanding of software development lifecycle; Attention to detail and ownership of assigned tasks
Experience: Entry-level candidates are welcome; practical coursework or projects are sufficient.
Education: Bachelor's student in Computer Science, IT, Engineering, Mathematics, Statistics, or a related field."
JOB-0157,QA Intern,ByteBridge Innovations,"Hyderabad, Telangana",On-site,Internship,Software Testing / QA,"ByteBridge Innovations is seeking a QA Intern for its Software Testing / QA team, with assignments focused on developer tooling. This internship opportunity gives candidates practical exposure to Software Testing, Test Cases, Bug Tracking. The candidate will collaborate with engineers, complete scoped technical tasks, and present progress during regular reviews. Posting track 14-1 is tailored to early-career applicants building evidence through coursework, personal projects, or internships.",Create and execute functional test cases; Report defects with reproducible steps; Perform API and regression testing; Contribute to basic test automation; Contribute to a scoped assignment involving developer tooling,"Software Testing, Test Cases, Bug Tracking, SDLC","Selenium, Python, Postman, API Testing, Communication",Attention to detail and ownership of assigned tasks; Good written and verbal communication; Willingness to learn unfamiliar technologies,Previous internship experience is preferred but not mandatory.,"Pursuing an undergraduate degree in Computer Science, Information Technology, Data Science, or a related discipline.",synthetic_curated,2026-08-04,"Job Title: QA Intern
Company: ByteBridge Innovations
Location: Hyderabad, Telangana
Work Mode: On-site
Employment Type: Internship
Domain: Software Testing / QA
Description: ByteBridge Innovations is seeking a QA Intern for its Software Testing / QA team, with assignments focused on developer tooling. This internship opportunity gives candidates practical exposure to Software Testing, Test Cases, Bug Tracking. The candidate will collaborate with engineers, complete scoped technical tasks, and present progress during regular reviews. Posting track 14-1 is tailored to early-career applicants building evidence through coursework, personal projects, or internships.
Responsibilities: Create and execute functional test cases; Report defects with reproducible steps; Perform API and regression testing; Contribute to basic test automation; Contribute to a scoped assignment involving developer tooling
Required Skills: Software Testing, Test Cases, Bug Tracking, SDLC
Preferred Skills: Selenium, Python, Postman, API Testing, Communication
Qualifications: Attention to detail and ownership of assigned tasks; Good written and verbal communication; Willingness to learn unfamiliar technologies
Experience: Previous internship experience is preferred but not mandatory.
Education: Pursuing an undergraduate degree in Computer Science, Information Technology, Data Science, or a related discipline."
JOB-0158,Software Testing Intern,InfraNova Technologies,"Pune, Maharashtra",On-site,Internship,Software Testing / QA,"InfraNova Technologies is seeking a Software Testing Intern for its Software Testing / QA team, with assignments focused on workflow automation. This internship opportunity gives candidates practical exposure to Software Testing, Test Cases, Bug Tracking. The candidate will collaborate with engineers, complete scoped technical tasks, and present progress during regular reviews. Posting track 14-2 is tailored to early-career applicants building evidence through coursework, personal projects, or internships.",Create and execute functional test cases; Report defects with reproducible steps; Perform API and regression testing; Contribute to basic test automation; Contribute to a scoped assignment involving workflow automation,"Software Testing, Test Cases, Bug Tracking, SDLC","Selenium, Python, Postman, API Testing, Problem Solving",Strong problem-solving and analytical ability; Ability to work effectively in a team; Basic understanding of software development lifecycle,Entry-level candidates are welcome; practical coursework or projects are sufficient.,Final-year or pre-final-year undergraduate student in a relevant engineering or computing program.,synthetic_curated,2026-08-06,"Job Title: Software Testing Intern
Company: InfraNova Technologies
Location: Pune, Maharashtra
Work Mode: On-site
Employment Type: Internship
Domain: Software Testing / QA
Description: InfraNova Technologies is seeking a Software Testing Intern for its Software Testing / QA team, with assignments focused on workflow automation. This internship opportunity gives candidates practical exposure to Software Testing, Test Cases, Bug Tracking. The candidate will collaborate with engineers, complete scoped technical tasks, and present progress during regular reviews. Posting track 14-2 is tailored to early-career applicants building evidence through coursework, personal projects, or internships.
Responsibilities: Create and execute functional test cases; Report defects with reproducible steps; Perform API and regression testing; Contribute to basic test automation; Contribute to a scoped assignment involving workflow automation
Required Skills: Software Testing, Test Cases, Bug Tracking, SDLC
Preferred Skills: Selenium, Python, Postman, API Testing, Problem Solving
Qualifications: Strong problem-solving and analytical ability; Ability to work effectively in a team; Basic understanding of software development lifecycle
Experience: Entry-level candidates are welcome; practical coursework or projects are sufficient.
Education: Final-year or pre-final-year undergraduate student in a relevant engineering or computing program."
JOB-0159,Test Automation Intern,InsightMesh Analytics,"Chennai, Tamil Nadu",On-site,Internship,Software Testing / QA,"InsightMesh Analytics is seeking a Test Automation Intern for its Software Testing / QA team, with assignments focused on education technology platform. This internship opportunity gives candidates practical exposure to Software Testing, Test Cases, Bug Tracking. The candidate will collaborate with engineers, complete scoped technical tasks, and present progress during regular reviews. Posting track 14-3 is tailored to early-career applicants building evidence through coursework, personal projects, or internships.",Create and execute functional test cases; Report defects with reproducible steps; Perform API and regression testing; Contribute to basic test automation; Contribute to a scoped assignment involving education technology platform,"Software Testing, Test Cases, Bug Tracking, SDLC","Selenium, Python, Postman, API Testing, Agile",Good written and verbal communication; Willingness to learn unfamiliar technologies; Ability to explain technical decisions clearly,No prior professional experience required; academic projects are acceptable.,"Bachelor's student in Computer Science, IT, Engineering, Mathematics, Statistics, or a related field.",synthetic_curated,2026-08-08,"Job Title: Test Automation Intern
Company: InsightMesh Analytics
Location: Chennai, Tamil Nadu
Work Mode: On-site
Employment Type: Internship
Domain: Software Testing / QA
Description: InsightMesh Analytics is seeking a Test Automation Intern for its Software Testing / QA team, with assignments focused on education technology platform. This internship opportunity gives candidates practical exposure to Software Testing, Test Cases, Bug Tracking. The candidate will collaborate with engineers, complete scoped technical tasks, and present progress during regular reviews. Posting track 14-3 is tailored to early-career applicants building evidence through coursework, personal projects, or internships.
Responsibilities: Create and execute functional test cases; Report defects with reproducible steps; Perform API and regression testing; Contribute to basic test automation; Contribute to a scoped assignment involving education technology platform
Required Skills: Software Testing, Test Cases, Bug Tracking, SDLC
Preferred Skills: Selenium, Python, Postman, API Testing, Agile
Qualifications: Good written and verbal communication; Willingness to learn unfamiliar technologies; Ability to explain technical decisions clearly
Experience: No prior professional experience required; academic projects are acceptable.
Education: Bachelor's student in Computer Science, IT, Engineering, Mathematics, Statistics, or a related field."
JOB-0160,QA Intern,DevSphere Labs,"Gurugram, Haryana",On-site,Internship,Software Testing / QA,"DevSphere Labs is seeking a QA Intern for its Software Testing / QA team, with assignments focused on cloud monitoring product. This internship opportunity gives candidates practical exposure to Software Testing, Test Cases, Bug Tracking. The candidate will collaborate with engineers, complete scoped technical tasks, and present progress during regular reviews. Posting track 14-4 is tailored to early-career applicants building evidence through coursework, personal projects, or internships.",Create and execute functional test cases; Report defects with reproducible steps; Perform API and regression testing; Contribute to basic test automation; Contribute to a scoped assignment involving cloud monitoring product,"Software Testing, Test Cases, Bug Tracking, SDLC","Selenium, Python, Postman, API Testing, Documentation",Ability to work effectively in a team; Basic understanding of software development lifecycle; Attention to detail and ownership of assigned tasks,0–1 years of relevant experience; strong academic or personal projects are valued.,"Pursuing B.E./B.Tech in Computer Science, Information Technology, Electronics, or a related field.",synthetic_curated,2026-08-10,"Job Title: QA Intern
Company: DevSphere Labs
Location: Gurugram, Haryana
Work Mode: On-site
Employment Type: Internship
Domain: Software Testing / QA
Description: DevSphere Labs is seeking a QA Intern for its Software Testing / QA team, with assignments focused on cloud monitoring product. This internship opportunity gives candidates practical exposure to Software Testing, Test Cases, Bug Tracking. The candidate will collaborate with engineers, complete scoped technical tasks, and present progress during regular reviews. Posting track 14-4 is tailored to early-career applicants building evidence through coursework, personal projects, or internships.
Responsibilities: Create and execute functional test cases; Report defects with reproducible steps; Perform API and regression testing; Contribute to basic test automation; Contribute to a scoped assignment involving cloud monitoring product
Required Skills: Software Testing, Test Cases, Bug Tracking, SDLC
Preferred Skills: Selenium, Python, Postman, API Testing, Documentation
Qualifications: Ability to work effectively in a team; Basic understanding of software development lifecycle; Attention to detail and ownership of assigned tasks
Experience: 0–1 years of relevant experience; strong academic or personal projects are valued.
Education: Pursuing B.E./B.Tech in Computer Science, Information Technology, Electronics, or a related field."
JOB-0161,Software Testing Intern,BlueOrbit Technologies,"Noida, Uttar Pradesh",Hybrid,Internship,Software Testing / QA,"BlueOrbit Technologies is seeking a Software Testing Intern for its Software Testing / QA team, with assignments focused on security operations platform. This internship opportunity gives candidates practical exposure to Software Testing, Test Cases, Bug Tracking. The candidate will collaborate with engineers, complete scoped technical tasks, and present progress during regular reviews. Posting track 14-5 is tailored to early-career applicants building evidence through coursework, personal projects, or internships.",Create and execute functional test cases; Report defects with reproducible steps; Perform API and regression testing; Contribute to basic test automation; Contribute to a scoped assignment involving security operations platform,"Software Testing, Test Cases, Bug Tracking, SDLC","Selenium, Python, Postman, API Testing, Communication",Willingness to learn unfamiliar technologies; Ability to explain technical decisions clearly; Strong problem-solving and analytical ability,Previous internship experience is preferred but not mandatory.,"Pursuing an undergraduate degree in Computer Science, Information Technology, Data Science, or a related discipline.",synthetic_curated,2026-08-12,"Job Title: Software Testing Intern
Company: BlueOrbit Technologies
Location: Noida, Uttar Pradesh
Work Mode: Hybrid
Employment Type: Internship
Domain: Software Testing / QA
Description: BlueOrbit Technologies is seeking a Software Testing Intern for its Software Testing / QA team, with assignments focused on security operations platform. This internship opportunity gives candidates practical exposure to Software Testing, Test Cases, Bug Tracking. The candidate will collaborate with engineers, complete scoped technical tasks, and present progress during regular reviews. Posting track 14-5 is tailored to early-career applicants building evidence through coursework, personal projects, or internships.
Responsibilities: Create and execute functional test cases; Report defects with reproducible steps; Perform API and regression testing; Contribute to basic test automation; Contribute to a scoped assignment involving security operations platform
Required Skills: Software Testing, Test Cases, Bug Tracking, SDLC
Preferred Skills: Selenium, Python, Postman, API Testing, Communication
Qualifications: Willingness to learn unfamiliar technologies; Ability to explain technical decisions clearly; Strong problem-solving and analytical ability
Experience: Previous internship experience is preferred but not mandatory.
Education: Pursuing an undergraduate degree in Computer Science, Information Technology, Data Science, or a related discipline."
JOB-0162,Test Automation Intern,DataNest Solutions,"Mumbai, Maharashtra",Hybrid,Internship,Software Testing / QA,"DataNest Solutions is seeking a Test Automation Intern for its Software Testing / QA team, with assignments focused on data quality pipeline. This internship opportunity gives candidates practical exposure to Software Testing, Test Cases, Bug Tracking. The candidate will collaborate with engineers, complete scoped technical tasks, and present progress during regular reviews. Posting track 14-6 is tailored to early-career applicants building evidence through coursework, personal projects, or internships.",Create and execute functional test cases; Report defects with reproducible steps; Perform API and regression testing; Contribute to basic test automation; Contribute to a scoped assignment involving data quality pipeline,"Software Testing, Test Cases, Bug Tracking, SDLC","Selenium, Python, Postman, API Testing, Problem Solving",Basic understanding of software development lifecycle; Attention to detail and ownership of assigned tasks; Good written and verbal communication,Entry-level candidates are welcome; practical coursework or projects are sufficient.,Final-year or pre-final-year undergraduate student in a relevant engineering or computing program.,synthetic_curated,2026-08-14,"Job Title: Test Automation Intern
Company: DataNest Solutions
Location: Mumbai, Maharashtra
Work Mode: Hybrid
Employment Type: Internship
Domain: Software Testing / QA
Description: DataNest Solutions is seeking a Test Automation Intern for its Software Testing / QA team, with assignments focused on data quality pipeline. This internship opportunity gives candidates practical exposure to Software Testing, Test Cases, Bug Tracking. The candidate will collaborate with engineers, complete scoped technical tasks, and present progress during regular reviews. Posting track 14-6 is tailored to early-career applicants building evidence through coursework, personal projects, or internships.
Responsibilities: Create and execute functional test cases; Report defects with reproducible steps; Perform API and regression testing; Contribute to basic test automation; Contribute to a scoped assignment involving data quality pipeline
Required Skills: Software Testing, Test Cases, Bug Tracking, SDLC
Preferred Skills: Selenium, Python, Postman, API Testing, Problem Solving
Qualifications: Basic understanding of software development lifecycle; Attention to detail and ownership of assigned tasks; Good written and verbal communication
Experience: Entry-level candidates are welcome; practical coursework or projects are sufficient.
Education: Final-year or pre-final-year undergraduate student in a relevant engineering or computing program."
JOB-0163,QA Intern,VertexLoop Software,"Kochi, Kerala",Hybrid,Internship,Software Testing / QA,"VertexLoop Software is seeking a QA Intern for its Software Testing / QA team, with assignments focused on mobile-first user experience. This internship opportunity gives candidates practical exposure to Software Testing, Test Cases, Bug Tracking. The candidate will collaborate with engineers, complete scoped technical tasks, and present progress during regular reviews. Posting track 14-7 is tailored to early-career applicants building evidence through coursework, personal projects, or internships.",Create and execute functional test cases; Report defects with reproducible steps; Perform API and regression testing; Contribute to basic test automation; Contribute to a scoped assignment involving mobile-first user experience,"Software Testing, Test Cases, Bug Tracking, SDLC","Selenium, Python, Postman, API Testing, Agile",Ability to explain technical decisions clearly; Strong problem-solving and analytical ability; Ability to work effectively in a team,No prior professional experience required; academic projects are acceptable.,"Bachelor's student in Computer Science, IT, Engineering, Mathematics, Statistics, or a related field.",synthetic_curated,2026-08-16,"Job Title: QA Intern
Company: VertexLoop Software
Location: Kochi, Kerala
Work Mode: Hybrid
Employment Type: Internship
Domain: Software Testing / QA
Description: VertexLoop Software is seeking a QA Intern for its Software Testing / QA team, with assignments focused on mobile-first user experience. This internship opportunity gives candidates practical exposure to Software Testing, Test Cases, Bug Tracking. The candidate will collaborate with engineers, complete scoped technical tasks, and present progress during regular reviews. Posting track 14-7 is tailored to early-career applicants building evidence through coursework, personal projects, or internships.
Responsibilities: Create and execute functional test cases; Report defects with reproducible steps; Perform API and regression testing; Contribute to basic test automation; Contribute to a scoped assignment involving mobile-first user experience
Required Skills: Software Testing, Test Cases, Bug Tracking, SDLC
Preferred Skills: Selenium, Python, Postman, API Testing, Agile
Qualifications: Ability to explain technical decisions clearly; Strong problem-solving and analytical ability; Ability to work effectively in a team
Experience: No prior professional experience required; academic projects are acceptable.
Education: Bachelor's student in Computer Science, IT, Engineering, Mathematics, Statistics, or a related field."
JOB-0164,Software Testing Intern,CodeHarbor Labs,"Coimbatore, Tamil Nadu",Hybrid,Internship,Software Testing / QA,"CodeHarbor Labs is seeking a Software Testing Intern for its Software Testing / QA team, with assignments focused on enterprise reporting solution. This internship opportunity gives candidates practical exposure to Software Testing, Test Cases, Bug Tracking. The candidate will collaborate with engineers, complete scoped technical tasks, and present progress during regular reviews. Posting track 14-8 is tailored to early-career applicants building evidence through coursework, personal projects, or internships.",Create and execute functional test cases; Report defects with reproducible steps; Perform API and regression testing; Contribute to basic test automation; Contribute to a scoped assignment involving enterprise reporting solution,"Software Testing, Test Cases, Bug Tracking, SDLC","Selenium, Python, Postman, API Testing, Documentation",Attention to detail and ownership of assigned tasks; Good written and verbal communication; Willingness to learn unfamiliar technologies,0–1 years of relevant experience; strong academic or personal projects are valued.,"Pursuing B.E./B.Tech in Computer Science, Information Technology, Electronics, or a related field.",synthetic_curated,2026-08-18,"Job Title: Software Testing Intern
Company: CodeHarbor Labs
Location: Coimbatore, Tamil Nadu
Work Mode: Hybrid
Employment Type: Internship
Domain: Software Testing / QA
Description: CodeHarbor Labs is seeking a Software Testing Intern for its Software Testing / QA team, with assignments focused on enterprise reporting solution. This internship opportunity gives candidates practical exposure to Software Testing, Test Cases, Bug Tracking. The candidate will collaborate with engineers, complete scoped technical tasks, and present progress during regular reviews. Posting track 14-8 is tailored to early-career applicants building evidence through coursework, personal projects, or internships.
Responsibilities: Create and execute functional test cases; Report defects with reproducible steps; Perform API and regression testing; Contribute to basic test automation; Contribute to a scoped assignment involving enterprise reporting solution
Required Skills: Software Testing, Test Cases, Bug Tracking, SDLC
Preferred Skills: Selenium, Python, Postman, API Testing, Documentation
Qualifications: Attention to detail and ownership of assigned tasks; Good written and verbal communication; Willingness to learn unfamiliar technologies
Experience: 0–1 years of relevant experience; strong academic or personal projects are valued.
Education: Pursuing B.E./B.Tech in Computer Science, Information Technology, Electronics, or a related field."
JOB-0165,Test Automation Intern,NexaGrid Systems,"Remote, India",Remote,Internship,Software Testing / QA,"NexaGrid Systems is seeking a Test Automation Intern for its Software Testing / QA team, with assignments focused on API integration layer. This internship opportunity gives candidates practical exposure to Software Testing, Test Cases, Bug Tracking. The candidate will collaborate with engineers, complete scoped technical tasks, and present progress during regular reviews. Posting track 14-9 is tailored to early-career applicants building evidence through coursework, personal projects, or internships.",Create and execute functional test cases; Report defects with reproducible steps; Perform API and regression testing; Contribute to basic test automation; Contribute to a scoped assignment involving API integration layer,"Software Testing, Test Cases, Bug Tracking, SDLC","Selenium, Python, Postman, API Testing, Communication",Strong problem-solving and analytical ability; Ability to work effectively in a team; Basic understanding of software development lifecycle,Previous internship experience is preferred but not mandatory.,"Pursuing an undergraduate degree in Computer Science, Information Technology, Data Science, or a related discipline.",synthetic_curated,2026-08-20,"Job Title: Test Automation Intern
Company: NexaGrid Systems
Location: Remote, India
Work Mode: Remote
Employment Type: Internship
Domain: Software Testing / QA
Description: NexaGrid Systems is seeking a Test Automation Intern for its Software Testing / QA team, with assignments focused on API integration layer. This internship opportunity gives candidates practical exposure to Software Testing, Test Cases, Bug Tracking. The candidate will collaborate with engineers, complete scoped technical tasks, and present progress during regular reviews. Posting track 14-9 is tailored to early-career applicants building evidence through coursework, personal projects, or internships.
Responsibilities: Create and execute functional test cases; Report defects with reproducible steps; Perform API and regression testing; Contribute to basic test automation; Contribute to a scoped assignment involving API integration layer
Required Skills: Software Testing, Test Cases, Bug Tracking, SDLC
Preferred Skills: Selenium, Python, Postman, API Testing, Communication
Qualifications: Strong problem-solving and analytical ability; Ability to work effectively in a team; Basic understanding of software development lifecycle
Experience: Previous internship experience is preferred but not mandatory.
Education: Pursuing an undergraduate degree in Computer Science, Information Technology, Data Science, or a related discipline."
JOB-0166,QA Intern,LogicBloom Labs,"Remote, India",Remote,Internship,Software Testing / QA,"LogicBloom Labs is seeking a QA Intern for its Software Testing / QA team, with assignments focused on internal productivity tools. This internship opportunity gives candidates practical exposure to Software Testing, Test Cases, Bug Tracking. The candidate will collaborate with engineers, complete scoped technical tasks, and present progress during regular reviews. Posting track 14-10 is tailored to early-career applicants building evidence through coursework, personal projects, or internships.",Create and execute functional test cases; Report defects with reproducible steps; Perform API and regression testing; Contribute to basic test automation; Contribute to a scoped assignment involving internal productivity tools,"Software Testing, Test Cases, Bug Tracking, SDLC","Selenium, Python, Postman, API Testing, Problem Solving",Good written and verbal communication; Willingness to learn unfamiliar technologies; Ability to explain technical decisions clearly,Entry-level candidates are welcome; practical coursework or projects are sufficient.,Final-year or pre-final-year undergraduate student in a relevant engineering or computing program.,synthetic_curated,2026-08-22,"Job Title: QA Intern
Company: LogicBloom Labs
Location: Remote, India
Work Mode: Remote
Employment Type: Internship
Domain: Software Testing / QA
Description: LogicBloom Labs is seeking a QA Intern for its Software Testing / QA team, with assignments focused on internal productivity tools. This internship opportunity gives candidates practical exposure to Software Testing, Test Cases, Bug Tracking. The candidate will collaborate with engineers, complete scoped technical tasks, and present progress during regular reviews. Posting track 14-10 is tailored to early-career applicants building evidence through coursework, personal projects, or internships.
Responsibilities: Create and execute functional test cases; Report defects with reproducible steps; Perform API and regression testing; Contribute to basic test automation; Contribute to a scoped assignment involving internal productivity tools
Required Skills: Software Testing, Test Cases, Bug Tracking, SDLC
Preferred Skills: Selenium, Python, Postman, API Testing, Problem Solving
Qualifications: Good written and verbal communication; Willingness to learn unfamiliar technologies; Ability to explain technical decisions clearly
Experience: Entry-level candidates are welcome; practical coursework or projects are sufficient.
Education: Final-year or pre-final-year undergraduate student in a relevant engineering or computing program."
JOB-0167,Software Testing Intern,OrbitCraft Software,"Remote, India",Remote,Entry Level,Software Testing / QA,"OrbitCraft Software is seeking a Software Testing Intern for its Software Testing / QA team, with assignments focused on customer onboarding platform. This entry level opportunity gives candidates practical exposure to Software Testing, Test Cases, Bug Tracking. The candidate will collaborate with engineers, complete scoped technical tasks, and present progress during regular reviews. Posting track 14-11 is tailored to early-career applicants building evidence through coursework, personal projects, or internships.",Create and execute functional test cases; Report defects with reproducible steps; Perform API and regression testing; Contribute to basic test automation; Contribute to a scoped assignment involving customer onboarding platform,"Software Testing, Test Cases, Bug Tracking, SDLC","Selenium, Python, Postman, API Testing, Agile",Ability to work effectively in a team; Basic understanding of software development lifecycle; Attention to detail and ownership of assigned tasks,No prior professional experience required; academic projects are acceptable.,"Bachelor's student in Computer Science, IT, Engineering, Mathematics, Statistics, or a related field.",synthetic_curated,2026-08-24,"Job Title: Software Testing Intern
Company: OrbitCraft Software
Location: Remote, India
Work Mode: Remote
Employment Type: Entry Level
Domain: Software Testing / QA
Description: OrbitCraft Software is seeking a Software Testing Intern for its Software Testing / QA team, with assignments focused on customer onboarding platform. This entry level opportunity gives candidates practical exposure to Software Testing, Test Cases, Bug Tracking. The candidate will collaborate with engineers, complete scoped technical tasks, and present progress during regular reviews. Posting track 14-11 is tailored to early-career applicants building evidence through coursework, personal projects, or internships.
Responsibilities: Create and execute functional test cases; Report defects with reproducible steps; Perform API and regression testing; Contribute to basic test automation; Contribute to a scoped assignment involving customer onboarding platform
Required Skills: Software Testing, Test Cases, Bug Tracking, SDLC
Preferred Skills: Selenium, Python, Postman, API Testing, Agile
Qualifications: Ability to work effectively in a team; Basic understanding of software development lifecycle; Attention to detail and ownership of assigned tasks
Experience: No prior professional experience required; academic projects are acceptable.
Education: Bachelor's student in Computer Science, IT, Engineering, Mathematics, Statistics, or a related field."
JOB-0168,Test Automation Intern,CoreVista Technologies,"Remote, India",Remote,Entry Level,Software Testing / QA,"CoreVista Technologies is seeking a Test Automation Intern for its Software Testing / QA team, with assignments focused on analytics dashboard. This entry level opportunity gives candidates practical exposure to Software Testing, Test Cases, Bug Tracking. The candidate will collaborate with engineers, complete scoped technical tasks, and present progress during regular reviews. Posting track 14-12 is tailored to early-career applicants building evidence through coursework, personal projects, or internships.",Create and execute functional test cases; Report defects with reproducible steps; Perform API and regression testing; Contribute to basic test automation; Contribute to a scoped assignment involving analytics dashboard,"Software Testing, Test Cases, Bug Tracking, SDLC","Selenium, Python, Postman, API Testing, Documentation",Willingness to learn unfamiliar technologies; Ability to explain technical decisions clearly; Strong problem-solving and analytical ability,0–1 years of relevant experience; strong academic or personal projects are valued.,"Pursuing B.E./B.Tech in Computer Science, Information Technology, Electronics, or a related field.",synthetic_curated,2026-08-26,"Job Title: Test Automation Intern
Company: CoreVista Technologies
Location: Remote, India
Work Mode: Remote
Employment Type: Entry Level
Domain: Software Testing / QA
Description: CoreVista Technologies is seeking a Test Automation Intern for its Software Testing / QA team, with assignments focused on analytics dashboard. This entry level opportunity gives candidates practical exposure to Software Testing, Test Cases, Bug Tracking. The candidate will collaborate with engineers, complete scoped technical tasks, and present progress during regular reviews. Posting track 14-12 is tailored to early-career applicants building evidence through coursework, personal projects, or internships.
Responsibilities: Create and execute functional test cases; Report defects with reproducible steps; Perform API and regression testing; Contribute to basic test automation; Contribute to a scoped assignment involving analytics dashboard
Required Skills: Software Testing, Test Cases, Bug Tracking, SDLC
Preferred Skills: Selenium, Python, Postman, API Testing, Documentation
Qualifications: Willingness to learn unfamiliar technologies; Ability to explain technical decisions clearly; Strong problem-solving and analytical ability
Experience: 0–1 years of relevant experience; strong academic or personal projects are valued.
Education: Pursuing B.E./B.Tech in Computer Science, Information Technology, Electronics, or a related field."
JOB-0169,Android Developer Intern,AppCrest Technologies,"Pune, Maharashtra",On-site,Internship,Mobile Development,"AppCrest Technologies is seeking a Android Developer Intern for its Mobile Development team, with assignments focused on cloud monitoring product. This internship opportunity gives candidates practical exposure to Programming Fundamentals, OOP, Git. The candidate will collaborate with engineers, complete scoped technical tasks, and present progress during regular reviews. Posting track 15-1 is tailored to early-career applicants building evidence through coursework, personal projects, or internships.",Implement mobile application screens and features; Integrate mobile apps with backend APIs; Fix UI and functional defects; Test features across supported devices; Contribute to a scoped assignment involving cloud monitoring product,"Programming Fundamentals, OOP, Git, Mobile Development","Kotlin, Flutter, Dart, REST APIs, Communication",Strong problem-solving and analytical ability; Ability to work effectively in a team; Basic understanding of software development lifecycle,No prior professional experience required; academic projects are acceptable.,Final-year or pre-final-year undergraduate student in a relevant engineering or computing program.,synthetic_curated,2026-08-28,"Job Title: Android Developer Intern
Company: AppCrest Technologies
Location: Pune, Maharashtra
Work Mode: On-site
Employment Type: Internship
Domain: Mobile Development
Description: AppCrest Technologies is seeking a Android Developer Intern for its Mobile Development team, with assignments focused on cloud monitoring product. This internship opportunity gives candidates practical exposure to Programming Fundamentals, OOP, Git. The candidate will collaborate with engineers, complete scoped technical tasks, and present progress during regular reviews. Posting track 15-1 is tailored to early-career applicants building evidence through coursework, personal projects, or internships.
Responsibilities: Implement mobile application screens and features; Integrate mobile apps with backend APIs; Fix UI and functional defects; Test features across supported devices; Contribute to a scoped assignment involving cloud monitoring product
Required Skills: Programming Fundamentals, OOP, Git, Mobile Development
Preferred Skills: Kotlin, Flutter, Dart, REST APIs, Communication
Qualifications: Strong problem-solving and analytical ability; Ability to work effectively in a team; Basic understanding of software development lifecycle
Experience: No prior professional experience required; academic projects are acceptable.
Education: Final-year or pre-final-year undergraduate student in a relevant engineering or computing program."
JOB-0170,Mobile App Development Intern,NovaByte Labs,"Chennai, Tamil Nadu",On-site,Internship,Mobile Development,"NovaByte Labs is seeking a Mobile App Development Intern for its Mobile Development team, with assignments focused on security operations platform. This internship opportunity gives candidates practical exposure to Programming Fundamentals, OOP, Git. The candidate will collaborate with engineers, complete scoped technical tasks, and present progress during regular reviews. Posting track 15-2 is tailored to early-career applicants building evidence through coursework, personal projects, or internships.",Implement mobile application screens and features; Integrate mobile apps with backend APIs; Fix UI and functional defects; Test features across supported devices; Contribute to a scoped assignment involving security operations platform,"Programming Fundamentals, OOP, Git, Mobile Development","Kotlin, Flutter, Dart, REST APIs, Problem Solving",Good written and verbal communication; Willingness to learn unfamiliar technologies; Ability to explain technical decisions clearly,0–1 years of relevant experience; strong academic or personal projects are valued.,"Bachelor's student in Computer Science, IT, Engineering, Mathematics, Statistics, or a related field.",synthetic_curated,2026-08-30,"Job Title: Mobile App Development Intern
Company: NovaByte Labs
Location: Chennai, Tamil Nadu
Work Mode: On-site
Employment Type: Internship
Domain: Mobile Development
Description: NovaByte Labs is seeking a Mobile App Development Intern for its Mobile Development team, with assignments focused on security operations platform. This internship opportunity gives candidates practical exposure to Programming Fundamentals, OOP, Git. The candidate will collaborate with engineers, complete scoped technical tasks, and present progress during regular reviews. Posting track 15-2 is tailored to early-career applicants building evidence through coursework, personal projects, or internships.
Responsibilities: Implement mobile application screens and features; Integrate mobile apps with backend APIs; Fix UI and functional defects; Test features across supported devices; Contribute to a scoped assignment involving security operations platform
Required Skills: Programming Fundamentals, OOP, Git, Mobile Development
Preferred Skills: Kotlin, Flutter, Dart, REST APIs, Problem Solving
Qualifications: Good written and verbal communication; Willingness to learn unfamiliar technologies; Ability to explain technical decisions clearly
Experience: 0–1 years of relevant experience; strong academic or personal projects are valued.
Education: Bachelor's student in Computer Science, IT, Engineering, Mathematics, Statistics, or a related field."
JOB-0171,Flutter Intern,PixelForge Systems,"Gurugram, Haryana",On-site,Internship,Mobile Development,"PixelForge Systems is seeking a Flutter Intern for its Mobile Development team, with assignments focused on data quality pipeline. This internship opportunity gives candidates practical exposure to Programming Fundamentals, OOP, Git. The candidate will collaborate with engineers, complete scoped technical tasks, and present progress during regular reviews. Posting track 15-3 is tailored to early-career applicants building evidence through coursework, personal projects, or internships.",Implement mobile application screens and features; Integrate mobile apps with backend APIs; Fix UI and functional defects; Test features across supported devices; Contribute to a scoped assignment involving data quality pipeline,"Programming Fundamentals, OOP, Git, Mobile Development","Kotlin, Flutter, Dart, REST APIs, Agile",Ability to work effectively in a team; Basic understanding of software development lifecycle; Attention to detail and ownership of assigned tasks,Previous internship experience is preferred but not mandatory.,"Pursuing B.E./B.Tech in Computer Science, Information Technology, Electronics, or a related field.",synthetic_curated,2026-09-01,"Job Title: Flutter Intern
Company: PixelForge Systems
Location: Gurugram, Haryana
Work Mode: On-site
Employment Type: Internship
Domain: Mobile Development
Description: PixelForge Systems is seeking a Flutter Intern for its Mobile Development team, with assignments focused on data quality pipeline. This internship opportunity gives candidates practical exposure to Programming Fundamentals, OOP, Git. The candidate will collaborate with engineers, complete scoped technical tasks, and present progress during regular reviews. Posting track 15-3 is tailored to early-career applicants building evidence through coursework, personal projects, or internships.
Responsibilities: Implement mobile application screens and features; Integrate mobile apps with backend APIs; Fix UI and functional defects; Test features across supported devices; Contribute to a scoped assignment involving data quality pipeline
Required Skills: Programming Fundamentals, OOP, Git, Mobile Development
Preferred Skills: Kotlin, Flutter, Dart, REST APIs, Agile
Qualifications: Ability to work effectively in a team; Basic understanding of software development lifecycle; Attention to detail and ownership of assigned tasks
Experience: Previous internship experience is preferred but not mandatory.
Education: Pursuing B.E./B.Tech in Computer Science, Information Technology, Electronics, or a related field."
JOB-0172,Android Developer Intern,CloudMint Innovations,"Noida, Uttar Pradesh",On-site,Internship,Mobile Development,"CloudMint Innovations is seeking a Android Developer Intern for its Mobile Development team, with assignments focused on mobile-first user experience. This internship opportunity gives candidates practical exposure to Programming Fundamentals, OOP, Git. The candidate will collaborate with engineers, complete scoped technical tasks, and present progress during regular reviews. Posting track 15-4 is tailored to early-career applicants building evidence through coursework, personal projects, or internships.",Implement mobile application screens and features; Integrate mobile apps with backend APIs; Fix UI and functional defects; Test features across supported devices; Contribute to a scoped assignment involving mobile-first user experience,"Programming Fundamentals, OOP, Git, Mobile Development","Kotlin, Flutter, Dart, REST APIs, Documentation",Willingness to learn unfamiliar technologies; Ability to explain technical decisions clearly; Strong problem-solving and analytical ability,Entry-level candidates are welcome; practical coursework or projects are sufficient.,"Pursuing an undergraduate degree in Computer Science, Information Technology, Data Science, or a related discipline.",synthetic_curated,2026-09-03,"Job Title: Android Developer Intern
Company: CloudMint Innovations
Location: Noida, Uttar Pradesh
Work Mode: On-site
Employment Type: Internship
Domain: Mobile Development
Description: CloudMint Innovations is seeking a Android Developer Intern for its Mobile Development team, with assignments focused on mobile-first user experience. This internship opportunity gives candidates practical exposure to Programming Fundamentals, OOP, Git. The candidate will collaborate with engineers, complete scoped technical tasks, and present progress during regular reviews. Posting track 15-4 is tailored to early-career applicants building evidence through coursework, personal projects, or internships.
Responsibilities: Implement mobile application screens and features; Integrate mobile apps with backend APIs; Fix UI and functional defects; Test features across supported devices; Contribute to a scoped assignment involving mobile-first user experience
Required Skills: Programming Fundamentals, OOP, Git, Mobile Development
Preferred Skills: Kotlin, Flutter, Dart, REST APIs, Documentation
Qualifications: Willingness to learn unfamiliar technologies; Ability to explain technical decisions clearly; Strong problem-solving and analytical ability
Experience: Entry-level candidates are welcome; practical coursework or projects are sufficient.
Education: Pursuing an undergraduate degree in Computer Science, Information Technology, Data Science, or a related discipline."
JOB-0173,Mobile App Development Intern,QuantumLeaf Technologies,"Mumbai, Maharashtra",Hybrid,Internship,Mobile Development,"QuantumLeaf Technologies is seeking a Mobile App Development Intern for its Mobile Development team, with assignments focused on enterprise reporting solution. This internship opportunity gives candidates practical exposure to Programming Fundamentals, OOP, Git. The candidate will collaborate with engineers, complete scoped technical tasks, and present progress during regular reviews. Posting track 15-5 is tailored to early-career applicants building evidence through coursework, personal projects, or internships.",Implement mobile application screens and features; Integrate mobile apps with backend APIs; Fix UI and functional defects; Test features across supported devices; Contribute to a scoped assignment involving enterprise reporting solution,"Programming Fundamentals, OOP, Git, Mobile Development","Kotlin, Flutter, Dart, REST APIs, Communication",Basic understanding of software development lifecycle; Attention to detail and ownership of assigned tasks; Good written and verbal communication,No prior professional experience required; academic projects are acceptable.,Final-year or pre-final-year undergraduate student in a relevant engineering or computing program.,synthetic_curated,2026-09-05,"Job Title: Mobile App Development Intern
Company: QuantumLeaf Technologies
Location: Mumbai, Maharashtra
Work Mode: Hybrid
Employment Type: Internship
Domain: Mobile Development
Description: QuantumLeaf Technologies is seeking a Mobile App Development Intern for its Mobile Development team, with assignments focused on enterprise reporting solution. This internship opportunity gives candidates practical exposure to Programming Fundamentals, OOP, Git. The candidate will collaborate with engineers, complete scoped technical tasks, and present progress during regular reviews. Posting track 15-5 is tailored to early-career applicants building evidence through coursework, personal projects, or internships.
Responsibilities: Implement mobile application screens and features; Integrate mobile apps with backend APIs; Fix UI and functional defects; Test features across supported devices; Contribute to a scoped assignment involving enterprise reporting solution
Required Skills: Programming Fundamentals, OOP, Git, Mobile Development
Preferred Skills: Kotlin, Flutter, Dart, REST APIs, Communication
Qualifications: Basic understanding of software development lifecycle; Attention to detail and ownership of assigned tasks; Good written and verbal communication
Experience: No prior professional experience required; academic projects are acceptable.
Education: Final-year or pre-final-year undergraduate student in a relevant engineering or computing program."
JOB-0174,Flutter Intern,BrightStack Digital,"Kochi, Kerala",Hybrid,Internship,Mobile Development,"BrightStack Digital is seeking a Flutter Intern for its Mobile Development team, with assignments focused on API integration layer. This internship opportunity gives candidates practical exposure to Programming Fundamentals, OOP, Git. The candidate will collaborate with engineers, complete scoped technical tasks, and present progress during regular reviews. Posting track 15-6 is tailored to early-career applicants building evidence through coursework, personal projects, or internships.",Implement mobile application screens and features; Integrate mobile apps with backend APIs; Fix UI and functional defects; Test features across supported devices; Contribute to a scoped assignment involving API integration layer,"Programming Fundamentals, OOP, Git, Mobile Development","Kotlin, Flutter, Dart, REST APIs, Problem Solving",Ability to explain technical decisions clearly; Strong problem-solving and analytical ability; Ability to work effectively in a team,0–1 years of relevant experience; strong academic or personal projects are valued.,"Bachelor's student in Computer Science, IT, Engineering, Mathematics, Statistics, or a related field.",synthetic_curated,2026-09-07,"Job Title: Flutter Intern
Company: BrightStack Digital
Location: Kochi, Kerala
Work Mode: Hybrid
Employment Type: Internship
Domain: Mobile Development
Description: BrightStack Digital is seeking a Flutter Intern for its Mobile Development team, with assignments focused on API integration layer. This internship opportunity gives candidates practical exposure to Programming Fundamentals, OOP, Git. The candidate will collaborate with engineers, complete scoped technical tasks, and present progress during regular reviews. Posting track 15-6 is tailored to early-career applicants building evidence through coursework, personal projects, or internships.
Responsibilities: Implement mobile application screens and features; Integrate mobile apps with backend APIs; Fix UI and functional defects; Test features across supported devices; Contribute to a scoped assignment involving API integration layer
Required Skills: Programming Fundamentals, OOP, Git, Mobile Development
Preferred Skills: Kotlin, Flutter, Dart, REST APIs, Problem Solving
Qualifications: Ability to explain technical decisions clearly; Strong problem-solving and analytical ability; Ability to work effectively in a team
Experience: 0–1 years of relevant experience; strong academic or personal projects are valued.
Education: Bachelor's student in Computer Science, IT, Engineering, Mathematics, Statistics, or a related field."
JOB-0175,Android Developer Intern,AsterWave Technologies,"Coimbatore, Tamil Nadu",Hybrid,Internship,Mobile Development,"AsterWave Technologies is seeking a Android Developer Intern for its Mobile Development team, with assignments focused on internal productivity tools. This internship opportunity gives candidates practical exposure to Programming Fundamentals, OOP, Git. The candidate will collaborate with engineers, complete scoped technical tasks, and present progress during regular reviews. Posting track 15-7 is tailored to early-career applicants building evidence through coursework, personal projects, or internships.",Implement mobile application screens and features; Integrate mobile apps with backend APIs; Fix UI and functional defects; Test features across supported devices; Contribute to a scoped assignment involving internal productivity tools,"Programming Fundamentals, OOP, Git, Mobile Development","Kotlin, Flutter, Dart, REST APIs, Agile",Attention to detail and ownership of assigned tasks; Good written and verbal communication; Willingness to learn unfamiliar technologies,Previous internship experience is preferred but not mandatory.,"Pursuing B.E./B.Tech in Computer Science, Information Technology, Electronics, or a related field.",synthetic_curated,2026-07-01,"Job Title: Android Developer Intern
Company: AsterWave Technologies
Location: Coimbatore, Tamil Nadu
Work Mode: Hybrid
Employment Type: Internship
Domain: Mobile Development
Description: AsterWave Technologies is seeking a Android Developer Intern for its Mobile Development team, with assignments focused on internal productivity tools. This internship opportunity gives candidates practical exposure to Programming Fundamentals, OOP, Git. The candidate will collaborate with engineers, complete scoped technical tasks, and present progress during regular reviews. Posting track 15-7 is tailored to early-career applicants building evidence through coursework, personal projects, or internships.
Responsibilities: Implement mobile application screens and features; Integrate mobile apps with backend APIs; Fix UI and functional defects; Test features across supported devices; Contribute to a scoped assignment involving internal productivity tools
Required Skills: Programming Fundamentals, OOP, Git, Mobile Development
Preferred Skills: Kotlin, Flutter, Dart, REST APIs, Agile
Qualifications: Attention to detail and ownership of assigned tasks; Good written and verbal communication; Willingness to learn unfamiliar technologies
Experience: Previous internship experience is preferred but not mandatory.
Education: Pursuing B.E./B.Tech in Computer Science, Information Technology, Electronics, or a related field."
JOB-0176,Mobile App Development Intern,TechSprout Solutions,"Ahmedabad, Gujarat",Hybrid,Internship,Mobile Development,"TechSprout Solutions is seeking a Mobile App Development Intern for its Mobile Development team, with assignments focused on customer onboarding platform. This internship opportunity gives candidates practical exposure to Programming Fundamentals, OOP, Git. The candidate will collaborate with engineers, complete scoped technical tasks, and present progress during regular reviews. Posting track 15-8 is tailored to early-career applicants building evidence through coursework, personal projects, or internships.",Implement mobile application screens and features; Integrate mobile apps with backend APIs; Fix UI and functional defects; Test features across supported devices; Contribute to a scoped assignment involving customer onboarding platform,"Programming Fundamentals, OOP, Git, Mobile Development","Kotlin, Flutter, Dart, REST APIs, Documentation",Strong problem-solving and analytical ability; Ability to work effectively in a team; Basic understanding of software development lifecycle,Entry-level candidates are welcome; practical coursework or projects are sufficient.,"Pursuing an undergraduate degree in Computer Science, Information Technology, Data Science, or a related discipline.",synthetic_curated,2026-07-03,"Job Title: Mobile App Development Intern
Company: TechSprout Solutions
Location: Ahmedabad, Gujarat
Work Mode: Hybrid
Employment Type: Internship
Domain: Mobile Development
Description: TechSprout Solutions is seeking a Mobile App Development Intern for its Mobile Development team, with assignments focused on customer onboarding platform. This internship opportunity gives candidates practical exposure to Programming Fundamentals, OOP, Git. The candidate will collaborate with engineers, complete scoped technical tasks, and present progress during regular reviews. Posting track 15-8 is tailored to early-career applicants building evidence through coursework, personal projects, or internships.
Responsibilities: Implement mobile application screens and features; Integrate mobile apps with backend APIs; Fix UI and functional defects; Test features across supported devices; Contribute to a scoped assignment involving customer onboarding platform
Required Skills: Programming Fundamentals, OOP, Git, Mobile Development
Preferred Skills: Kotlin, Flutter, Dart, REST APIs, Documentation
Qualifications: Strong problem-solving and analytical ability; Ability to work effectively in a team; Basic understanding of software development lifecycle
Experience: Entry-level candidates are welcome; practical coursework or projects are sufficient.
Education: Pursuing an undergraduate degree in Computer Science, Information Technology, Data Science, or a related discipline."
JOB-0177,Flutter Intern,DeepRiver Analytics,"Remote, India",Remote,Internship,Mobile Development,"DeepRiver Analytics is seeking a Flutter Intern for its Mobile Development team, with assignments focused on analytics dashboard. This internship opportunity gives candidates practical exposure to Programming Fundamentals, OOP, Git. The candidate will collaborate with engineers, complete scoped technical tasks, and present progress during regular reviews. Posting track 15-9 is tailored to early-career applicants building evidence through coursework, personal projects, or internships.",Implement mobile application screens and features; Integrate mobile apps with backend APIs; Fix UI and functional defects; Test features across supported devices; Contribute to a scoped assignment involving analytics dashboard,"Programming Fundamentals, OOP, Git, Mobile Development","Kotlin, Flutter, Dart, REST APIs, Communication",Good written and verbal communication; Willingness to learn unfamiliar technologies; Ability to explain technical decisions clearly,No prior professional experience required; academic projects are acceptable.,Final-year or pre-final-year undergraduate student in a relevant engineering or computing program.,synthetic_curated,2026-07-05,"Job Title: Flutter Intern
Company: DeepRiver Analytics
Location: Remote, India
Work Mode: Remote
Employment Type: Internship
Domain: Mobile Development
Description: DeepRiver Analytics is seeking a Flutter Intern for its Mobile Development team, with assignments focused on analytics dashboard. This internship opportunity gives candidates practical exposure to Programming Fundamentals, OOP, Git. The candidate will collaborate with engineers, complete scoped technical tasks, and present progress during regular reviews. Posting track 15-9 is tailored to early-career applicants building evidence through coursework, personal projects, or internships.
Responsibilities: Implement mobile application screens and features; Integrate mobile apps with backend APIs; Fix UI and functional defects; Test features across supported devices; Contribute to a scoped assignment involving analytics dashboard
Required Skills: Programming Fundamentals, OOP, Git, Mobile Development
Preferred Skills: Kotlin, Flutter, Dart, REST APIs, Communication
Qualifications: Good written and verbal communication; Willingness to learn unfamiliar technologies; Ability to explain technical decisions clearly
Experience: No prior professional experience required; academic projects are acceptable.
Education: Final-year or pre-final-year undergraduate student in a relevant engineering or computing program."
JOB-0178,Android Developer Intern,SignalPeak Systems,"Remote, India",Remote,Internship,Mobile Development,"SignalPeak Systems is seeking a Android Developer Intern for its Mobile Development team, with assignments focused on developer tooling. This internship opportunity gives candidates practical exposure to Programming Fundamentals, OOP, Git. The candidate will collaborate with engineers, complete scoped technical tasks, and present progress during regular reviews. Posting track 15-10 is tailored to early-career applicants building evidence through coursework, personal projects, or internships.",Implement mobile application screens and features; Integrate mobile apps with backend APIs; Fix UI and functional defects; Test features across supported devices; Contribute to a scoped assignment involving developer tooling,"Programming Fundamentals, OOP, Git, Mobile Development","Kotlin, Flutter, Dart, REST APIs, Problem Solving",Ability to work effectively in a team; Basic understanding of software development lifecycle; Attention to detail and ownership of assigned tasks,0–1 years of relevant experience; strong academic or personal projects are valued.,"Bachelor's student in Computer Science, IT, Engineering, Mathematics, Statistics, or a related field.",synthetic_curated,2026-07-07,"Job Title: Android Developer Intern
Company: SignalPeak Systems
Location: Remote, India
Work Mode: Remote
Employment Type: Internship
Domain: Mobile Development
Description: SignalPeak Systems is seeking a Android Developer Intern for its Mobile Development team, with assignments focused on developer tooling. This internship opportunity gives candidates practical exposure to Programming Fundamentals, OOP, Git. The candidate will collaborate with engineers, complete scoped technical tasks, and present progress during regular reviews. Posting track 15-10 is tailored to early-career applicants building evidence through coursework, personal projects, or internships.
Responsibilities: Implement mobile application screens and features; Integrate mobile apps with backend APIs; Fix UI and functional defects; Test features across supported devices; Contribute to a scoped assignment involving developer tooling
Required Skills: Programming Fundamentals, OOP, Git, Mobile Development
Preferred Skills: Kotlin, Flutter, Dart, REST APIs, Problem Solving
Qualifications: Ability to work effectively in a team; Basic understanding of software development lifecycle; Attention to detail and ownership of assigned tasks
Experience: 0–1 years of relevant experience; strong academic or personal projects are valued.
Education: Bachelor's student in Computer Science, IT, Engineering, Mathematics, Statistics, or a related field."
JOB-0179,Mobile App Development Intern,SkyLattice Labs,"Remote, India",Remote,Entry Level,Mobile Development,"SkyLattice Labs is seeking a Mobile App Development Intern for its Mobile Development team, with assignments focused on workflow automation. This entry level opportunity gives candidates practical exposure to Programming Fundamentals, OOP, Git. The candidate will collaborate with engineers, complete scoped technical tasks, and present progress during regular reviews. Posting track 15-11 is tailored to early-career applicants building evidence through coursework, personal projects, or internships.",Implement mobile application screens and features; Integrate mobile apps with backend APIs; Fix UI and functional defects; Test features across supported devices; Contribute to a scoped assignment involving workflow automation,"Programming Fundamentals, OOP, Git, Mobile Development","Kotlin, Flutter, Dart, REST APIs, Agile",Willingness to learn unfamiliar technologies; Ability to explain technical decisions clearly; Strong problem-solving and analytical ability,Previous internship experience is preferred but not mandatory.,"Pursuing B.E./B.Tech in Computer Science, Information Technology, Electronics, or a related field.",synthetic_curated,2026-07-09,"Job Title: Mobile App Development Intern
Company: SkyLattice Labs
Location: Remote, India
Work Mode: Remote
Employment Type: Entry Level
Domain: Mobile Development
Description: SkyLattice Labs is seeking a Mobile App Development Intern for its Mobile Development team, with assignments focused on workflow automation. This entry level opportunity gives candidates practical exposure to Programming Fundamentals, OOP, Git. The candidate will collaborate with engineers, complete scoped technical tasks, and present progress during regular reviews. Posting track 15-11 is tailored to early-career applicants building evidence through coursework, personal projects, or internships.
Responsibilities: Implement mobile application screens and features; Integrate mobile apps with backend APIs; Fix UI and functional defects; Test features across supported devices; Contribute to a scoped assignment involving workflow automation
Required Skills: Programming Fundamentals, OOP, Git, Mobile Development
Preferred Skills: Kotlin, Flutter, Dart, REST APIs, Agile
Qualifications: Willingness to learn unfamiliar technologies; Ability to explain technical decisions clearly; Strong problem-solving and analytical ability
Experience: Previous internship experience is preferred but not mandatory.
Education: Pursuing B.E./B.Tech in Computer Science, Information Technology, Electronics, or a related field."
JOB-0180,Flutter Intern,SecureArc Systems,"Remote, India",Remote,Entry Level,Mobile Development,"SecureArc Systems is seeking a Flutter Intern for its Mobile Development team, with assignments focused on education technology platform. This entry level opportunity gives candidates practical exposure to Programming Fundamentals, OOP, Git. The candidate will collaborate with engineers, complete scoped technical tasks, and present progress during regular reviews. Posting track 15-12 is tailored to early-career applicants building evidence through coursework, personal projects, or internships.",Implement mobile application screens and features; Integrate mobile apps with backend APIs; Fix UI and functional defects; Test features across supported devices; Contribute to a scoped assignment involving education technology platform,"Programming Fundamentals, OOP, Git, Mobile Development","Kotlin, Flutter, Dart, REST APIs, Documentation",Basic understanding of software development lifecycle; Attention to detail and ownership of assigned tasks; Good written and verbal communication,Entry-level candidates are welcome; practical coursework or projects are sufficient.,"Pursuing an undergraduate degree in Computer Science, Information Technology, Data Science, or a related discipline.",synthetic_curated,2026-07-11,"Job Title: Flutter Intern
Company: SecureArc Systems
Location: Remote, India
Work Mode: Remote
Employment Type: Entry Level
Domain: Mobile Development
Description: SecureArc Systems is seeking a Flutter Intern for its Mobile Development team, with assignments focused on education technology platform. This entry level opportunity gives candidates practical exposure to Programming Fundamentals, OOP, Git. The candidate will collaborate with engineers, complete scoped technical tasks, and present progress during regular reviews. Posting track 15-12 is tailored to early-career applicants building evidence through coursework, personal projects, or internships.
Responsibilities: Implement mobile application screens and features; Integrate mobile apps with backend APIs; Fix UI and functional defects; Test features across supported devices; Contribute to a scoped assignment involving education technology platform
Required Skills: Programming Fundamentals, OOP, Git, Mobile Development
Preferred Skills: Kotlin, Flutter, Dart, REST APIs, Documentation
Qualifications: Basic understanding of software development lifecycle; Attention to detail and ownership of assigned tasks; Good written and verbal communication
Experience: Entry-level candidates are welcome; practical coursework or projects are sufficient.
Education: Pursuing an undergraduate degree in Computer Science, Information Technology, Data Science, or a related discipline."
JOB-0181,Java Backend Intern,SkyLattice Labs,"Pune, Maharashtra",Hybrid,Internship,Java Backend,"SkyLattice Labs is seeking a Java Backend Intern for its Java Backend team, with assignments focused on a payments reconciliation system. This internship opportunity gives candidates practical exposure to Java, OOP, SQL. The candidate will collaborate with engineers, complete scoped technical tasks, and present progress during regular reviews. Posting track {track} is tailored to early-career applicants building evidence through coursework, personal projects, or internships.",Develop and maintain backend services; Create REST endpoints and integrate databases; Write unit tests for service-layer code; Assist with debugging and performance improvements; Contribute to a scoped assignment involving a payments reconciliation system,"Java, OOP, SQL, Git","Spring Boot, REST APIs, Maven, PostgreSQL, Communication",Good written and verbal communication; Willingness to learn unfamiliar technologies; Ability to explain technical decisions clearly; Comfortable working under mentorship with regular feedback,No prior professional experience required; academic projects are acceptable.,"Pursuing B.E./B.Tech/B.Sc in Computer Science, Information Technology, or a related field.",synthetic_curated,2026-09-08,"Job Title: Java Backend Intern
Company: SkyLattice Labs
Location: Pune, Maharashtra
Work Mode: Hybrid
Employment Type: Internship
Domain: Java Backend
Description: SkyLattice Labs is seeking a Java Backend Intern for its Java Backend team, with assignments focused on a payments reconciliation system. This internship opportunity gives candidates practical exposure to Java, OOP, SQL. The candidate will collaborate with engineers, complete scoped technical tasks, and present progress during regular reviews. Posting track {track} is tailored to early-career applicants building evidence through coursework, personal projects, or internships.
Responsibilities: Develop and maintain backend services; Create REST endpoints and integrate databases; Write unit tests for service-layer code; Assist with debugging and performance improvements; Contribute to a scoped assignment involving a payments reconciliation system
Required Skills: Java, OOP, SQL, Git
Preferred Skills: Spring Boot, REST APIs, Maven, PostgreSQL, Communication
Qualifications: Good written and verbal communication; Willingness to learn unfamiliar technologies; Ability to explain technical decisions clearly; Comfortable working under mentorship with regular feedback
Experience: No prior professional experience required; academic projects are acceptable.
Education: Pursuing B.E./B.Tech/B.Sc in Computer Science, Information Technology, or a related field."
JOB-0182,Frontend Intern,Stonegate Digital,"Bengaluru, Karnataka",Hybrid,Internship,Frontend Development,"Stonegate Digital is seeking a Frontend Intern for its Frontend Development team, with assignments focused on an internal data pipeline. This internship opportunity gives candidates practical exposure to HTML, CSS, JavaScript. The candidate will collaborate with engineers, complete scoped technical tasks, and present progress during regular reviews. Posting track {track} is tailored to early-career applicants building evidence through coursework, personal projects, or internships.",Build responsive user interface components; Integrate frontend screens with REST services; Fix UI bugs and improve accessibility; Collaborate with designers and backend developers; Contribute to a scoped assignment involving an internal data pipeline,"HTML, CSS, JavaScript, Git","React, TypeScript, Responsive Design, REST APIs, Communication",Willingness to learn unfamiliar technologies; Ability to explain technical decisions clearly; Strong problem-solving and analytical ability; Comfortable working under mentorship with regular feedback,No prior professional experience required; academic projects are acceptable.,"Pursuing B.E./B.Tech/B.Sc in Computer Science, Information Technology, or a related field.",synthetic_curated,2026-09-08,"Job Title: Frontend Intern
Company: Stonegate Digital
Location: Bengaluru, Karnataka
Work Mode: Hybrid
Employment Type: Internship
Domain: Frontend Development
Description: Stonegate Digital is seeking a Frontend Intern for its Frontend Development team, with assignments focused on an internal data pipeline. This internship opportunity gives candidates practical exposure to HTML, CSS, JavaScript. The candidate will collaborate with engineers, complete scoped technical tasks, and present progress during regular reviews. Posting track {track} is tailored to early-career applicants building evidence through coursework, personal projects, or internships.
Responsibilities: Build responsive user interface components; Integrate frontend screens with REST services; Fix UI bugs and improve accessibility; Collaborate with designers and backend developers; Contribute to a scoped assignment involving an internal data pipeline
Required Skills: HTML, CSS, JavaScript, Git
Preferred Skills: React, TypeScript, Responsive Design, REST APIs, Communication
Qualifications: Willingness to learn unfamiliar technologies; Ability to explain technical decisions clearly; Strong problem-solving and analytical ability; Comfortable working under mentorship with regular feedback
Experience: No prior professional experience required; academic projects are acceptable.
Education: Pursuing B.E./B.Tech/B.Sc in Computer Science, Information Technology, or a related field."
JOB-0183,Data Science Intern,SignalPeak Systems,"Kolkata, West Bengal",Hybrid,Internship,Data Science,"SignalPeak Systems is seeking a Data Science Intern for its Data Science team, with assignments focused on a payments reconciliation system. This internship opportunity gives candidates practical exposure to Python, Pandas, Statistics. The candidate will collaborate with engineers, complete scoped technical tasks, and present progress during regular reviews. Posting track {track} is tailored to early-career applicants building evidence through coursework, personal projects, or internships.",Clean and analyze structured datasets; Build baseline predictive models; Create exploratory analysis and visualizations; Communicate findings through concise reports; Contribute to a scoped assignment involving a payments reconciliation system,"Python, Pandas, Statistics, SQL","NumPy, Scikit-learn, Matplotlib, Jupyter, Communication",Ability to explain technical decisions clearly; Strong problem-solving and analytical ability; Ability to work effectively in a team; Comfortable working under mentorship with regular feedback,No prior professional experience required; academic projects are acceptable.,"Pursuing B.E./B.Tech/B.Sc in Computer Science, Information Technology, or a related field.",synthetic_curated,2026-09-09,"Job Title: Data Science Intern
Company: SignalPeak Systems
Location: Kolkata, West Bengal
Work Mode: Hybrid
Employment Type: Internship
Domain: Data Science
Description: SignalPeak Systems is seeking a Data Science Intern for its Data Science team, with assignments focused on a payments reconciliation system. This internship opportunity gives candidates practical exposure to Python, Pandas, Statistics. The candidate will collaborate with engineers, complete scoped technical tasks, and present progress during regular reviews. Posting track {track} is tailored to early-career applicants building evidence through coursework, personal projects, or internships.
Responsibilities: Clean and analyze structured datasets; Build baseline predictive models; Create exploratory analysis and visualizations; Communicate findings through concise reports; Contribute to a scoped assignment involving a payments reconciliation system
Required Skills: Python, Pandas, Statistics, SQL
Preferred Skills: NumPy, Scikit-learn, Matplotlib, Jupyter, Communication
Qualifications: Ability to explain technical decisions clearly; Strong problem-solving and analytical ability; Ability to work effectively in a team; Comfortable working under mentorship with regular feedback
Experience: No prior professional experience required; academic projects are acceptable.
Education: Pursuing B.E./B.Tech/B.Sc in Computer Science, Information Technology, or a related field."
JOB-0184,NLP Intern,Graymatter Analytics,"Kolkata, West Bengal",Hybrid,Internship,Generative AI / NLP,"Graymatter Analytics is seeking a NLP Intern for its Generative AI / NLP team, with assignments focused on a payments reconciliation system. This internship opportunity gives candidates practical exposure to Python, NLP, Machine Learning. The candidate will collaborate with engineers, complete scoped technical tasks, and present progress during regular reviews. Posting track {track} is tailored to early-career applicants building evidence through coursework, personal projects, or internships.",Prototype NLP or retrieval-based applications; Prepare and preprocess text datasets; Evaluate retrieval and generation quality; Document experiments and technical findings; Contribute to a scoped assignment involving a payments reconciliation system,"Python, NLP, Machine Learning, Git","Transformers, Embeddings, Vector Databases, RAG, Communication",Strong problem-solving and analytical ability; Ability to work effectively in a team; Basic understanding of software development lifecycle; Comfortable working under mentorship with regular feedback,No prior professional experience required; academic projects are acceptable.,"Pursuing B.E./B.Tech/B.Sc in Computer Science, Information Technology, or a related field.",synthetic_curated,2026-09-09,"Job Title: NLP Intern
Company: Graymatter Analytics
Location: Kolkata, West Bengal
Work Mode: Hybrid
Employment Type: Internship
Domain: Generative AI / NLP
Description: Graymatter Analytics is seeking a NLP Intern for its Generative AI / NLP team, with assignments focused on a payments reconciliation system. This internship opportunity gives candidates practical exposure to Python, NLP, Machine Learning. The candidate will collaborate with engineers, complete scoped technical tasks, and present progress during regular reviews. Posting track {track} is tailored to early-career applicants building evidence through coursework, personal projects, or internships.
Responsibilities: Prototype NLP or retrieval-based applications; Prepare and preprocess text datasets; Evaluate retrieval and generation quality; Document experiments and technical findings; Contribute to a scoped assignment involving a payments reconciliation system
Required Skills: Python, NLP, Machine Learning, Git
Preferred Skills: Transformers, Embeddings, Vector Databases, RAG, Communication
Qualifications: Strong problem-solving and analytical ability; Ability to work effectively in a team; Basic understanding of software development lifecycle; Comfortable working under mentorship with regular feedback
Experience: No prior professional experience required; academic projects are acceptable.
Education: Pursuing B.E./B.Tech/B.Sc in Computer Science, Information Technology, or a related field."
JOB-0185,Cloud Intern,AsterWave Technologies,"Gurugram, Haryana",Hybrid,Internship,Cloud Computing,"AsterWave Technologies is seeking a Cloud Intern for its Cloud Computing team, with assignments focused on an enterprise reporting solution. This internship opportunity gives candidates practical exposure to Linux, Networking, Cloud Fundamentals. The candidate will collaborate with engineers, complete scoped technical tasks, and present progress during regular reviews. Posting track {track} is tailored to early-career applicants building evidence through coursework, personal projects, or internships.",Support cloud environment configuration; Assist with deployment and monitoring activities; Document infrastructure and operational procedures; Automate routine cloud administration tasks; Contribute to a scoped assignment involving an enterprise reporting solution,"Linux, Networking, Cloud Fundamentals, Git","AWS, Docker, Terraform, Python, Communication",Ability to work effectively in a team; Basic understanding of software development lifecycle; Attention to detail and ownership of assigned tasks; Comfortable working under mentorship with regular feedback,No prior professional experience required; academic projects are acceptable.,"Pursuing B.E./B.Tech/B.Sc in Computer Science, Information Technology, or a related field.",synthetic_curated,2026-09-09,"Job Title: Cloud Intern
Company: AsterWave Technologies
Location: Gurugram, Haryana
Work Mode: Hybrid
Employment Type: Internship
Domain: Cloud Computing
Description: AsterWave Technologies is seeking a Cloud Intern for its Cloud Computing team, with assignments focused on an enterprise reporting solution. This internship opportunity gives candidates practical exposure to Linux, Networking, Cloud Fundamentals. The candidate will collaborate with engineers, complete scoped technical tasks, and present progress during regular reviews. Posting track {track} is tailored to early-career applicants building evidence through coursework, personal projects, or internships.
Responsibilities: Support cloud environment configuration; Assist with deployment and monitoring activities; Document infrastructure and operational procedures; Automate routine cloud administration tasks; Contribute to a scoped assignment involving an enterprise reporting solution
Required Skills: Linux, Networking, Cloud Fundamentals, Git
Preferred Skills: AWS, Docker, Terraform, Python, Communication
Qualifications: Ability to work effectively in a team; Basic understanding of software development lifecycle; Attention to detail and ownership of assigned tasks; Comfortable working under mentorship with regular feedback
Experience: No prior professional experience required; academic projects are acceptable.
Education: Pursuing B.E./B.Tech/B.Sc in Computer Science, Information Technology, or a related field."
JOB-0186,Security Intern,AsterWave Technologies,"Hyderabad, Telangana",On-site,Internship,Cybersecurity,"AsterWave Technologies is seeking a Security Intern for its Cybersecurity team, with assignments focused on an analytics reporting suite. This internship opportunity gives candidates practical exposure to Networking, Linux, Cybersecurity Fundamentals. The candidate will collaborate with engineers, complete scoped technical tasks, and present progress during regular reviews. Posting track {track} is tailored to early-career applicants building evidence through coursework, personal projects, or internships.",Review security alerts and identify suspicious activity; Assist with vulnerability assessments; Document incidents and remediation recommendations; Support secure configuration reviews; Contribute to a scoped assignment involving an analytics reporting suite,"Networking, Linux, Cybersecurity Fundamentals, Security Concepts","SIEM, Python, OWASP, Incident Response, Communication",Basic understanding of software development lifecycle; Attention to detail and ownership of assigned tasks; Good written and verbal communication; Comfortable working under mentorship with regular feedback,No prior professional experience required; academic projects are acceptable.,"Pursuing B.E./B.Tech/B.Sc in Computer Science, Information Technology, or a related field.",synthetic_curated,2026-09-10,"Job Title: Security Intern
Company: AsterWave Technologies
Location: Hyderabad, Telangana
Work Mode: On-site
Employment Type: Internship
Domain: Cybersecurity
Description: AsterWave Technologies is seeking a Security Intern for its Cybersecurity team, with assignments focused on an analytics reporting suite. This internship opportunity gives candidates practical exposure to Networking, Linux, Cybersecurity Fundamentals. The candidate will collaborate with engineers, complete scoped technical tasks, and present progress during regular reviews. Posting track {track} is tailored to early-career applicants building evidence through coursework, personal projects, or internships.
Responsibilities: Review security alerts and identify suspicious activity; Assist with vulnerability assessments; Document incidents and remediation recommendations; Support secure configuration reviews; Contribute to a scoped assignment involving an analytics reporting suite
Required Skills: Networking, Linux, Cybersecurity Fundamentals, Security Concepts
Preferred Skills: SIEM, Python, OWASP, Incident Response, Communication
Qualifications: Basic understanding of software development lifecycle; Attention to detail and ownership of assigned tasks; Good written and verbal communication; Comfortable working under mentorship with regular feedback
Experience: No prior professional experience required; academic projects are acceptable.
Education: Pursuing B.E./B.Tech/B.Sc in Computer Science, Information Technology, or a related field."
JOB-0187,QA Intern,Driftstone Labs,"Mumbai, Maharashtra",Hybrid,Internship,Software Testing / QA,"Driftstone Labs is seeking a QA Intern for its Software Testing / QA team, with assignments focused on customer-facing dashboards. This internship opportunity gives candidates practical exposure to Software Testing, Test Cases, Bug Tracking. The candidate will collaborate with engineers, complete scoped technical tasks, and present progress during regular reviews. Posting track {track} is tailored to early-career applicants building evidence through coursework, personal projects, or internships.",Create and execute functional test cases; Report defects with reproducible steps; Perform API and regression testing; Contribute to basic test automation; Contribute to a scoped assignment involving customer-facing dashboards,"Software Testing, Test Cases, Bug Tracking, SDLC","Selenium, Python, Postman, API Testing, Communication",Attention to detail and ownership of assigned tasks; Good written and verbal communication; Willingness to learn unfamiliar technologies; Comfortable working under mentorship with regular feedback,No prior professional experience required; academic projects are acceptable.,"Pursuing B.E./B.Tech/B.Sc in Computer Science, Information Technology, or a related field.",synthetic_curated,2026-09-10,"Job Title: QA Intern
Company: Driftstone Labs
Location: Mumbai, Maharashtra
Work Mode: Hybrid
Employment Type: Internship
Domain: Software Testing / QA
Description: Driftstone Labs is seeking a QA Intern for its Software Testing / QA team, with assignments focused on customer-facing dashboards. This internship opportunity gives candidates practical exposure to Software Testing, Test Cases, Bug Tracking. The candidate will collaborate with engineers, complete scoped technical tasks, and present progress during regular reviews. Posting track {track} is tailored to early-career applicants building evidence through coursework, personal projects, or internships.
Responsibilities: Create and execute functional test cases; Report defects with reproducible steps; Perform API and regression testing; Contribute to basic test automation; Contribute to a scoped assignment involving customer-facing dashboards
Required Skills: Software Testing, Test Cases, Bug Tracking, SDLC
Preferred Skills: Selenium, Python, Postman, API Testing, Communication
Qualifications: Attention to detail and ownership of assigned tasks; Good written and verbal communication; Willingness to learn unfamiliar technologies; Comfortable working under mentorship with regular feedback
Experience: No prior professional experience required; academic projects are acceptable.
Education: Pursuing B.E./B.Tech/B.Sc in Computer Science, Information Technology, or a related field."
JOB-0188,Software Intern,CoreVista Technologies,"Remote, India",Remote,Internship,Software Development,"CoreVista Technologies is seeking a Software Intern for its Software Development team, with assignments focused on an analytics reporting suite. This internship opportunity gives candidates practical exposure to Python, Data Structures, Algorithms. The candidate will collaborate with engineers, complete scoped technical tasks, and present progress during regular reviews. Posting track {track} is tailored to early-career applicants building evidence through coursework, personal projects, or internships.","Implement product features with test coverage; Debug and resolve defects in existing modules; Write clean, maintainable and testable code; Participate in code reviews and engineering discussions; Contribute to a scoped assignment involving an analytics reporting suite","Python, Data Structures, Algorithms, Git","REST APIs, SQL, Linux, Unit Testing, Communication",Strong problem-solving and analytical ability; Ability to work effectively in a team; Basic understanding of software development lifecycle; Comfortable working under mentorship with regular feedback,No prior professional experience required; academic projects are acceptable.,"Pursuing B.E./B.Tech/B.Sc in Computer Science, Information Technology, or a related field.",synthetic_curated,2026-09-10,"Job Title: Software Intern
Company: CoreVista Technologies
Location: Remote, India
Work Mode: Remote
Employment Type: Internship
Domain: Software Development
Description: CoreVista Technologies is seeking a Software Intern for its Software Development team, with assignments focused on an analytics reporting suite. This internship opportunity gives candidates practical exposure to Python, Data Structures, Algorithms. The candidate will collaborate with engineers, complete scoped technical tasks, and present progress during regular reviews. Posting track {track} is tailored to early-career applicants building evidence through coursework, personal projects, or internships.
Responsibilities: Implement product features with test coverage; Debug and resolve defects in existing modules; Write clean, maintainable and testable code; Participate in code reviews and engineering discussions; Contribute to a scoped assignment involving an analytics reporting suite
Required Skills: Python, Data Structures, Algorithms, Git
Preferred Skills: REST APIs, SQL, Linux, Unit Testing, Communication
Qualifications: Strong problem-solving and analytical ability; Ability to work effectively in a team; Basic understanding of software development lifecycle; Comfortable working under mentorship with regular feedback
Experience: No prior professional experience required; academic projects are acceptable.
Education: Pursuing B.E./B.Tech/B.Sc in Computer Science, Information Technology, or a related field."
JOB-0189,Python Backend Intern,Aurorapeak Technologies,"Kolkata, West Bengal",Hybrid,Internship,Python Backend,"Aurorapeak Technologies is seeking a Python Backend Intern for its Python Backend team, with assignments focused on an internal data pipeline. This internship opportunity gives candidates practical exposure to Python, SQL, REST APIs. The candidate will collaborate with engineers, complete scoped technical tasks, and present progress during regular reviews. Posting track {track} is tailored to early-career applicants building evidence through coursework, personal projects, or internships.",Build backend APIs for internal and customer-facing features; Integrate relational databases with application services; Validate API inputs and handle errors consistently; Write automated tests and technical documentation; Contribute to a scoped assignment involving an internal data pipeline,"Python, SQL, REST APIs, Git","FastAPI, Flask, PostgreSQL, Docker, Communication",Ability to work effectively in a team; Basic understanding of software development lifecycle; Attention to detail and ownership of assigned tasks; Comfortable working under mentorship with regular feedback,No prior professional experience required; academic projects are acceptable.,"Pursuing B.E./B.Tech/B.Sc in Computer Science, Information Technology, or a related field.",synthetic_curated,2026-09-11,"Job Title: Python Backend Intern
Company: Aurorapeak Technologies
Location: Kolkata, West Bengal
Work Mode: Hybrid
Employment Type: Internship
Domain: Python Backend
Description: Aurorapeak Technologies is seeking a Python Backend Intern for its Python Backend team, with assignments focused on an internal data pipeline. This internship opportunity gives candidates practical exposure to Python, SQL, REST APIs. The candidate will collaborate with engineers, complete scoped technical tasks, and present progress during regular reviews. Posting track {track} is tailored to early-career applicants building evidence through coursework, personal projects, or internships.
Responsibilities: Build backend APIs for internal and customer-facing features; Integrate relational databases with application services; Validate API inputs and handle errors consistently; Write automated tests and technical documentation; Contribute to a scoped assignment involving an internal data pipeline
Required Skills: Python, SQL, REST APIs, Git
Preferred Skills: FastAPI, Flask, PostgreSQL, Docker, Communication
Qualifications: Ability to work effectively in a team; Basic understanding of software development lifecycle; Attention to detail and ownership of assigned tasks; Comfortable working under mentorship with regular feedback
Experience: No prior professional experience required; academic projects are acceptable.
Education: Pursuing B.E./B.Tech/B.Sc in Computer Science, Information Technology, or a related field."
JOB-0190,Full Stack Intern,Aurorapeak Technologies,"Gurugram, Haryana",Hybrid,Internship,Full Stack Development,"Aurorapeak Technologies is seeking a Full Stack Intern for its Full Stack Development team, with assignments focused on internal productivity tools. This internship opportunity gives candidates practical exposure to JavaScript, HTML, CSS. The candidate will collaborate with engineers, complete scoped technical tasks, and present progress during regular reviews. Posting track {track} is tailored to early-career applicants building evidence through coursework, personal projects, or internships.",Develop features across frontend and backend modules; Connect application screens to APIs and databases; Troubleshoot integration issues; Document features and support test execution; Contribute to a scoped assignment involving internal productivity tools,"JavaScript, HTML, CSS, Git","React, Node.js, MongoDB, REST APIs, Communication",Basic understanding of software development lifecycle; Attention to detail and ownership of assigned tasks; Good written and verbal communication; Comfortable working under mentorship with regular feedback,No prior professional experience required; academic projects are acceptable.,"Pursuing B.E./B.Tech/B.Sc in Computer Science, Information Technology, or a related field.",synthetic_curated,2026-09-11,"Job Title: Full Stack Intern
Company: Aurorapeak Technologies
Location: Gurugram, Haryana
Work Mode: Hybrid
Employment Type: Internship
Domain: Full Stack Development
Description: Aurorapeak Technologies is seeking a Full Stack Intern for its Full Stack Development team, with assignments focused on internal productivity tools. This internship opportunity gives candidates practical exposure to JavaScript, HTML, CSS. The candidate will collaborate with engineers, complete scoped technical tasks, and present progress during regular reviews. Posting track {track} is tailored to early-career applicants building evidence through coursework, personal projects, or internships.
Responsibilities: Develop features across frontend and backend modules; Connect application screens to APIs and databases; Troubleshoot integration issues; Document features and support test execution; Contribute to a scoped assignment involving internal productivity tools
Required Skills: JavaScript, HTML, CSS, Git
Preferred Skills: React, Node.js, MongoDB, REST APIs, Communication
Qualifications: Basic understanding of software development lifecycle; Attention to detail and ownership of assigned tasks; Good written and verbal communication; Comfortable working under mentorship with regular feedback
Experience: No prior professional experience required; academic projects are acceptable.
Education: Pursuing B.E./B.Tech/B.Sc in Computer Science, Information Technology, or a related field."
JOB-0191,Machine Learning Intern,Cedarnode Systems,"Pune, Maharashtra",On-site,Internship,Machine Learning,"Cedarnode Systems is seeking a Machine Learning Intern for its Machine Learning team, with assignments focused on a payments reconciliation system. This internship opportunity gives candidates practical exposure to Python, Machine Learning, NumPy. The candidate will collaborate with engineers, complete scoped technical tasks, and present progress during regular reviews. Posting track {track} is tailored to early-career applicants building evidence through coursework, personal projects, or internships.",Prepare datasets for model training; Train and evaluate machine-learning models; Compare model performance using suitable metrics; Document experiments and model limitations; Contribute to a scoped assignment involving a payments reconciliation system,"Python, Machine Learning, NumPy, Pandas","Scikit-learn, TensorFlow, PyTorch, Model Evaluation, Communication",Attention to detail and ownership of assigned tasks; Good written and verbal communication; Willingness to learn unfamiliar technologies; Comfortable working under mentorship with regular feedback,No prior professional experience required; academic projects are acceptable.,"Pursuing B.E./B.Tech/B.Sc in Computer Science, Information Technology, or a related field.",synthetic_curated,2026-09-11,"Job Title: Machine Learning Intern
Company: Cedarnode Systems
Location: Pune, Maharashtra
Work Mode: On-site
Employment Type: Internship
Domain: Machine Learning
Description: Cedarnode Systems is seeking a Machine Learning Intern for its Machine Learning team, with assignments focused on a payments reconciliation system. This internship opportunity gives candidates practical exposure to Python, Machine Learning, NumPy. The candidate will collaborate with engineers, complete scoped technical tasks, and present progress during regular reviews. Posting track {track} is tailored to early-career applicants building evidence through coursework, personal projects, or internships.
Responsibilities: Prepare datasets for model training; Train and evaluate machine-learning models; Compare model performance using suitable metrics; Document experiments and model limitations; Contribute to a scoped assignment involving a payments reconciliation system
Required Skills: Python, Machine Learning, NumPy, Pandas
Preferred Skills: Scikit-learn, TensorFlow, PyTorch, Model Evaluation, Communication
Qualifications: Attention to detail and ownership of assigned tasks; Good written and verbal communication; Willingness to learn unfamiliar technologies; Comfortable working under mentorship with regular feedback
Experience: No prior professional experience required; academic projects are acceptable.
Education: Pursuing B.E./B.Tech/B.Sc in Computer Science, Information Technology, or a related field."
JOB-0192,Data Analytics Intern,Stonegate Digital,"Ahmedabad, Gujarat",On-site,Internship,Data Analytics,"Stonegate Digital is seeking a Data Analytics Intern for its Data Analytics team, with assignments focused on customer-facing dashboards. This internship opportunity gives candidates practical exposure to SQL, Excel, Data Analysis. The candidate will collaborate with engineers, complete scoped technical tasks, and present progress during regular reviews. Posting track {track} is tailored to early-career applicants building evidence through coursework, personal projects, or internships.",Query and summarize business data; Create dashboards and recurring reports; Validate data quality and investigate anomalies; Present actionable insights to stakeholders; Contribute to a scoped assignment involving customer-facing dashboards,"SQL, Excel, Data Analysis, Statistics","Power BI, Tableau, Python, Data Visualization, Communication",Good written and verbal communication; Willingness to learn unfamiliar technologies; Ability to explain technical decisions clearly; Comfortable working under mentorship with regular feedback,No prior professional experience required; academic projects are acceptable.,"Pursuing B.E./B.Tech/B.Sc in Computer Science, Information Technology, or a related field.",synthetic_curated,2026-09-12,"Job Title: Data Analytics Intern
Company: Stonegate Digital
Location: Ahmedabad, Gujarat
Work Mode: On-site
Employment Type: Internship
Domain: Data Analytics
Description: Stonegate Digital is seeking a Data Analytics Intern for its Data Analytics team, with assignments focused on customer-facing dashboards. This internship opportunity gives candidates practical exposure to SQL, Excel, Data Analysis. The candidate will collaborate with engineers, complete scoped technical tasks, and present progress during regular reviews. Posting track {track} is tailored to early-career applicants building evidence through coursework, personal projects, or internships.
Responsibilities: Query and summarize business data; Create dashboards and recurring reports; Validate data quality and investigate anomalies; Present actionable insights to stakeholders; Contribute to a scoped assignment involving customer-facing dashboards
Required Skills: SQL, Excel, Data Analysis, Statistics
Preferred Skills: Power BI, Tableau, Python, Data Visualization, Communication
Qualifications: Good written and verbal communication; Willingness to learn unfamiliar technologies; Ability to explain technical decisions clearly; Comfortable working under mentorship with regular feedback
Experience: No prior professional experience required; academic projects are acceptable.
Education: Pursuing B.E./B.Tech/B.Sc in Computer Science, Information Technology, or a related field."
JOB-0193,DevOps Intern,Palisade Software Labs,"Pune, Maharashtra",On-site,Internship,DevOps,"Palisade Software Labs is seeking a DevOps Intern for its DevOps team, with assignments focused on a customer support platform. This internship opportunity gives candidates practical exposure to Linux, Git, Scripting. The candidate will collaborate with engineers, complete scoped technical tasks, and present progress during regular reviews. Posting track {track} is tailored to early-career applicants building evidence through coursework, personal projects, or internships.",Maintain CI/CD workflows; Automate repetitive engineering tasks; Assist with containerized application deployments; Monitor build and deployment health; Contribute to a scoped assignment involving a customer support platform,"Linux, Git, Scripting, Networking","Docker, Jenkins, GitHub Actions, Kubernetes, Communication",Willingness to learn unfamiliar technologies; Ability to explain technical decisions clearly; Strong problem-solving and analytical ability; Comfortable working under mentorship with regular feedback,No prior professional experience required; academic projects are acceptable.,"Pursuing B.E./B.Tech/B.Sc in Computer Science, Information Technology, or a related field.",synthetic_curated,2026-09-12,"Job Title: DevOps Intern
Company: Palisade Software Labs
Location: Pune, Maharashtra
Work Mode: On-site
Employment Type: Internship
Domain: DevOps
Description: Palisade Software Labs is seeking a DevOps Intern for its DevOps team, with assignments focused on a customer support platform. This internship opportunity gives candidates practical exposure to Linux, Git, Scripting. The candidate will collaborate with engineers, complete scoped technical tasks, and present progress during regular reviews. Posting track {track} is tailored to early-career applicants building evidence through coursework, personal projects, or internships.
Responsibilities: Maintain CI/CD workflows; Automate repetitive engineering tasks; Assist with containerized application deployments; Monitor build and deployment health; Contribute to a scoped assignment involving a customer support platform
Required Skills: Linux, Git, Scripting, Networking
Preferred Skills: Docker, Jenkins, GitHub Actions, Kubernetes, Communication
Qualifications: Willingness to learn unfamiliar technologies; Ability to explain technical decisions clearly; Strong problem-solving and analytical ability; Comfortable working under mentorship with regular feedback
Experience: No prior professional experience required; academic projects are acceptable.
Education: Pursuing B.E./B.Tech/B.Sc in Computer Science, Information Technology, or a related field."
JOB-0194,Database Intern,Bluecrest Analytics,"Ahmedabad, Gujarat",On-site,Internship,Database / SQL,"Bluecrest Analytics is seeking a Database Intern for its Database / SQL team, with assignments focused on a payments reconciliation system. This internship opportunity gives candidates practical exposure to SQL, DBMS, Database Design. The candidate will collaborate with engineers, complete scoped technical tasks, and present progress during regular reviews. Posting track {track} is tailored to early-career applicants building evidence through coursework, personal projects, or internships.",Write and review SQL queries; Support schema design and data migration tasks; Investigate data quality issues; Assist with database performance analysis; Contribute to a scoped assignment involving a payments reconciliation system,"SQL, DBMS, Database Design, Data Modeling","PostgreSQL, MySQL, Python, Query Optimization, Communication",Ability to explain technical decisions clearly; Strong problem-solving and analytical ability; Ability to work effectively in a team; Comfortable working under mentorship with regular feedback,No prior professional experience required; academic projects are acceptable.,"Pursuing B.E./B.Tech/B.Sc in Computer Science, Information Technology, or a related field.",synthetic_curated,2026-09-12,"Job Title: Database Intern
Company: Bluecrest Analytics
Location: Ahmedabad, Gujarat
Work Mode: On-site
Employment Type: Internship
Domain: Database / SQL
Description: Bluecrest Analytics is seeking a Database Intern for its Database / SQL team, with assignments focused on a payments reconciliation system. This internship opportunity gives candidates practical exposure to SQL, DBMS, Database Design. The candidate will collaborate with engineers, complete scoped technical tasks, and present progress during regular reviews. Posting track {track} is tailored to early-career applicants building evidence through coursework, personal projects, or internships.
Responsibilities: Write and review SQL queries; Support schema design and data migration tasks; Investigate data quality issues; Assist with database performance analysis; Contribute to a scoped assignment involving a payments reconciliation system
Required Skills: SQL, DBMS, Database Design, Data Modeling
Preferred Skills: PostgreSQL, MySQL, Python, Query Optimization, Communication
Qualifications: Ability to explain technical decisions clearly; Strong problem-solving and analytical ability; Ability to work effectively in a team; Comfortable working under mentorship with regular feedback
Experience: No prior professional experience required; academic projects are acceptable.
Education: Pursuing B.E./B.Tech/B.Sc in Computer Science, Information Technology, or a related field."
JOB-0195,Mobile Intern,BrightStack Digital,"Bengaluru, Karnataka",On-site,Internship,Mobile Development,"BrightStack Digital is seeking a Mobile Intern for its Mobile Development team, with assignments focused on a customer support platform. This internship opportunity gives candidates practical exposure to Programming Fundamentals, OOP, Git. The candidate will collaborate with engineers, complete scoped technical tasks, and present progress during regular reviews. Posting track {track} is tailored to early-career applicants building evidence through coursework, personal projects, or internships.",Implement mobile application screens and features; Integrate mobile apps with backend APIs; Fix UI and functional defects; Test features across supported devices; Contribute to a scoped assignment involving a customer support platform,"Programming Fundamentals, OOP, Git, Mobile Development","Kotlin, Flutter, Dart, REST APIs, Communication",Strong problem-solving and analytical ability; Ability to work effectively in a team; Basic understanding of software development lifecycle; Comfortable working under mentorship with regular feedback,No prior professional experience required; academic projects are acceptable.,"Pursuing B.E./B.Tech/B.Sc in Computer Science, Information Technology, or a related field.",synthetic_curated,2026-09-13,"Job Title: Mobile Intern
Company: BrightStack Digital
Location: Bengaluru, Karnataka
Work Mode: On-site
Employment Type: Internship
Domain: Mobile Development
Description: BrightStack Digital is seeking a Mobile Intern for its Mobile Development team, with assignments focused on a customer support platform. This internship opportunity gives candidates practical exposure to Programming Fundamentals, OOP, Git. The candidate will collaborate with engineers, complete scoped technical tasks, and present progress during regular reviews. Posting track {track} is tailored to early-career applicants building evidence through coursework, personal projects, or internships.
Responsibilities: Implement mobile application screens and features; Integrate mobile apps with backend APIs; Fix UI and functional defects; Test features across supported devices; Contribute to a scoped assignment involving a customer support platform
Required Skills: Programming Fundamentals, OOP, Git, Mobile Development
Preferred Skills: Kotlin, Flutter, Dart, REST APIs, Communication
Qualifications: Strong problem-solving and analytical ability; Ability to work effectively in a team; Basic understanding of software development lifecycle; Comfortable working under mentorship with regular feedback
Experience: No prior professional experience required; academic projects are acceptable.
Education: Pursuing B.E./B.Tech/B.Sc in Computer Science, Information Technology, or a related field."
JOB-0196,Java Backend Intern,QuantumLeaf Technologies,"Noida, Uttar Pradesh",On-site,Internship,Java Backend,"QuantumLeaf Technologies is seeking a Java Backend Intern for its Java Backend team, with assignments focused on an internal data pipeline. This internship opportunity gives candidates practical exposure to Java, OOP, SQL. The candidate will collaborate with engineers, complete scoped technical tasks, and present progress during regular reviews. Posting track {track} is tailored to early-career applicants building evidence through coursework, personal projects, or internships.",Develop and maintain backend services; Create REST endpoints and integrate databases; Write unit tests for service-layer code; Assist with debugging and performance improvements; Contribute to a scoped assignment involving an internal data pipeline,"Java, OOP, SQL, Git","Spring Boot, REST APIs, Maven, PostgreSQL, Communication",Good written and verbal communication; Willingness to learn unfamiliar technologies; Ability to explain technical decisions clearly; Comfortable working under mentorship with regular feedback,No prior professional experience required; academic projects are acceptable.,"Pursuing B.E./B.Tech/B.Sc in Computer Science, Information Technology, or a related field.",synthetic_curated,2026-09-13,"Job Title: Java Backend Intern
Company: QuantumLeaf Technologies
Location: Noida, Uttar Pradesh
Work Mode: On-site
Employment Type: Internship
Domain: Java Backend
Description: QuantumLeaf Technologies is seeking a Java Backend Intern for its Java Backend team, with assignments focused on an internal data pipeline. This internship opportunity gives candidates practical exposure to Java, OOP, SQL. The candidate will collaborate with engineers, complete scoped technical tasks, and present progress during regular reviews. Posting track {track} is tailored to early-career applicants building evidence through coursework, personal projects, or internships.
Responsibilities: Develop and maintain backend services; Create REST endpoints and integrate databases; Write unit tests for service-layer code; Assist with debugging and performance improvements; Contribute to a scoped assignment involving an internal data pipeline
Required Skills: Java, OOP, SQL, Git
Preferred Skills: Spring Boot, REST APIs, Maven, PostgreSQL, Communication
Qualifications: Good written and verbal communication; Willingness to learn unfamiliar technologies; Ability to explain technical decisions clearly; Comfortable working under mentorship with regular feedback
Experience: No prior professional experience required; academic projects are acceptable.
Education: Pursuing B.E./B.Tech/B.Sc in Computer Science, Information Technology, or a related field."
JOB-0197,Frontend Intern,NexaGrid Systems,"Pune, Maharashtra",Hybrid,Internship,Frontend Development,"NexaGrid Systems is seeking a Frontend Intern for its Frontend Development team, with assignments focused on internal productivity tools. This internship opportunity gives candidates practical exposure to HTML, CSS, JavaScript. The candidate will collaborate with engineers, complete scoped technical tasks, and present progress during regular reviews. Posting track {track} is tailored to early-career applicants building evidence through coursework, personal projects, or internships.",Build responsive user interface components; Integrate frontend screens with REST services; Fix UI bugs and improve accessibility; Collaborate with designers and backend developers; Contribute to a scoped assignment involving internal productivity tools,"HTML, CSS, JavaScript, Git","React, TypeScript, Responsive Design, REST APIs, Communication",Willingness to learn unfamiliar technologies; Ability to explain technical decisions clearly; Strong problem-solving and analytical ability; Comfortable working under mentorship with regular feedback,No prior professional experience required; academic projects are acceptable.,"Pursuing B.E./B.Tech/B.Sc in Computer Science, Information Technology, or a related field.",synthetic_curated,2026-09-13,"Job Title: Frontend Intern
Company: NexaGrid Systems
Location: Pune, Maharashtra
Work Mode: Hybrid
Employment Type: Internship
Domain: Frontend Development
Description: NexaGrid Systems is seeking a Frontend Intern for its Frontend Development team, with assignments focused on internal productivity tools. This internship opportunity gives candidates practical exposure to HTML, CSS, JavaScript. The candidate will collaborate with engineers, complete scoped technical tasks, and present progress during regular reviews. Posting track {track} is tailored to early-career applicants building evidence through coursework, personal projects, or internships.
Responsibilities: Build responsive user interface components; Integrate frontend screens with REST services; Fix UI bugs and improve accessibility; Collaborate with designers and backend developers; Contribute to a scoped assignment involving internal productivity tools
Required Skills: HTML, CSS, JavaScript, Git
Preferred Skills: React, TypeScript, Responsive Design, REST APIs, Communication
Qualifications: Willingness to learn unfamiliar technologies; Ability to explain technical decisions clearly; Strong problem-solving and analytical ability; Comfortable working under mentorship with regular feedback
Experience: No prior professional experience required; academic projects are acceptable.
Education: Pursuing B.E./B.Tech/B.Sc in Computer Science, Information Technology, or a related field."
JOB-0198,Data Science Intern,LogicBloom Labs,"Chennai, Tamil Nadu",On-site,Internship,Data Science,"LogicBloom Labs is seeking a Data Science Intern for its Data Science team, with assignments focused on an internal data pipeline. This internship opportunity gives candidates practical exposure to Python, Pandas, Statistics. The candidate will collaborate with engineers, complete scoped technical tasks, and present progress during regular reviews. Posting track {track} is tailored to early-career applicants building evidence through coursework, personal projects, or internships.",Clean and analyze structured datasets; Build baseline predictive models; Create exploratory analysis and visualizations; Communicate findings through concise reports; Contribute to a scoped assignment involving an internal data pipeline,"Python, Pandas, Statistics, SQL","NumPy, Scikit-learn, Matplotlib, Jupyter, Communication",Ability to explain technical decisions clearly; Strong problem-solving and analytical ability; Ability to work effectively in a team; Comfortable working under mentorship with regular feedback,No prior professional experience required; academic projects are acceptable.,"Pursuing B.E./B.Tech/B.Sc in Computer Science, Information Technology, or a related field.",synthetic_curated,2026-09-14,"Job Title: Data Science Intern
Company: LogicBloom Labs
Location: Chennai, Tamil Nadu
Work Mode: On-site
Employment Type: Internship
Domain: Data Science
Description: LogicBloom Labs is seeking a Data Science Intern for its Data Science team, with assignments focused on an internal data pipeline. This internship opportunity gives candidates practical exposure to Python, Pandas, Statistics. The candidate will collaborate with engineers, complete scoped technical tasks, and present progress during regular reviews. Posting track {track} is tailored to early-career applicants building evidence through coursework, personal projects, or internships.
Responsibilities: Clean and analyze structured datasets; Build baseline predictive models; Create exploratory analysis and visualizations; Communicate findings through concise reports; Contribute to a scoped assignment involving an internal data pipeline
Required Skills: Python, Pandas, Statistics, SQL
Preferred Skills: NumPy, Scikit-learn, Matplotlib, Jupyter, Communication
Qualifications: Ability to explain technical decisions clearly; Strong problem-solving and analytical ability; Ability to work effectively in a team; Comfortable working under mentorship with regular feedback
Experience: No prior professional experience required; academic projects are acceptable.
Education: Pursuing B.E./B.Tech/B.Sc in Computer Science, Information Technology, or a related field."
JOB-0199,NLP Intern,Wrenfield Technologies,"Kochi, Kerala",On-site,Internship,Generative AI / NLP,"Wrenfield Technologies is seeking a NLP Intern for its Generative AI / NLP team, with assignments focused on an analytics reporting suite. This internship opportunity gives candidates practical exposure to Python, NLP, Machine Learning. The candidate will collaborate with engineers, complete scoped technical tasks, and present progress during regular reviews. Posting track {track} is tailored to early-career applicants building evidence through coursework, personal projects, or internships.",Prototype NLP or retrieval-based applications; Prepare and preprocess text datasets; Evaluate retrieval and generation quality; Document experiments and technical findings; Contribute to a scoped assignment involving an analytics reporting suite,"Python, NLP, Machine Learning, Git","Transformers, Embeddings, Vector Databases, RAG, Communication",Strong problem-solving and analytical ability; Ability to work effectively in a team; Basic understanding of software development lifecycle; Comfortable working under mentorship with regular feedback,No prior professional experience required; academic projects are acceptable.,"Pursuing B.E./B.Tech/B.Sc in Computer Science, Information Technology, or a related field.",synthetic_curated,2026-09-14,"Job Title: NLP Intern
Company: Wrenfield Technologies
Location: Kochi, Kerala
Work Mode: On-site
Employment Type: Internship
Domain: Generative AI / NLP
Description: Wrenfield Technologies is seeking a NLP Intern for its Generative AI / NLP team, with assignments focused on an analytics reporting suite. This internship opportunity gives candidates practical exposure to Python, NLP, Machine Learning. The candidate will collaborate with engineers, complete scoped technical tasks, and present progress during regular reviews. Posting track {track} is tailored to early-career applicants building evidence through coursework, personal projects, or internships.
Responsibilities: Prototype NLP or retrieval-based applications; Prepare and preprocess text datasets; Evaluate retrieval and generation quality; Document experiments and technical findings; Contribute to a scoped assignment involving an analytics reporting suite
Required Skills: Python, NLP, Machine Learning, Git
Preferred Skills: Transformers, Embeddings, Vector Databases, RAG, Communication
Qualifications: Strong problem-solving and analytical ability; Ability to work effectively in a team; Basic understanding of software development lifecycle; Comfortable working under mentorship with regular feedback
Experience: No prior professional experience required; academic projects are acceptable.
Education: Pursuing B.E./B.Tech/B.Sc in Computer Science, Information Technology, or a related field."
JOB-0200,Cloud Intern,Palisade Software Labs,"Remote, India",Remote,Internship,Cloud Computing,"Palisade Software Labs is seeking a Cloud Intern for its Cloud Computing team, with assignments focused on an enterprise reporting solution. This internship opportunity gives candidates practical exposure to Linux, Networking, Cloud Fundamentals. The candidate will collaborate with engineers, complete scoped technical tasks, and present progress during regular reviews. Posting track {track} is tailored to early-career applicants building evidence through coursework, personal projects, or internships.",Support cloud environment configuration; Assist with deployment and monitoring activities; Document infrastructure and operational procedures; Automate routine cloud administration tasks; Contribute to a scoped assignment involving an enterprise reporting solution,"Linux, Networking, Cloud Fundamentals, Git","AWS, Docker, Terraform, Python, Communication",Ability to work effectively in a team; Basic understanding of software development lifecycle; Attention to detail and ownership of assigned tasks; Comfortable working under mentorship with regular feedback,No prior professional experience required; academic projects are acceptable.,"Pursuing B.E./B.Tech/B.Sc in Computer Science, Information Technology, or a related field.",synthetic_curated,2026-09-14,"Job Title: Cloud Intern
Company: Palisade Software Labs
Location: Remote, India
Work Mode: Remote
Employment Type: Internship
Domain: Cloud Computing
Description: Palisade Software Labs is seeking a Cloud Intern for its Cloud Computing team, with assignments focused on an enterprise reporting solution. This internship opportunity gives candidates practical exposure to Linux, Networking, Cloud Fundamentals. The candidate will collaborate with engineers, complete scoped technical tasks, and present progress during regular reviews. Posting track {track} is tailored to early-career applicants building evidence through coursework, personal projects, or internships.
Responsibilities: Support cloud environment configuration; Assist with deployment and monitoring activities; Document infrastructure and operational procedures; Automate routine cloud administration tasks; Contribute to a scoped assignment involving an enterprise reporting solution
Required Skills: Linux, Networking, Cloud Fundamentals, Git
Preferred Skills: AWS, Docker, Terraform, Python, Communication
Qualifications: Ability to work effectively in a team; Basic understanding of software development lifecycle; Attention to detail and ownership of assigned tasks; Comfortable working under mentorship with regular feedback
Experience: No prior professional experience required; academic projects are acceptable.
Education: Pursuing B.E./B.Tech/B.Sc in Computer Science, Information Technology, or a related field."
JOB-0201,Junior Machine Learning Developer,Larkspur Software,"Remote, India",Remote,Entry Level,Machine Learning,"Larkspur Software is seeking a Junior Machine Learning Developer for its Machine Learning team, with assignments focused on a mobile-first user experience. This entry-level position gives early-career candidates hands-on ownership of real product work involving Python, Machine Learning, NumPy. The candidate will collaborate with engineers, complete scoped technical tasks, and present progress during regular reviews. This role is open to candidates whose evidence comes from internships, academic projects, or coursework rather than prior full-time employment.",Prepare datasets for model training; Train and evaluate machine-learning models; Compare model performance using suitable metrics; Document experiments and model limitations; Take ownership of a scoped feature area involving a mobile-first user experience with support from senior engineers,"Python, Machine Learning, NumPy, Pandas","Scikit-learn, TensorFlow, PyTorch, Model Evaluation, Communication",Attention to detail and ownership of assigned tasks; Good written and verbal communication; Willingness to learn unfamiliar technologies; Able to work with moderate autonomy once ramped up,"No prior professional experience is required; internships, academic projects, or coursework are accepted as evidence of readiness.","Bachelor's degree (completed or final year) in Computer Science, Information Technology, or a related field.",synthetic_curated,2026-09-15,"Job Title: Junior Machine Learning Developer
Company: Larkspur Software
Location: Remote, India
Work Mode: Remote
Employment Type: Entry Level
Domain: Machine Learning
Description: Larkspur Software is seeking a Junior Machine Learning Developer for its Machine Learning team, with assignments focused on a mobile-first user experience. This entry-level position gives early-career candidates hands-on ownership of real product work involving Python, Machine Learning, NumPy. The candidate will collaborate with engineers, complete scoped technical tasks, and present progress during regular reviews. This role is open to candidates whose evidence comes from internships, academic projects, or coursework rather than prior full-time employment.
Responsibilities: Prepare datasets for model training; Train and evaluate machine-learning models; Compare model performance using suitable metrics; Document experiments and model limitations; Take ownership of a scoped feature area involving a mobile-first user experience with support from senior engineers
Required Skills: Python, Machine Learning, NumPy, Pandas
Preferred Skills: Scikit-learn, TensorFlow, PyTorch, Model Evaluation, Communication
Qualifications: Attention to detail and ownership of assigned tasks; Good written and verbal communication; Willingness to learn unfamiliar technologies; Able to work with moderate autonomy once ramped up
Experience: No prior professional experience is required; internships, academic projects, or coursework are accepted as evidence of readiness.
Education: Bachelor's degree (completed or final year) in Computer Science, Information Technology, or a related field."
JOB-0202,Junior Data Analytics Developer,Northlight Systems,"Hyderabad, Telangana",Hybrid,Entry Level,Data Analytics,"Northlight Systems is seeking a Junior Data Analytics Developer for its Data Analytics team, with assignments focused on an analytics reporting suite. This entry-level position gives early-career candidates hands-on ownership of real product work involving SQL, Excel, Data Analysis. The candidate will collaborate with engineers, complete scoped technical tasks, and present progress during regular reviews. This role is open to candidates whose evidence comes from internships, academic projects, or coursework rather than prior full-time employment.",Query and summarize business data; Create dashboards and recurring reports; Validate data quality and investigate anomalies; Present actionable insights to stakeholders; Take ownership of a scoped feature area involving an analytics reporting suite with support from senior engineers,"SQL, Excel, Data Analysis, Statistics","Power BI, Tableau, Python, Data Visualization, Communication",Good written and verbal communication; Willingness to learn unfamiliar technologies; Ability to explain technical decisions clearly; Able to work with moderate autonomy once ramped up,"No prior professional experience is required; internships, academic projects, or coursework are accepted as evidence of readiness.","Bachelor's degree (completed or final year) in Computer Science, Information Technology, or a related field.",synthetic_curated,2026-09-15,"Job Title: Junior Data Analytics Developer
Company: Northlight Systems
Location: Hyderabad, Telangana
Work Mode: Hybrid
Employment Type: Entry Level
Domain: Data Analytics
Description: Northlight Systems is seeking a Junior Data Analytics Developer for its Data Analytics team, with assignments focused on an analytics reporting suite. This entry-level position gives early-career candidates hands-on ownership of real product work involving SQL, Excel, Data Analysis. The candidate will collaborate with engineers, complete scoped technical tasks, and present progress during regular reviews. This role is open to candidates whose evidence comes from internships, academic projects, or coursework rather than prior full-time employment.
Responsibilities: Query and summarize business data; Create dashboards and recurring reports; Validate data quality and investigate anomalies; Present actionable insights to stakeholders; Take ownership of a scoped feature area involving an analytics reporting suite with support from senior engineers
Required Skills: SQL, Excel, Data Analysis, Statistics
Preferred Skills: Power BI, Tableau, Python, Data Visualization, Communication
Qualifications: Good written and verbal communication; Willingness to learn unfamiliar technologies; Ability to explain technical decisions clearly; Able to work with moderate autonomy once ramped up
Experience: No prior professional experience is required; internships, academic projects, or coursework are accepted as evidence of readiness.
Education: Bachelor's degree (completed or final year) in Computer Science, Information Technology, or a related field."
JOB-0203,Junior DevOps Developer,Windrift Labs,"Remote, India",Remote,Entry Level,DevOps,"Windrift Labs is seeking a Junior DevOps Developer for its DevOps team, with assignments focused on a cloud monitoring product. This entry-level position gives early-career candidates hands-on ownership of real product work involving Linux, Git, Scripting. The candidate will collaborate with engineers, complete scoped technical tasks, and present progress during regular reviews. This role is open to candidates whose evidence comes from internships, academic projects, or coursework rather than prior full-time employment.",Maintain CI/CD workflows; Automate repetitive engineering tasks; Assist with containerized application deployments; Monitor build and deployment health; Take ownership of a scoped feature area involving a cloud monitoring product with support from senior engineers,"Linux, Git, Scripting, Networking","Docker, Jenkins, GitHub Actions, Kubernetes, Communication",Willingness to learn unfamiliar technologies; Ability to explain technical decisions clearly; Strong problem-solving and analytical ability; Able to work with moderate autonomy once ramped up,"No prior professional experience is required; internships, academic projects, or coursework are accepted as evidence of readiness.","Bachelor's degree (completed or final year) in Computer Science, Information Technology, or a related field.",synthetic_curated,2026-09-15,"Job Title: Junior DevOps Developer
Company: Windrift Labs
Location: Remote, India
Work Mode: Remote
Employment Type: Entry Level
Domain: DevOps
Description: Windrift Labs is seeking a Junior DevOps Developer for its DevOps team, with assignments focused on a cloud monitoring product. This entry-level position gives early-career candidates hands-on ownership of real product work involving Linux, Git, Scripting. The candidate will collaborate with engineers, complete scoped technical tasks, and present progress during regular reviews. This role is open to candidates whose evidence comes from internships, academic projects, or coursework rather than prior full-time employment.
Responsibilities: Maintain CI/CD workflows; Automate repetitive engineering tasks; Assist with containerized application deployments; Monitor build and deployment health; Take ownership of a scoped feature area involving a cloud monitoring product with support from senior engineers
Required Skills: Linux, Git, Scripting, Networking
Preferred Skills: Docker, Jenkins, GitHub Actions, Kubernetes, Communication
Qualifications: Willingness to learn unfamiliar technologies; Ability to explain technical decisions clearly; Strong problem-solving and analytical ability; Able to work with moderate autonomy once ramped up
Experience: No prior professional experience is required; internships, academic projects, or coursework are accepted as evidence of readiness.
Education: Bachelor's degree (completed or final year) in Computer Science, Information Technology, or a related field."
JOB-0204,Junior Database Developer,Stonegate Digital,"Coimbatore, Tamil Nadu",Hybrid,Entry Level,Database / SQL,"Stonegate Digital is seeking a Junior Database Developer for its Database / SQL team, with assignments focused on a cloud monitoring product. This entry-level position gives early-career candidates hands-on ownership of real product work involving SQL, DBMS, Database Design. The candidate will collaborate with engineers, complete scoped technical tasks, and present progress during regular reviews. This role is open to candidates whose evidence comes from internships, academic projects, or coursework rather than prior full-time employment.",Write and review SQL queries; Support schema design and data migration tasks; Investigate data quality issues; Assist with database performance analysis; Take ownership of a scoped feature area involving a cloud monitoring product with support from senior engineers,"SQL, DBMS, Database Design, Data Modeling","PostgreSQL, MySQL, Python, Query Optimization, Communication",Ability to explain technical decisions clearly; Strong problem-solving and analytical ability; Ability to work effectively in a team; Able to work with moderate autonomy once ramped up,"No prior professional experience is required; internships, academic projects, or coursework are accepted as evidence of readiness.","Bachelor's degree (completed or final year) in Computer Science, Information Technology, or a related field.",synthetic_curated,2026-09-16,"Job Title: Junior Database Developer
Company: Stonegate Digital
Location: Coimbatore, Tamil Nadu
Work Mode: Hybrid
Employment Type: Entry Level
Domain: Database / SQL
Description: Stonegate Digital is seeking a Junior Database Developer for its Database / SQL team, with assignments focused on a cloud monitoring product. This entry-level position gives early-career candidates hands-on ownership of real product work involving SQL, DBMS, Database Design. The candidate will collaborate with engineers, complete scoped technical tasks, and present progress during regular reviews. This role is open to candidates whose evidence comes from internships, academic projects, or coursework rather than prior full-time employment.
Responsibilities: Write and review SQL queries; Support schema design and data migration tasks; Investigate data quality issues; Assist with database performance analysis; Take ownership of a scoped feature area involving a cloud monitoring product with support from senior engineers
Required Skills: SQL, DBMS, Database Design, Data Modeling
Preferred Skills: PostgreSQL, MySQL, Python, Query Optimization, Communication
Qualifications: Ability to explain technical decisions clearly; Strong problem-solving and analytical ability; Ability to work effectively in a team; Able to work with moderate autonomy once ramped up
Experience: No prior professional experience is required; internships, academic projects, or coursework are accepted as evidence of readiness.
Education: Bachelor's degree (completed or final year) in Computer Science, Information Technology, or a related field."
JOB-0205,Junior Mobile Developer,Clearwave Analytics,"Noida, Uttar Pradesh",On-site,Entry Level,Mobile Development,"Clearwave Analytics is seeking a Junior Mobile Developer for its Mobile Development team, with assignments focused on internal productivity tools. This entry-level position gives early-career candidates hands-on ownership of real product work involving Programming Fundamentals, OOP, Git. The candidate will collaborate with engineers, complete scoped technical tasks, and present progress during regular reviews. This role is open to candidates whose evidence comes from internships, academic projects, or coursework rather than prior full-time employment.",Implement mobile application screens and features; Integrate mobile apps with backend APIs; Fix UI and functional defects; Test features across supported devices; Take ownership of a scoped feature area involving internal productivity tools with support from senior engineers,"Programming Fundamentals, OOP, Git, Mobile Development","Kotlin, Flutter, Dart, REST APIs, Communication",Strong problem-solving and analytical ability; Ability to work effectively in a team; Basic understanding of software development lifecycle; Able to work with moderate autonomy once ramped up,"No prior professional experience is required; internships, academic projects, or coursework are accepted as evidence of readiness.","Bachelor's degree (completed or final year) in Computer Science, Information Technology, or a related field.",synthetic_curated,2026-09-16,"Job Title: Junior Mobile Developer
Company: Clearwave Analytics
Location: Noida, Uttar Pradesh
Work Mode: On-site
Employment Type: Entry Level
Domain: Mobile Development
Description: Clearwave Analytics is seeking a Junior Mobile Developer for its Mobile Development team, with assignments focused on internal productivity tools. This entry-level position gives early-career candidates hands-on ownership of real product work involving Programming Fundamentals, OOP, Git. The candidate will collaborate with engineers, complete scoped technical tasks, and present progress during regular reviews. This role is open to candidates whose evidence comes from internships, academic projects, or coursework rather than prior full-time employment.
Responsibilities: Implement mobile application screens and features; Integrate mobile apps with backend APIs; Fix UI and functional defects; Test features across supported devices; Take ownership of a scoped feature area involving internal productivity tools with support from senior engineers
Required Skills: Programming Fundamentals, OOP, Git, Mobile Development
Preferred Skills: Kotlin, Flutter, Dart, REST APIs, Communication
Qualifications: Strong problem-solving and analytical ability; Ability to work effectively in a team; Basic understanding of software development lifecycle; Able to work with moderate autonomy once ramped up
Experience: No prior professional experience is required; internships, academic projects, or coursework are accepted as evidence of readiness.
Education: Bachelor's degree (completed or final year) in Computer Science, Information Technology, or a related field."
JOB-0206,Junior Java Backend Developer,DeepRiver Analytics,"Chennai, Tamil Nadu",On-site,Entry Level,Java Backend,"DeepRiver Analytics is seeking a Junior Java Backend Developer for its Java Backend team, with assignments focused on a content management platform. This entry-level position gives early-career candidates hands-on ownership of real product work involving Java, OOP, SQL. The candidate will collaborate with engineers, complete scoped technical tasks, and present progress during regular reviews. This role is open to candidates whose evidence comes from internships, academic projects, or coursework rather than prior full-time employment.",Develop and maintain backend services; Create REST endpoints and integrate databases; Write unit tests for service-layer code; Assist with debugging and performance improvements; Take ownership of a scoped feature area involving a content management platform with support from senior engineers,"Java, OOP, SQL, Git","Spring Boot, REST APIs, Maven, PostgreSQL, Communication",Good written and verbal communication; Willingness to learn unfamiliar technologies; Ability to explain technical decisions clearly; Able to work with moderate autonomy once ramped up,"No prior professional experience is required; internships, academic projects, or coursework are accepted as evidence of readiness.","Bachelor's degree (completed or final year) in Computer Science, Information Technology, or a related field.",synthetic_curated,2026-09-16,"Job Title: Junior Java Backend Developer
Company: DeepRiver Analytics
Location: Chennai, Tamil Nadu
Work Mode: On-site
Employment Type: Entry Level
Domain: Java Backend
Description: DeepRiver Analytics is seeking a Junior Java Backend Developer for its Java Backend team, with assignments focused on a content management platform. This entry-level position gives early-career candidates hands-on ownership of real product work involving Java, OOP, SQL. The candidate will collaborate with engineers, complete scoped technical tasks, and present progress during regular reviews. This role is open to candidates whose evidence comes from internships, academic projects, or coursework rather than prior full-time employment.
Responsibilities: Develop and maintain backend services; Create REST endpoints and integrate databases; Write unit tests for service-layer code; Assist with debugging and performance improvements; Take ownership of a scoped feature area involving a content management platform with support from senior engineers
Required Skills: Java, OOP, SQL, Git
Preferred Skills: Spring Boot, REST APIs, Maven, PostgreSQL, Communication
Qualifications: Good written and verbal communication; Willingness to learn unfamiliar technologies; Ability to explain technical decisions clearly; Able to work with moderate autonomy once ramped up
Experience: No prior professional experience is required; internships, academic projects, or coursework are accepted as evidence of readiness.
Education: Bachelor's degree (completed or final year) in Computer Science, Information Technology, or a related field."
JOB-0207,Junior Frontend Developer,Hearthline Digital,"Pune, Maharashtra",Hybrid,Entry Level,Frontend Development,"Hearthline Digital is seeking a Junior Frontend Developer for its Frontend Development team, with assignments focused on internal productivity tools. This entry-level position gives early-career candidates hands-on ownership of real product work involving HTML, CSS, JavaScript. The candidate will collaborate with engineers, complete scoped technical tasks, and present progress during regular reviews. This role is open to candidates whose evidence comes from internships, academic projects, or coursework rather than prior full-time employment.",Build responsive user interface components; Integrate frontend screens with REST services; Fix UI bugs and improve accessibility; Collaborate with designers and backend developers; Take ownership of a scoped feature area involving internal productivity tools with support from senior engineers,"HTML, CSS, JavaScript, Git","React, TypeScript, Responsive Design, REST APIs, Communication",Willingness to learn unfamiliar technologies; Ability to explain technical decisions clearly; Strong problem-solving and analytical ability; Able to work with moderate autonomy once ramped up,"No prior professional experience is required; internships, academic projects, or coursework are accepted as evidence of readiness.","Bachelor's degree (completed or final year) in Computer Science, Information Technology, or a related field.",synthetic_curated,2026-09-17,"Job Title: Junior Frontend Developer
Company: Hearthline Digital
Location: Pune, Maharashtra
Work Mode: Hybrid
Employment Type: Entry Level
Domain: Frontend Development
Description: Hearthline Digital is seeking a Junior Frontend Developer for its Frontend Development team, with assignments focused on internal productivity tools. This entry-level position gives early-career candidates hands-on ownership of real product work involving HTML, CSS, JavaScript. The candidate will collaborate with engineers, complete scoped technical tasks, and present progress during regular reviews. This role is open to candidates whose evidence comes from internships, academic projects, or coursework rather than prior full-time employment.
Responsibilities: Build responsive user interface components; Integrate frontend screens with REST services; Fix UI bugs and improve accessibility; Collaborate with designers and backend developers; Take ownership of a scoped feature area involving internal productivity tools with support from senior engineers
Required Skills: HTML, CSS, JavaScript, Git
Preferred Skills: React, TypeScript, Responsive Design, REST APIs, Communication
Qualifications: Willingness to learn unfamiliar technologies; Ability to explain technical decisions clearly; Strong problem-solving and analytical ability; Able to work with moderate autonomy once ramped up
Experience: No prior professional experience is required; internships, academic projects, or coursework are accepted as evidence of readiness.
Education: Bachelor's degree (completed or final year) in Computer Science, Information Technology, or a related field."
JOB-0208,Junior Data Science Developer,Larkspur Software,"Bengaluru, Karnataka",On-site,Entry Level,Data Science,"Larkspur Software is seeking a Junior Data Science Developer for its Data Science team, with assignments focused on a mobile-first user experience. This entry-level position gives early-career candidates hands-on ownership of real product work involving Python, Pandas, Statistics. The candidate will collaborate with engineers, complete scoped technical tasks, and present progress during regular reviews. This role is open to candidates whose evidence comes from internships, academic projects, or coursework rather than prior full-time employment.",Clean and analyze structured datasets; Build baseline predictive models; Create exploratory analysis and visualizations; Communicate findings through concise reports; Take ownership of a scoped feature area involving a mobile-first user experience with support from senior engineers,"Python, Pandas, Statistics, SQL","NumPy, Scikit-learn, Matplotlib, Jupyter, Communication",Ability to explain technical decisions clearly; Strong problem-solving and analytical ability; Ability to work effectively in a team; Able to work with moderate autonomy once ramped up,"No prior professional experience is required; internships, academic projects, or coursework are accepted as evidence of readiness.","Bachelor's degree (completed or final year) in Computer Science, Information Technology, or a related field.",synthetic_curated,2026-09-17,"Job Title: Junior Data Science Developer
Company: Larkspur Software
Location: Bengaluru, Karnataka
Work Mode: On-site
Employment Type: Entry Level
Domain: Data Science
Description: Larkspur Software is seeking a Junior Data Science Developer for its Data Science team, with assignments focused on a mobile-first user experience. This entry-level position gives early-career candidates hands-on ownership of real product work involving Python, Pandas, Statistics. The candidate will collaborate with engineers, complete scoped technical tasks, and present progress during regular reviews. This role is open to candidates whose evidence comes from internships, academic projects, or coursework rather than prior full-time employment.
Responsibilities: Clean and analyze structured datasets; Build baseline predictive models; Create exploratory analysis and visualizations; Communicate findings through concise reports; Take ownership of a scoped feature area involving a mobile-first user experience with support from senior engineers
Required Skills: Python, Pandas, Statistics, SQL
Preferred Skills: NumPy, Scikit-learn, Matplotlib, Jupyter, Communication
Qualifications: Ability to explain technical decisions clearly; Strong problem-solving and analytical ability; Ability to work effectively in a team; Able to work with moderate autonomy once ramped up
Experience: No prior professional experience is required; internships, academic projects, or coursework are accepted as evidence of readiness.
Education: Bachelor's degree (completed or final year) in Computer Science, Information Technology, or a related field."
JOB-0209,Junior NLP Developer,Thornfield Analytics,"Hyderabad, Telangana",On-site,Entry Level,Generative AI / NLP,"Thornfield Analytics is seeking a Junior NLP Developer for its Generative AI / NLP team, with assignments focused on a content management platform. This entry-level position gives early-career candidates hands-on ownership of real product work involving Python, NLP, Machine Learning. The candidate will collaborate with engineers, complete scoped technical tasks, and present progress during regular reviews. This role is open to candidates whose evidence comes from internships, academic projects, or coursework rather than prior full-time employment.",Prototype NLP or retrieval-based applications; Prepare and preprocess text datasets; Evaluate retrieval and generation quality; Document experiments and technical findings; Take ownership of a scoped feature area involving a content management platform with support from senior engineers,"Python, NLP, Machine Learning, Git","Transformers, Embeddings, Vector Databases, RAG, Communication",Strong problem-solving and analytical ability; Ability to work effectively in a team; Basic understanding of software development lifecycle; Able to work with moderate autonomy once ramped up,"No prior professional experience is required; internships, academic projects, or coursework are accepted as evidence of readiness.","Bachelor's degree (completed or final year) in Computer Science, Information Technology, or a related field.",synthetic_curated,2026-09-17,"Job Title: Junior NLP Developer
Company: Thornfield Analytics
Location: Hyderabad, Telangana
Work Mode: On-site
Employment Type: Entry Level
Domain: Generative AI / NLP
Description: Thornfield Analytics is seeking a Junior NLP Developer for its Generative AI / NLP team, with assignments focused on a content management platform. This entry-level position gives early-career candidates hands-on ownership of real product work involving Python, NLP, Machine Learning. The candidate will collaborate with engineers, complete scoped technical tasks, and present progress during regular reviews. This role is open to candidates whose evidence comes from internships, academic projects, or coursework rather than prior full-time employment.
Responsibilities: Prototype NLP or retrieval-based applications; Prepare and preprocess text datasets; Evaluate retrieval and generation quality; Document experiments and technical findings; Take ownership of a scoped feature area involving a content management platform with support from senior engineers
Required Skills: Python, NLP, Machine Learning, Git
Preferred Skills: Transformers, Embeddings, Vector Databases, RAG, Communication
Qualifications: Strong problem-solving and analytical ability; Ability to work effectively in a team; Basic understanding of software development lifecycle; Able to work with moderate autonomy once ramped up
Experience: No prior professional experience is required; internships, academic projects, or coursework are accepted as evidence of readiness.
Education: Bachelor's degree (completed or final year) in Computer Science, Information Technology, or a related field."
JOB-0210,Junior Cloud Developer,BlueOrbit Technologies,"Chennai, Tamil Nadu",On-site,Entry Level,Cloud Computing,"BlueOrbit Technologies is seeking a Junior Cloud Developer for its Cloud Computing team, with assignments focused on an analytics reporting suite. This entry-level position gives early-career candidates hands-on ownership of real product work involving Linux, Networking, Cloud Fundamentals. The candidate will collaborate with engineers, complete scoped technical tasks, and present progress during regular reviews. This role is open to candidates whose evidence comes from internships, academic projects, or coursework rather than prior full-time employment.",Support cloud environment configuration; Assist with deployment and monitoring activities; Document infrastructure and operational procedures; Automate routine cloud administration tasks; Take ownership of a scoped feature area involving an analytics reporting suite with support from senior engineers,"Linux, Networking, Cloud Fundamentals, Git","AWS, Docker, Terraform, Python, Communication",Ability to work effectively in a team; Basic understanding of software development lifecycle; Attention to detail and ownership of assigned tasks; Able to work with moderate autonomy once ramped up,"No prior professional experience is required; internships, academic projects, or coursework are accepted as evidence of readiness.","Bachelor's degree (completed or final year) in Computer Science, Information Technology, or a related field.",synthetic_curated,2026-09-18,"Job Title: Junior Cloud Developer
Company: BlueOrbit Technologies
Location: Chennai, Tamil Nadu
Work Mode: On-site
Employment Type: Entry Level
Domain: Cloud Computing
Description: BlueOrbit Technologies is seeking a Junior Cloud Developer for its Cloud Computing team, with assignments focused on an analytics reporting suite. This entry-level position gives early-career candidates hands-on ownership of real product work involving Linux, Networking, Cloud Fundamentals. The candidate will collaborate with engineers, complete scoped technical tasks, and present progress during regular reviews. This role is open to candidates whose evidence comes from internships, academic projects, or coursework rather than prior full-time employment.
Responsibilities: Support cloud environment configuration; Assist with deployment and monitoring activities; Document infrastructure and operational procedures; Automate routine cloud administration tasks; Take ownership of a scoped feature area involving an analytics reporting suite with support from senior engineers
Required Skills: Linux, Networking, Cloud Fundamentals, Git
Preferred Skills: AWS, Docker, Terraform, Python, Communication
Qualifications: Ability to work effectively in a team; Basic understanding of software development lifecycle; Attention to detail and ownership of assigned tasks; Able to work with moderate autonomy once ramped up
Experience: No prior professional experience is required; internships, academic projects, or coursework are accepted as evidence of readiness.
Education: Bachelor's degree (completed or final year) in Computer Science, Information Technology, or a related field."
JOB-0211,Junior Security Developer,Cedarnode Systems,"Chennai, Tamil Nadu",On-site,Entry Level,Cybersecurity,"Cedarnode Systems is seeking a Junior Security Developer for its Cybersecurity team, with assignments focused on customer-facing dashboards. This entry-level position gives early-career candidates hands-on ownership of real product work involving Networking, Linux, Cybersecurity Fundamentals. The candidate will collaborate with engineers, complete scoped technical tasks, and present progress during regular reviews. This role is open to candidates whose evidence comes from internships, academic projects, or coursework rather than prior full-time employment.",Review security alerts and identify suspicious activity; Assist with vulnerability assessments; Document incidents and remediation recommendations; Support secure configuration reviews; Take ownership of a scoped feature area involving customer-facing dashboards with support from senior engineers,"Networking, Linux, Cybersecurity Fundamentals, Security Concepts","SIEM, Python, OWASP, Incident Response, Communication",Basic understanding of software development lifecycle; Attention to detail and ownership of assigned tasks; Good written and verbal communication; Able to work with moderate autonomy once ramped up,"No prior professional experience is required; internships, academic projects, or coursework are accepted as evidence of readiness.","Bachelor's degree (completed or final year) in Computer Science, Information Technology, or a related field.",synthetic_curated,2026-09-18,"Job Title: Junior Security Developer
Company: Cedarnode Systems
Location: Chennai, Tamil Nadu
Work Mode: On-site
Employment Type: Entry Level
Domain: Cybersecurity
Description: Cedarnode Systems is seeking a Junior Security Developer for its Cybersecurity team, with assignments focused on customer-facing dashboards. This entry-level position gives early-career candidates hands-on ownership of real product work involving Networking, Linux, Cybersecurity Fundamentals. The candidate will collaborate with engineers, complete scoped technical tasks, and present progress during regular reviews. This role is open to candidates whose evidence comes from internships, academic projects, or coursework rather than prior full-time employment.
Responsibilities: Review security alerts and identify suspicious activity; Assist with vulnerability assessments; Document incidents and remediation recommendations; Support secure configuration reviews; Take ownership of a scoped feature area involving customer-facing dashboards with support from senior engineers
Required Skills: Networking, Linux, Cybersecurity Fundamentals, Security Concepts
Preferred Skills: SIEM, Python, OWASP, Incident Response, Communication
Qualifications: Basic understanding of software development lifecycle; Attention to detail and ownership of assigned tasks; Good written and verbal communication; Able to work with moderate autonomy once ramped up
Experience: No prior professional experience is required; internships, academic projects, or coursework are accepted as evidence of readiness.
Education: Bachelor's degree (completed or final year) in Computer Science, Information Technology, or a related field."
JOB-0212,Junior QA Developer,OrbitCraft Software,"Bengaluru, Karnataka",Hybrid,Entry Level,Software Testing / QA,"OrbitCraft Software is seeking a Junior QA Developer for its Software Testing / QA team, with assignments focused on a payments reconciliation system. This entry-level position gives early-career candidates hands-on ownership of real product work involving Software Testing, Test Cases, Bug Tracking. The candidate will collaborate with engineers, complete scoped technical tasks, and present progress during regular reviews. This role is open to candidates whose evidence comes from internships, academic projects, or coursework rather than prior full-time employment.",Create and execute functional test cases; Report defects with reproducible steps; Perform API and regression testing; Contribute to basic test automation; Take ownership of a scoped feature area involving a payments reconciliation system with support from senior engineers,"Software Testing, Test Cases, Bug Tracking, SDLC","Selenium, Python, Postman, API Testing, Communication",Attention to detail and ownership of assigned tasks; Good written and verbal communication; Willingness to learn unfamiliar technologies; Able to work with moderate autonomy once ramped up,"No prior professional experience is required; internships, academic projects, or coursework are accepted as evidence of readiness.","Bachelor's degree (completed or final year) in Computer Science, Information Technology, or a related field.",synthetic_curated,2026-09-18,"Job Title: Junior QA Developer
Company: OrbitCraft Software
Location: Bengaluru, Karnataka
Work Mode: Hybrid
Employment Type: Entry Level
Domain: Software Testing / QA
Description: OrbitCraft Software is seeking a Junior QA Developer for its Software Testing / QA team, with assignments focused on a payments reconciliation system. This entry-level position gives early-career candidates hands-on ownership of real product work involving Software Testing, Test Cases, Bug Tracking. The candidate will collaborate with engineers, complete scoped technical tasks, and present progress during regular reviews. This role is open to candidates whose evidence comes from internships, academic projects, or coursework rather than prior full-time employment.
Responsibilities: Create and execute functional test cases; Report defects with reproducible steps; Perform API and regression testing; Contribute to basic test automation; Take ownership of a scoped feature area involving a payments reconciliation system with support from senior engineers
Required Skills: Software Testing, Test Cases, Bug Tracking, SDLC
Preferred Skills: Selenium, Python, Postman, API Testing, Communication
Qualifications: Attention to detail and ownership of assigned tasks; Good written and verbal communication; Willingness to learn unfamiliar technologies; Able to work with moderate autonomy once ramped up
Experience: No prior professional experience is required; internships, academic projects, or coursework are accepted as evidence of readiness.
Education: Bachelor's degree (completed or final year) in Computer Science, Information Technology, or a related field."
JOB-0213,Junior Software Developer,AppCrest Technologies,"Kochi, Kerala",On-site,Entry Level,Software Development,"AppCrest Technologies is seeking a Junior Software Developer for its Software Development team, with assignments focused on a customer support platform. This entry-level position gives early-career candidates hands-on ownership of real product work involving Python, Data Structures, Algorithms. The candidate will collaborate with engineers, complete scoped technical tasks, and present progress during regular reviews. This role is open to candidates whose evidence comes from internships, academic projects, or coursework rather than prior full-time employment.","Implement product features with test coverage; Debug and resolve defects in existing modules; Write clean, maintainable and testable code; Participate in code reviews and engineering discussions; Take ownership of a scoped feature area involving a customer support platform with support from senior engineers","Python, Data Structures, Algorithms, Git","REST APIs, SQL, Linux, Unit Testing, Communication",Strong problem-solving and analytical ability; Ability to work effectively in a team; Basic understanding of software development lifecycle; Able to work with moderate autonomy once ramped up,"No prior professional experience is required; internships, academic projects, or coursework are accepted as evidence of readiness.","Bachelor's degree (completed or final year) in Computer Science, Information Technology, or a related field.",synthetic_curated,2026-09-19,"Job Title: Junior Software Developer
Company: AppCrest Technologies
Location: Kochi, Kerala
Work Mode: On-site
Employment Type: Entry Level
Domain: Software Development
Description: AppCrest Technologies is seeking a Junior Software Developer for its Software Development team, with assignments focused on a customer support platform. This entry-level position gives early-career candidates hands-on ownership of real product work involving Python, Data Structures, Algorithms. The candidate will collaborate with engineers, complete scoped technical tasks, and present progress during regular reviews. This role is open to candidates whose evidence comes from internships, academic projects, or coursework rather than prior full-time employment.
Responsibilities: Implement product features with test coverage; Debug and resolve defects in existing modules; Write clean, maintainable and testable code; Participate in code reviews and engineering discussions; Take ownership of a scoped feature area involving a customer support platform with support from senior engineers
Required Skills: Python, Data Structures, Algorithms, Git
Preferred Skills: REST APIs, SQL, Linux, Unit Testing, Communication
Qualifications: Strong problem-solving and analytical ability; Ability to work effectively in a team; Basic understanding of software development lifecycle; Able to work with moderate autonomy once ramped up
Experience: No prior professional experience is required; internships, academic projects, or coursework are accepted as evidence of readiness.
Education: Bachelor's degree (completed or final year) in Computer Science, Information Technology, or a related field."
JOB-0214,Junior Python Backend Developer,Aurorapeak Technologies,"Ahmedabad, Gujarat",On-site,Entry Level,Python Backend,"Aurorapeak Technologies is seeking a Junior Python Backend Developer for its Python Backend team, with assignments focused on an internal data pipeline. This entry-level position gives early-career candidates hands-on ownership of real product work involving Python, SQL, REST APIs. The candidate will collaborate with engineers, complete scoped technical tasks, and present progress during regular reviews. This role is open to candidates whose evidence comes from internships, academic projects, or coursework rather than prior full-time employment.",Build backend APIs for internal and customer-facing features; Integrate relational databases with application services; Validate API inputs and handle errors consistently; Write automated tests and technical documentation; Take ownership of a scoped feature area involving an internal data pipeline with support from senior engineers,"Python, SQL, REST APIs, Git","FastAPI, Flask, PostgreSQL, Docker, Communication",Ability to work effectively in a team; Basic understanding of software development lifecycle; Attention to detail and ownership of assigned tasks; Able to work with moderate autonomy once ramped up,"No prior professional experience is required; internships, academic projects, or coursework are accepted as evidence of readiness.","Bachelor's degree (completed or final year) in Computer Science, Information Technology, or a related field.",synthetic_curated,2026-09-19,"Job Title: Junior Python Backend Developer
Company: Aurorapeak Technologies
Location: Ahmedabad, Gujarat
Work Mode: On-site
Employment Type: Entry Level
Domain: Python Backend
Description: Aurorapeak Technologies is seeking a Junior Python Backend Developer for its Python Backend team, with assignments focused on an internal data pipeline. This entry-level position gives early-career candidates hands-on ownership of real product work involving Python, SQL, REST APIs. The candidate will collaborate with engineers, complete scoped technical tasks, and present progress during regular reviews. This role is open to candidates whose evidence comes from internships, academic projects, or coursework rather than prior full-time employment.
Responsibilities: Build backend APIs for internal and customer-facing features; Integrate relational databases with application services; Validate API inputs and handle errors consistently; Write automated tests and technical documentation; Take ownership of a scoped feature area involving an internal data pipeline with support from senior engineers
Required Skills: Python, SQL, REST APIs, Git
Preferred Skills: FastAPI, Flask, PostgreSQL, Docker, Communication
Qualifications: Ability to work effectively in a team; Basic understanding of software development lifecycle; Attention to detail and ownership of assigned tasks; Able to work with moderate autonomy once ramped up
Experience: No prior professional experience is required; internships, academic projects, or coursework are accepted as evidence of readiness.
Education: Bachelor's degree (completed or final year) in Computer Science, Information Technology, or a related field."
JOB-0215,Junior Full Stack Developer,Fernbridge Software,"Kochi, Kerala",On-site,Entry Level,Full Stack Development,"Fernbridge Software is seeking a Junior Full Stack Developer for its Full Stack Development team, with assignments focused on a content management platform. This entry-level position gives early-career candidates hands-on ownership of real product work involving JavaScript, HTML, CSS. The candidate will collaborate with engineers, complete scoped technical tasks, and present progress during regular reviews. This role is open to candidates whose evidence comes from internships, academic projects, or coursework rather than prior full-time employment.",Develop features across frontend and backend modules; Connect application screens to APIs and databases; Troubleshoot integration issues; Document features and support test execution; Take ownership of a scoped feature area involving a content management platform with support from senior engineers,"JavaScript, HTML, CSS, Git","React, Node.js, MongoDB, REST APIs, Communication",Basic understanding of software development lifecycle; Attention to detail and ownership of assigned tasks; Good written and verbal communication; Able to work with moderate autonomy once ramped up,"No prior professional experience is required; internships, academic projects, or coursework are accepted as evidence of readiness.","Bachelor's degree (completed or final year) in Computer Science, Information Technology, or a related field.",synthetic_curated,2026-09-19,"Job Title: Junior Full Stack Developer
Company: Fernbridge Software
Location: Kochi, Kerala
Work Mode: On-site
Employment Type: Entry Level
Domain: Full Stack Development
Description: Fernbridge Software is seeking a Junior Full Stack Developer for its Full Stack Development team, with assignments focused on a content management platform. This entry-level position gives early-career candidates hands-on ownership of real product work involving JavaScript, HTML, CSS. The candidate will collaborate with engineers, complete scoped technical tasks, and present progress during regular reviews. This role is open to candidates whose evidence comes from internships, academic projects, or coursework rather than prior full-time employment.
Responsibilities: Develop features across frontend and backend modules; Connect application screens to APIs and databases; Troubleshoot integration issues; Document features and support test execution; Take ownership of a scoped feature area involving a content management platform with support from senior engineers
Required Skills: JavaScript, HTML, CSS, Git
Preferred Skills: React, Node.js, MongoDB, REST APIs, Communication
Qualifications: Basic understanding of software development lifecycle; Attention to detail and ownership of assigned tasks; Good written and verbal communication; Able to work with moderate autonomy once ramped up
Experience: No prior professional experience is required; internships, academic projects, or coursework are accepted as evidence of readiness.
Education: Bachelor's degree (completed or final year) in Computer Science, Information Technology, or a related field."
JOB-0216,Junior Machine Learning Developer,Stonegate Digital,"Kolkata, West Bengal",Hybrid,Entry Level,Machine Learning,"Stonegate Digital is seeking a Junior Machine Learning Developer for its Machine Learning team, with assignments focused on internal productivity tools. This entry-level position gives early-career candidates hands-on ownership of real product work involving Python, Machine Learning, NumPy. The candidate will collaborate with engineers, complete scoped technical tasks, and present progress during regular reviews. This role is open to candidates whose evidence comes from internships, academic projects, or coursework rather than prior full-time employment.",Prepare datasets for model training; Train and evaluate machine-learning models; Compare model performance using suitable metrics; Document experiments and model limitations; Take ownership of a scoped feature area involving internal productivity tools with support from senior engineers,"Python, Machine Learning, NumPy, Pandas","Scikit-learn, TensorFlow, PyTorch, Model Evaluation, Communication",Attention to detail and ownership of assigned tasks; Good written and verbal communication; Willingness to learn unfamiliar technologies; Able to work with moderate autonomy once ramped up,"No prior professional experience is required; internships, academic projects, or coursework are accepted as evidence of readiness.","Bachelor's degree (completed or final year) in Computer Science, Information Technology, or a related field.",synthetic_curated,2026-09-20,"Job Title: Junior Machine Learning Developer
Company: Stonegate Digital
Location: Kolkata, West Bengal
Work Mode: Hybrid
Employment Type: Entry Level
Domain: Machine Learning
Description: Stonegate Digital is seeking a Junior Machine Learning Developer for its Machine Learning team, with assignments focused on internal productivity tools. This entry-level position gives early-career candidates hands-on ownership of real product work involving Python, Machine Learning, NumPy. The candidate will collaborate with engineers, complete scoped technical tasks, and present progress during regular reviews. This role is open to candidates whose evidence comes from internships, academic projects, or coursework rather than prior full-time employment.
Responsibilities: Prepare datasets for model training; Train and evaluate machine-learning models; Compare model performance using suitable metrics; Document experiments and model limitations; Take ownership of a scoped feature area involving internal productivity tools with support from senior engineers
Required Skills: Python, Machine Learning, NumPy, Pandas
Preferred Skills: Scikit-learn, TensorFlow, PyTorch, Model Evaluation, Communication
Qualifications: Attention to detail and ownership of assigned tasks; Good written and verbal communication; Willingness to learn unfamiliar technologies; Able to work with moderate autonomy once ramped up
Experience: No prior professional experience is required; internships, academic projects, or coursework are accepted as evidence of readiness.
Education: Bachelor's degree (completed or final year) in Computer Science, Information Technology, or a related field."
JOB-0217,Junior Data Analytics Developer,Windrift Labs,"Gurugram, Haryana",Hybrid,Entry Level,Data Analytics,"Windrift Labs is seeking a Junior Data Analytics Developer for its Data Analytics team, with assignments focused on a cloud monitoring product. This entry-level position gives early-career candidates hands-on ownership of real product work involving SQL, Excel, Data Analysis. The candidate will collaborate with engineers, complete scoped technical tasks, and present progress during regular reviews. This role is open to candidates whose evidence comes from internships, academic projects, or coursework rather than prior full-time employment.",Query and summarize business data; Create dashboards and recurring reports; Validate data quality and investigate anomalies; Present actionable insights to stakeholders; Take ownership of a scoped feature area involving a cloud monitoring product with support from senior engineers,"SQL, Excel, Data Analysis, Statistics","Power BI, Tableau, Python, Data Visualization, Communication",Good written and verbal communication; Willingness to learn unfamiliar technologies; Ability to explain technical decisions clearly; Able to work with moderate autonomy once ramped up,"No prior professional experience is required; internships, academic projects, or coursework are accepted as evidence of readiness.","Bachelor's degree (completed or final year) in Computer Science, Information Technology, or a related field.",synthetic_curated,2026-09-20,"Job Title: Junior Data Analytics Developer
Company: Windrift Labs
Location: Gurugram, Haryana
Work Mode: Hybrid
Employment Type: Entry Level
Domain: Data Analytics
Description: Windrift Labs is seeking a Junior Data Analytics Developer for its Data Analytics team, with assignments focused on a cloud monitoring product. This entry-level position gives early-career candidates hands-on ownership of real product work involving SQL, Excel, Data Analysis. The candidate will collaborate with engineers, complete scoped technical tasks, and present progress during regular reviews. This role is open to candidates whose evidence comes from internships, academic projects, or coursework rather than prior full-time employment.
Responsibilities: Query and summarize business data; Create dashboards and recurring reports; Validate data quality and investigate anomalies; Present actionable insights to stakeholders; Take ownership of a scoped feature area involving a cloud monitoring product with support from senior engineers
Required Skills: SQL, Excel, Data Analysis, Statistics
Preferred Skills: Power BI, Tableau, Python, Data Visualization, Communication
Qualifications: Good written and verbal communication; Willingness to learn unfamiliar technologies; Ability to explain technical decisions clearly; Able to work with moderate autonomy once ramped up
Experience: No prior professional experience is required; internships, academic projects, or coursework are accepted as evidence of readiness.
Education: Bachelor's degree (completed or final year) in Computer Science, Information Technology, or a related field."
JOB-0218,Junior DevOps Developer,Larkspur Software,"Kolkata, West Bengal",Hybrid,Entry Level,DevOps,"Larkspur Software is seeking a Junior DevOps Developer for its DevOps team, with assignments focused on a developer tooling platform. This entry-level position gives early-career candidates hands-on ownership of real product work involving Linux, Git, Scripting. The candidate will collaborate with engineers, complete scoped technical tasks, and present progress during regular reviews. This role is open to candidates whose evidence comes from internships, academic projects, or coursework rather than prior full-time employment.",Maintain CI/CD workflows; Automate repetitive engineering tasks; Assist with containerized application deployments; Monitor build and deployment health; Take ownership of a scoped feature area involving a developer tooling platform with support from senior engineers,"Linux, Git, Scripting, Networking","Docker, Jenkins, GitHub Actions, Kubernetes, Communication",Willingness to learn unfamiliar technologies; Ability to explain technical decisions clearly; Strong problem-solving and analytical ability; Able to work with moderate autonomy once ramped up,"No prior professional experience is required; internships, academic projects, or coursework are accepted as evidence of readiness.","Bachelor's degree (completed or final year) in Computer Science, Information Technology, or a related field.",synthetic_curated,2026-09-20,"Job Title: Junior DevOps Developer
Company: Larkspur Software
Location: Kolkata, West Bengal
Work Mode: Hybrid
Employment Type: Entry Level
Domain: DevOps
Description: Larkspur Software is seeking a Junior DevOps Developer for its DevOps team, with assignments focused on a developer tooling platform. This entry-level position gives early-career candidates hands-on ownership of real product work involving Linux, Git, Scripting. The candidate will collaborate with engineers, complete scoped technical tasks, and present progress during regular reviews. This role is open to candidates whose evidence comes from internships, academic projects, or coursework rather than prior full-time employment.
Responsibilities: Maintain CI/CD workflows; Automate repetitive engineering tasks; Assist with containerized application deployments; Monitor build and deployment health; Take ownership of a scoped feature area involving a developer tooling platform with support from senior engineers
Required Skills: Linux, Git, Scripting, Networking
Preferred Skills: Docker, Jenkins, GitHub Actions, Kubernetes, Communication
Qualifications: Willingness to learn unfamiliar technologies; Ability to explain technical decisions clearly; Strong problem-solving and analytical ability; Able to work with moderate autonomy once ramped up
Experience: No prior professional experience is required; internships, academic projects, or coursework are accepted as evidence of readiness.
Education: Bachelor's degree (completed or final year) in Computer Science, Information Technology, or a related field."
JOB-0219,Junior Database Developer,Emberline Technologies,"Pune, Maharashtra",On-site,Entry Level,Database / SQL,"Emberline Technologies is seeking a Junior Database Developer for its Database / SQL team, with assignments focused on a customer support platform. This entry-level position gives early-career candidates hands-on ownership of real product work involving SQL, DBMS, Database Design. The candidate will collaborate with engineers, complete scoped technical tasks, and present progress during regular reviews. This role is open to candidates whose evidence comes from internships, academic projects, or coursework rather than prior full-time employment.",Write and review SQL queries; Support schema design and data migration tasks; Investigate data quality issues; Assist with database performance analysis; Take ownership of a scoped feature area involving a customer support platform with support from senior engineers,"SQL, DBMS, Database Design, Data Modeling","PostgreSQL, MySQL, Python, Query Optimization, Communication",Ability to explain technical decisions clearly; Strong problem-solving and analytical ability; Ability to work effectively in a team; Able to work with moderate autonomy once ramped up,"No prior professional experience is required; internships, academic projects, or coursework are accepted as evidence of readiness.","Bachelor's degree (completed or final year) in Computer Science, Information Technology, or a related field.",synthetic_curated,2026-09-21,"Job Title: Junior Database Developer
Company: Emberline Technologies
Location: Pune, Maharashtra
Work Mode: On-site
Employment Type: Entry Level
Domain: Database / SQL
Description: Emberline Technologies is seeking a Junior Database Developer for its Database / SQL team, with assignments focused on a customer support platform. This entry-level position gives early-career candidates hands-on ownership of real product work involving SQL, DBMS, Database Design. The candidate will collaborate with engineers, complete scoped technical tasks, and present progress during regular reviews. This role is open to candidates whose evidence comes from internships, academic projects, or coursework rather than prior full-time employment.
Responsibilities: Write and review SQL queries; Support schema design and data migration tasks; Investigate data quality issues; Assist with database performance analysis; Take ownership of a scoped feature area involving a customer support platform with support from senior engineers
Required Skills: SQL, DBMS, Database Design, Data Modeling
Preferred Skills: PostgreSQL, MySQL, Python, Query Optimization, Communication
Qualifications: Ability to explain technical decisions clearly; Strong problem-solving and analytical ability; Ability to work effectively in a team; Able to work with moderate autonomy once ramped up
Experience: No prior professional experience is required; internships, academic projects, or coursework are accepted as evidence of readiness.
Education: Bachelor's degree (completed or final year) in Computer Science, Information Technology, or a related field."
JOB-0220,Junior Mobile Developer,Bluecrest Analytics,"Hyderabad, Telangana",On-site,Entry Level,Mobile Development,"Bluecrest Analytics is seeking a Junior Mobile Developer for its Mobile Development team, with assignments focused on a mobile-first user experience. This entry-level position gives early-career candidates hands-on ownership of real product work involving Programming Fundamentals, OOP, Git. The candidate will collaborate with engineers, complete scoped technical tasks, and present progress during regular reviews. This role is open to candidates whose evidence comes from internships, academic projects, or coursework rather than prior full-time employment.",Implement mobile application screens and features; Integrate mobile apps with backend APIs; Fix UI and functional defects; Test features across supported devices; Take ownership of a scoped feature area involving a mobile-first user experience with support from senior engineers,"Programming Fundamentals, OOP, Git, Mobile Development","Kotlin, Flutter, Dart, REST APIs, Communication",Strong problem-solving and analytical ability; Ability to work effectively in a team; Basic understanding of software development lifecycle; Able to work with moderate autonomy once ramped up,"No prior professional experience is required; internships, academic projects, or coursework are accepted as evidence of readiness.","Bachelor's degree (completed or final year) in Computer Science, Information Technology, or a related field.",synthetic_curated,2026-09-21,"Job Title: Junior Mobile Developer
Company: Bluecrest Analytics
Location: Hyderabad, Telangana
Work Mode: On-site
Employment Type: Entry Level
Domain: Mobile Development
Description: Bluecrest Analytics is seeking a Junior Mobile Developer for its Mobile Development team, with assignments focused on a mobile-first user experience. This entry-level position gives early-career candidates hands-on ownership of real product work involving Programming Fundamentals, OOP, Git. The candidate will collaborate with engineers, complete scoped technical tasks, and present progress during regular reviews. This role is open to candidates whose evidence comes from internships, academic projects, or coursework rather than prior full-time employment.
Responsibilities: Implement mobile application screens and features; Integrate mobile apps with backend APIs; Fix UI and functional defects; Test features across supported devices; Take ownership of a scoped feature area involving a mobile-first user experience with support from senior engineers
Required Skills: Programming Fundamentals, OOP, Git, Mobile Development
Preferred Skills: Kotlin, Flutter, Dart, REST APIs, Communication
Qualifications: Strong problem-solving and analytical ability; Ability to work effectively in a team; Basic understanding of software development lifecycle; Able to work with moderate autonomy once ramped up
Experience: No prior professional experience is required; internships, academic projects, or coursework are accepted as evidence of readiness.
Education: Bachelor's degree (completed or final year) in Computer Science, Information Technology, or a related field."
JOB-0221,Junior Java Backend Developer,Trueline Systems,"Noida, Uttar Pradesh",On-site,Entry Level,Java Backend,"Trueline Systems is seeking a Junior Java Backend Developer for its Java Backend team, with assignments focused on a mobile-first user experience. This entry-level position gives early-career candidates hands-on ownership of real product work involving Java, OOP, SQL. The candidate will collaborate with engineers, complete scoped technical tasks, and present progress during regular reviews. This role is open to candidates whose evidence comes from internships, academic projects, or coursework rather than prior full-time employment.",Develop and maintain backend services; Create REST endpoints and integrate databases; Write unit tests for service-layer code; Assist with debugging and performance improvements; Take ownership of a scoped feature area involving a mobile-first user experience with support from senior engineers,"Java, OOP, SQL, Git","Spring Boot, REST APIs, Maven, PostgreSQL, Communication",Good written and verbal communication; Willingness to learn unfamiliar technologies; Ability to explain technical decisions clearly; Able to work with moderate autonomy once ramped up,"No prior professional experience is required; internships, academic projects, or coursework are accepted as evidence of readiness.","Bachelor's degree (completed or final year) in Computer Science, Information Technology, or a related field.",synthetic_curated,2026-09-21,"Job Title: Junior Java Backend Developer
Company: Trueline Systems
Location: Noida, Uttar Pradesh
Work Mode: On-site
Employment Type: Entry Level
Domain: Java Backend
Description: Trueline Systems is seeking a Junior Java Backend Developer for its Java Backend team, with assignments focused on a mobile-first user experience. This entry-level position gives early-career candidates hands-on ownership of real product work involving Java, OOP, SQL. The candidate will collaborate with engineers, complete scoped technical tasks, and present progress during regular reviews. This role is open to candidates whose evidence comes from internships, academic projects, or coursework rather than prior full-time employment.
Responsibilities: Develop and maintain backend services; Create REST endpoints and integrate databases; Write unit tests for service-layer code; Assist with debugging and performance improvements; Take ownership of a scoped feature area involving a mobile-first user experience with support from senior engineers
Required Skills: Java, OOP, SQL, Git
Preferred Skills: Spring Boot, REST APIs, Maven, PostgreSQL, Communication
Qualifications: Good written and verbal communication; Willingness to learn unfamiliar technologies; Ability to explain technical decisions clearly; Able to work with moderate autonomy once ramped up
Experience: No prior professional experience is required; internships, academic projects, or coursework are accepted as evidence of readiness.
Education: Bachelor's degree (completed or final year) in Computer Science, Information Technology, or a related field."
JOB-0222,Junior Frontend Developer,Solara Tech Solutions,"Pune, Maharashtra",On-site,Entry Level,Frontend Development,"Solara Tech Solutions is seeking a Junior Frontend Developer for its Frontend Development team, with assignments focused on internal productivity tools. This entry-level position gives early-career candidates hands-on ownership of real product work involving HTML, CSS, JavaScript. The candidate will collaborate with engineers, complete scoped technical tasks, and present progress during regular reviews. This role is open to candidates whose evidence comes from internships, academic projects, or coursework rather than prior full-time employment.",Build responsive user interface components; Integrate frontend screens with REST services; Fix UI bugs and improve accessibility; Collaborate with designers and backend developers; Take ownership of a scoped feature area involving internal productivity tools with support from senior engineers,"HTML, CSS, JavaScript, Git","React, TypeScript, Responsive Design, REST APIs, Communication",Willingness to learn unfamiliar technologies; Ability to explain technical decisions clearly; Strong problem-solving and analytical ability; Able to work with moderate autonomy once ramped up,"No prior professional experience is required; internships, academic projects, or coursework are accepted as evidence of readiness.","Bachelor's degree (completed or final year) in Computer Science, Information Technology, or a related field.",synthetic_curated,2026-09-22,"Job Title: Junior Frontend Developer
Company: Solara Tech Solutions
Location: Pune, Maharashtra
Work Mode: On-site
Employment Type: Entry Level
Domain: Frontend Development
Description: Solara Tech Solutions is seeking a Junior Frontend Developer for its Frontend Development team, with assignments focused on internal productivity tools. This entry-level position gives early-career candidates hands-on ownership of real product work involving HTML, CSS, JavaScript. The candidate will collaborate with engineers, complete scoped technical tasks, and present progress during regular reviews. This role is open to candidates whose evidence comes from internships, academic projects, or coursework rather than prior full-time employment.
Responsibilities: Build responsive user interface components; Integrate frontend screens with REST services; Fix UI bugs and improve accessibility; Collaborate with designers and backend developers; Take ownership of a scoped feature area involving internal productivity tools with support from senior engineers
Required Skills: HTML, CSS, JavaScript, Git
Preferred Skills: React, TypeScript, Responsive Design, REST APIs, Communication
Qualifications: Willingness to learn unfamiliar technologies; Ability to explain technical decisions clearly; Strong problem-solving and analytical ability; Able to work with moderate autonomy once ramped up
Experience: No prior professional experience is required; internships, academic projects, or coursework are accepted as evidence of readiness.
Education: Bachelor's degree (completed or final year) in Computer Science, Information Technology, or a related field."
JOB-0223,Junior Data Science Developer,AppCrest Technologies,"Pune, Maharashtra",Hybrid,Entry Level,Data Science,"AppCrest Technologies is seeking a Junior Data Science Developer for its Data Science team, with assignments focused on a content management platform. This entry-level position gives early-career candidates hands-on ownership of real product work involving Python, Pandas, Statistics. The candidate will collaborate with engineers, complete scoped technical tasks, and present progress during regular reviews. This role is open to candidates whose evidence comes from internships, academic projects, or coursework rather than prior full-time employment.",Clean and analyze structured datasets; Build baseline predictive models; Create exploratory analysis and visualizations; Communicate findings through concise reports; Take ownership of a scoped feature area involving a content management platform with support from senior engineers,"Python, Pandas, Statistics, SQL","NumPy, Scikit-learn, Matplotlib, Jupyter, Communication",Ability to explain technical decisions clearly; Strong problem-solving and analytical ability; Ability to work effectively in a team; Able to work with moderate autonomy once ramped up,"No prior professional experience is required; internships, academic projects, or coursework are accepted as evidence of readiness.","Bachelor's degree (completed or final year) in Computer Science, Information Technology, or a related field.",synthetic_curated,2026-09-22,"Job Title: Junior Data Science Developer
Company: AppCrest Technologies
Location: Pune, Maharashtra
Work Mode: Hybrid
Employment Type: Entry Level
Domain: Data Science
Description: AppCrest Technologies is seeking a Junior Data Science Developer for its Data Science team, with assignments focused on a content management platform. This entry-level position gives early-career candidates hands-on ownership of real product work involving Python, Pandas, Statistics. The candidate will collaborate with engineers, complete scoped technical tasks, and present progress during regular reviews. This role is open to candidates whose evidence comes from internships, academic projects, or coursework rather than prior full-time employment.
Responsibilities: Clean and analyze structured datasets; Build baseline predictive models; Create exploratory analysis and visualizations; Communicate findings through concise reports; Take ownership of a scoped feature area involving a content management platform with support from senior engineers
Required Skills: Python, Pandas, Statistics, SQL
Preferred Skills: NumPy, Scikit-learn, Matplotlib, Jupyter, Communication
Qualifications: Ability to explain technical decisions clearly; Strong problem-solving and analytical ability; Ability to work effectively in a team; Able to work with moderate autonomy once ramped up
Experience: No prior professional experience is required; internships, academic projects, or coursework are accepted as evidence of readiness.
Education: Bachelor's degree (completed or final year) in Computer Science, Information Technology, or a related field."
JOB-0224,Junior NLP Developer,Bluecrest Analytics,"Chennai, Tamil Nadu",On-site,Entry Level,Generative AI / NLP,"Bluecrest Analytics is seeking a Junior NLP Developer for its Generative AI / NLP team, with assignments focused on customer-facing dashboards. This entry-level position gives early-career candidates hands-on ownership of real product work involving Python, NLP, Machine Learning. The candidate will collaborate with engineers, complete scoped technical tasks, and present progress during regular reviews. This role is open to candidates whose evidence comes from internships, academic projects, or coursework rather than prior full-time employment.",Prototype NLP or retrieval-based applications; Prepare and preprocess text datasets; Evaluate retrieval and generation quality; Document experiments and technical findings; Take ownership of a scoped feature area involving customer-facing dashboards with support from senior engineers,"Python, NLP, Machine Learning, Git","Transformers, Embeddings, Vector Databases, RAG, Communication",Strong problem-solving and analytical ability; Ability to work effectively in a team; Basic understanding of software development lifecycle; Able to work with moderate autonomy once ramped up,"No prior professional experience is required; internships, academic projects, or coursework are accepted as evidence of readiness.","Bachelor's degree (completed or final year) in Computer Science, Information Technology, or a related field.",synthetic_curated,2026-09-22,"Job Title: Junior NLP Developer
Company: Bluecrest Analytics
Location: Chennai, Tamil Nadu
Work Mode: On-site
Employment Type: Entry Level
Domain: Generative AI / NLP
Description: Bluecrest Analytics is seeking a Junior NLP Developer for its Generative AI / NLP team, with assignments focused on customer-facing dashboards. This entry-level position gives early-career candidates hands-on ownership of real product work involving Python, NLP, Machine Learning. The candidate will collaborate with engineers, complete scoped technical tasks, and present progress during regular reviews. This role is open to candidates whose evidence comes from internships, academic projects, or coursework rather than prior full-time employment.
Responsibilities: Prototype NLP or retrieval-based applications; Prepare and preprocess text datasets; Evaluate retrieval and generation quality; Document experiments and technical findings; Take ownership of a scoped feature area involving customer-facing dashboards with support from senior engineers
Required Skills: Python, NLP, Machine Learning, Git
Preferred Skills: Transformers, Embeddings, Vector Databases, RAG, Communication
Qualifications: Strong problem-solving and analytical ability; Ability to work effectively in a team; Basic understanding of software development lifecycle; Able to work with moderate autonomy once ramped up
Experience: No prior professional experience is required; internships, academic projects, or coursework are accepted as evidence of readiness.
Education: Bachelor's degree (completed or final year) in Computer Science, Information Technology, or a related field."
JOB-0225,Junior Cloud Developer,Fernbridge Software,"Ahmedabad, Gujarat",On-site,Entry Level,Cloud Computing,"Fernbridge Software is seeking a Junior Cloud Developer for its Cloud Computing team, with assignments focused on an inventory tracking system. This entry-level position gives early-career candidates hands-on ownership of real product work involving Linux, Networking, Cloud Fundamentals. The candidate will collaborate with engineers, complete scoped technical tasks, and present progress during regular reviews. This role is open to candidates whose evidence comes from internships, academic projects, or coursework rather than prior full-time employment.",Support cloud environment configuration; Assist with deployment and monitoring activities; Document infrastructure and operational procedures; Automate routine cloud administration tasks; Take ownership of a scoped feature area involving an inventory tracking system with support from senior engineers,"Linux, Networking, Cloud Fundamentals, Git","AWS, Docker, Terraform, Python, Communication",Ability to work effectively in a team; Basic understanding of software development lifecycle; Attention to detail and ownership of assigned tasks; Able to work with moderate autonomy once ramped up,"No prior professional experience is required; internships, academic projects, or coursework are accepted as evidence of readiness.","Bachelor's degree (completed or final year) in Computer Science, Information Technology, or a related field.",synthetic_curated,2026-09-23,"Job Title: Junior Cloud Developer
Company: Fernbridge Software
Location: Ahmedabad, Gujarat
Work Mode: On-site
Employment Type: Entry Level
Domain: Cloud Computing
Description: Fernbridge Software is seeking a Junior Cloud Developer for its Cloud Computing team, with assignments focused on an inventory tracking system. This entry-level position gives early-career candidates hands-on ownership of real product work involving Linux, Networking, Cloud Fundamentals. The candidate will collaborate with engineers, complete scoped technical tasks, and present progress during regular reviews. This role is open to candidates whose evidence comes from internships, academic projects, or coursework rather than prior full-time employment.
Responsibilities: Support cloud environment configuration; Assist with deployment and monitoring activities; Document infrastructure and operational procedures; Automate routine cloud administration tasks; Take ownership of a scoped feature area involving an inventory tracking system with support from senior engineers
Required Skills: Linux, Networking, Cloud Fundamentals, Git
Preferred Skills: AWS, Docker, Terraform, Python, Communication
Qualifications: Ability to work effectively in a team; Basic understanding of software development lifecycle; Attention to detail and ownership of assigned tasks; Able to work with moderate autonomy once ramped up
Experience: No prior professional experience is required; internships, academic projects, or coursework are accepted as evidence of readiness.
Education: Bachelor's degree (completed or final year) in Computer Science, Information Technology, or a related field."
JOB-0226,Junior Security Developer,AsterWave Technologies,"Pune, Maharashtra",On-site,Entry Level,Cybersecurity,"AsterWave Technologies is seeking a Junior Security Developer for its Cybersecurity team, with assignments focused on an enterprise reporting solution. This entry-level position gives early-career candidates hands-on ownership of real product work involving Networking, Linux, Cybersecurity Fundamentals. The candidate will collaborate with engineers, complete scoped technical tasks, and present progress during regular reviews. This role is open to candidates whose evidence comes from internships, academic projects, or coursework rather than prior full-time employment.",Review security alerts and identify suspicious activity; Assist with vulnerability assessments; Document incidents and remediation recommendations; Support secure configuration reviews; Take ownership of a scoped feature area involving an enterprise reporting solution with support from senior engineers,"Networking, Linux, Cybersecurity Fundamentals, Security Concepts","SIEM, Python, OWASP, Incident Response, Communication",Basic understanding of software development lifecycle; Attention to detail and ownership of assigned tasks; Good written and verbal communication; Able to work with moderate autonomy once ramped up,"No prior professional experience is required; internships, academic projects, or coursework are accepted as evidence of readiness.","Bachelor's degree (completed or final year) in Computer Science, Information Technology, or a related field.",synthetic_curated,2026-09-23,"Job Title: Junior Security Developer
Company: AsterWave Technologies
Location: Pune, Maharashtra
Work Mode: On-site
Employment Type: Entry Level
Domain: Cybersecurity
Description: AsterWave Technologies is seeking a Junior Security Developer for its Cybersecurity team, with assignments focused on an enterprise reporting solution. This entry-level position gives early-career candidates hands-on ownership of real product work involving Networking, Linux, Cybersecurity Fundamentals. The candidate will collaborate with engineers, complete scoped technical tasks, and present progress during regular reviews. This role is open to candidates whose evidence comes from internships, academic projects, or coursework rather than prior full-time employment.
Responsibilities: Review security alerts and identify suspicious activity; Assist with vulnerability assessments; Document incidents and remediation recommendations; Support secure configuration reviews; Take ownership of a scoped feature area involving an enterprise reporting solution with support from senior engineers
Required Skills: Networking, Linux, Cybersecurity Fundamentals, Security Concepts
Preferred Skills: SIEM, Python, OWASP, Incident Response, Communication
Qualifications: Basic understanding of software development lifecycle; Attention to detail and ownership of assigned tasks; Good written and verbal communication; Able to work with moderate autonomy once ramped up
Experience: No prior professional experience is required; internships, academic projects, or coursework are accepted as evidence of readiness.
Education: Bachelor's degree (completed or final year) in Computer Science, Information Technology, or a related field."
JOB-0227,Junior QA Developer,CodeHarbor Labs,"Remote, India",Remote,Entry Level,Software Testing / QA,"CodeHarbor Labs is seeking a Junior QA Developer for its Software Testing / QA team, with assignments focused on an internal data pipeline. This entry-level position gives early-career candidates hands-on ownership of real product work involving Software Testing, Test Cases, Bug Tracking. The candidate will collaborate with engineers, complete scoped technical tasks, and present progress during regular reviews. This role is open to candidates whose evidence comes from internships, academic projects, or coursework rather than prior full-time employment.",Create and execute functional test cases; Report defects with reproducible steps; Perform API and regression testing; Contribute to basic test automation; Take ownership of a scoped feature area involving an internal data pipeline with support from senior engineers,"Software Testing, Test Cases, Bug Tracking, SDLC","Selenium, Python, Postman, API Testing, Communication",Attention to detail and ownership of assigned tasks; Good written and verbal communication; Willingness to learn unfamiliar technologies; Able to work with moderate autonomy once ramped up,"No prior professional experience is required; internships, academic projects, or coursework are accepted as evidence of readiness.","Bachelor's degree (completed or final year) in Computer Science, Information Technology, or a related field.",synthetic_curated,2026-09-23,"Job Title: Junior QA Developer
Company: CodeHarbor Labs
Location: Remote, India
Work Mode: Remote
Employment Type: Entry Level
Domain: Software Testing / QA
Description: CodeHarbor Labs is seeking a Junior QA Developer for its Software Testing / QA team, with assignments focused on an internal data pipeline. This entry-level position gives early-career candidates hands-on ownership of real product work involving Software Testing, Test Cases, Bug Tracking. The candidate will collaborate with engineers, complete scoped technical tasks, and present progress during regular reviews. This role is open to candidates whose evidence comes from internships, academic projects, or coursework rather than prior full-time employment.
Responsibilities: Create and execute functional test cases; Report defects with reproducible steps; Perform API and regression testing; Contribute to basic test automation; Take ownership of a scoped feature area involving an internal data pipeline with support from senior engineers
Required Skills: Software Testing, Test Cases, Bug Tracking, SDLC
Preferred Skills: Selenium, Python, Postman, API Testing, Communication
Qualifications: Attention to detail and ownership of assigned tasks; Good written and verbal communication; Willingness to learn unfamiliar technologies; Able to work with moderate autonomy once ramped up
Experience: No prior professional experience is required; internships, academic projects, or coursework are accepted as evidence of readiness.
Education: Bachelor's degree (completed or final year) in Computer Science, Information Technology, or a related field."
JOB-0228,Junior Software Developer,Bluecrest Analytics,"Chennai, Tamil Nadu",Hybrid,Entry Level,Software Development,"Bluecrest Analytics is seeking a Junior Software Developer for its Software Development team, with assignments focused on customer-facing dashboards. This entry-level position gives early-career candidates hands-on ownership of real product work involving Python, Data Structures, Algorithms. The candidate will collaborate with engineers, complete scoped technical tasks, and present progress during regular reviews. This role is open to candidates whose evidence comes from internships, academic projects, or coursework rather than prior full-time employment.","Implement product features with test coverage; Debug and resolve defects in existing modules; Write clean, maintainable and testable code; Participate in code reviews and engineering discussions; Take ownership of a scoped feature area involving customer-facing dashboards with support from senior engineers","Python, Data Structures, Algorithms, Git","REST APIs, SQL, Linux, Unit Testing, Communication",Strong problem-solving and analytical ability; Ability to work effectively in a team; Basic understanding of software development lifecycle; Able to work with moderate autonomy once ramped up,"No prior professional experience is required; internships, academic projects, or coursework are accepted as evidence of readiness.","Bachelor's degree (completed or final year) in Computer Science, Information Technology, or a related field.",synthetic_curated,2026-09-24,"Job Title: Junior Software Developer
Company: Bluecrest Analytics
Location: Chennai, Tamil Nadu
Work Mode: Hybrid
Employment Type: Entry Level
Domain: Software Development
Description: Bluecrest Analytics is seeking a Junior Software Developer for its Software Development team, with assignments focused on customer-facing dashboards. This entry-level position gives early-career candidates hands-on ownership of real product work involving Python, Data Structures, Algorithms. The candidate will collaborate with engineers, complete scoped technical tasks, and present progress during regular reviews. This role is open to candidates whose evidence comes from internships, academic projects, or coursework rather than prior full-time employment.
Responsibilities: Implement product features with test coverage; Debug and resolve defects in existing modules; Write clean, maintainable and testable code; Participate in code reviews and engineering discussions; Take ownership of a scoped feature area involving customer-facing dashboards with support from senior engineers
Required Skills: Python, Data Structures, Algorithms, Git
Preferred Skills: REST APIs, SQL, Linux, Unit Testing, Communication
Qualifications: Strong problem-solving and analytical ability; Ability to work effectively in a team; Basic understanding of software development lifecycle; Able to work with moderate autonomy once ramped up
Experience: No prior professional experience is required; internships, academic projects, or coursework are accepted as evidence of readiness.
Education: Bachelor's degree (completed or final year) in Computer Science, Information Technology, or a related field."
JOB-0229,Junior Python Backend Developer,Emberline Technologies,"Mumbai, Maharashtra",Hybrid,Entry Level,Python Backend,"Emberline Technologies is seeking a Junior Python Backend Developer for its Python Backend team, with assignments focused on an inventory tracking system. This entry-level position gives early-career candidates hands-on ownership of real product work involving Python, SQL, REST APIs. The candidate will collaborate with engineers, complete scoped technical tasks, and present progress during regular reviews. This role is open to candidates whose evidence comes from internships, academic projects, or coursework rather than prior full-time employment.",Build backend APIs for internal and customer-facing features; Integrate relational databases with application services; Validate API inputs and handle errors consistently; Write automated tests and technical documentation; Take ownership of a scoped feature area involving an inventory tracking system with support from senior engineers,"Python, SQL, REST APIs, Git","FastAPI, Flask, PostgreSQL, Docker, Communication",Ability to work effectively in a team; Basic understanding of software development lifecycle; Attention to detail and ownership of assigned tasks; Able to work with moderate autonomy once ramped up,"No prior professional experience is required; internships, academic projects, or coursework are accepted as evidence of readiness.","Bachelor's degree (completed or final year) in Computer Science, Information Technology, or a related field.",synthetic_curated,2026-09-24,"Job Title: Junior Python Backend Developer
Company: Emberline Technologies
Location: Mumbai, Maharashtra
Work Mode: Hybrid
Employment Type: Entry Level
Domain: Python Backend
Description: Emberline Technologies is seeking a Junior Python Backend Developer for its Python Backend team, with assignments focused on an inventory tracking system. This entry-level position gives early-career candidates hands-on ownership of real product work involving Python, SQL, REST APIs. The candidate will collaborate with engineers, complete scoped technical tasks, and present progress during regular reviews. This role is open to candidates whose evidence comes from internships, academic projects, or coursework rather than prior full-time employment.
Responsibilities: Build backend APIs for internal and customer-facing features; Integrate relational databases with application services; Validate API inputs and handle errors consistently; Write automated tests and technical documentation; Take ownership of a scoped feature area involving an inventory tracking system with support from senior engineers
Required Skills: Python, SQL, REST APIs, Git
Preferred Skills: FastAPI, Flask, PostgreSQL, Docker, Communication
Qualifications: Ability to work effectively in a team; Basic understanding of software development lifecycle; Attention to detail and ownership of assigned tasks; Able to work with moderate autonomy once ramped up
Experience: No prior professional experience is required; internships, academic projects, or coursework are accepted as evidence of readiness.
Education: Bachelor's degree (completed or final year) in Computer Science, Information Technology, or a related field."
JOB-0230,Junior Full Stack Developer,TechSprout Solutions,"Hyderabad, Telangana",Hybrid,Entry Level,Full Stack Development,"TechSprout Solutions is seeking a Junior Full Stack Developer for its Full Stack Development team, with assignments focused on an analytics reporting suite. This entry-level position gives early-career candidates hands-on ownership of real product work involving JavaScript, HTML, CSS. The candidate will collaborate with engineers, complete scoped technical tasks, and present progress during regular reviews. This role is open to candidates whose evidence comes from internships, academic projects, or coursework rather than prior full-time employment.",Develop features across frontend and backend modules; Connect application screens to APIs and databases; Troubleshoot integration issues; Document features and support test execution; Take ownership of a scoped feature area involving an analytics reporting suite with support from senior engineers,"JavaScript, HTML, CSS, Git","React, Node.js, MongoDB, REST APIs, Communication",Basic understanding of software development lifecycle; Attention to detail and ownership of assigned tasks; Good written and verbal communication; Able to work with moderate autonomy once ramped up,"No prior professional experience is required; internships, academic projects, or coursework are accepted as evidence of readiness.","Bachelor's degree (completed or final year) in Computer Science, Information Technology, or a related field.",synthetic_curated,2026-09-24,"Job Title: Junior Full Stack Developer
Company: TechSprout Solutions
Location: Hyderabad, Telangana
Work Mode: Hybrid
Employment Type: Entry Level
Domain: Full Stack Development
Description: TechSprout Solutions is seeking a Junior Full Stack Developer for its Full Stack Development team, with assignments focused on an analytics reporting suite. This entry-level position gives early-career candidates hands-on ownership of real product work involving JavaScript, HTML, CSS. The candidate will collaborate with engineers, complete scoped technical tasks, and present progress during regular reviews. This role is open to candidates whose evidence comes from internships, academic projects, or coursework rather than prior full-time employment.
Responsibilities: Develop features across frontend and backend modules; Connect application screens to APIs and databases; Troubleshoot integration issues; Document features and support test execution; Take ownership of a scoped feature area involving an analytics reporting suite with support from senior engineers
Required Skills: JavaScript, HTML, CSS, Git
Preferred Skills: React, Node.js, MongoDB, REST APIs, Communication
Qualifications: Basic understanding of software development lifecycle; Attention to detail and ownership of assigned tasks; Good written and verbal communication; Able to work with moderate autonomy once ramped up
Experience: No prior professional experience is required; internships, academic projects, or coursework are accepted as evidence of readiness.
Education: Bachelor's degree (completed or final year) in Computer Science, Information Technology, or a related field."
JOB-0231,Junior Machine Learning Developer,Graymatter Analytics,"Ahmedabad, Gujarat",On-site,Entry Level,Machine Learning,"Graymatter Analytics is seeking a Junior Machine Learning Developer for its Machine Learning team, with assignments focused on a cloud monitoring product. This entry-level position gives early-career candidates hands-on ownership of real product work involving Python, Machine Learning, NumPy. The candidate will collaborate with engineers, complete scoped technical tasks, and present progress during regular reviews. This role is open to candidates whose evidence comes from internships, academic projects, or coursework rather than prior full-time employment.",Prepare datasets for model training; Train and evaluate machine-learning models; Compare model performance using suitable metrics; Document experiments and model limitations; Take ownership of a scoped feature area involving a cloud monitoring product with support from senior engineers,"Python, Machine Learning, NumPy, Pandas","Scikit-learn, TensorFlow, PyTorch, Model Evaluation, Communication",Attention to detail and ownership of assigned tasks; Good written and verbal communication; Willingness to learn unfamiliar technologies; Able to work with moderate autonomy once ramped up,"No prior professional experience is required; internships, academic projects, or coursework are accepted as evidence of readiness.","Bachelor's degree (completed or final year) in Computer Science, Information Technology, or a related field.",synthetic_curated,2026-09-25,"Job Title: Junior Machine Learning Developer
Company: Graymatter Analytics
Location: Ahmedabad, Gujarat
Work Mode: On-site
Employment Type: Entry Level
Domain: Machine Learning
Description: Graymatter Analytics is seeking a Junior Machine Learning Developer for its Machine Learning team, with assignments focused on a cloud monitoring product. This entry-level position gives early-career candidates hands-on ownership of real product work involving Python, Machine Learning, NumPy. The candidate will collaborate with engineers, complete scoped technical tasks, and present progress during regular reviews. This role is open to candidates whose evidence comes from internships, academic projects, or coursework rather than prior full-time employment.
Responsibilities: Prepare datasets for model training; Train and evaluate machine-learning models; Compare model performance using suitable metrics; Document experiments and model limitations; Take ownership of a scoped feature area involving a cloud monitoring product with support from senior engineers
Required Skills: Python, Machine Learning, NumPy, Pandas
Preferred Skills: Scikit-learn, TensorFlow, PyTorch, Model Evaluation, Communication
Qualifications: Attention to detail and ownership of assigned tasks; Good written and verbal communication; Willingness to learn unfamiliar technologies; Able to work with moderate autonomy once ramped up
Experience: No prior professional experience is required; internships, academic projects, or coursework are accepted as evidence of readiness.
Education: Bachelor's degree (completed or final year) in Computer Science, Information Technology, or a related field."
JOB-0232,Junior Data Analytics Developer,Aurorapeak Technologies,"Chennai, Tamil Nadu",On-site,Entry Level,Data Analytics,"Aurorapeak Technologies is seeking a Junior Data Analytics Developer for its Data Analytics team, with assignments focused on an enterprise reporting solution. This entry-level position gives early-career candidates hands-on ownership of real product work involving SQL, Excel, Data Analysis. The candidate will collaborate with engineers, complete scoped technical tasks, and present progress during regular reviews. This role is open to candidates whose evidence comes from internships, academic projects, or coursework rather than prior full-time employment.",Query and summarize business data; Create dashboards and recurring reports; Validate data quality and investigate anomalies; Present actionable insights to stakeholders; Take ownership of a scoped feature area involving an enterprise reporting solution with support from senior engineers,"SQL, Excel, Data Analysis, Statistics","Power BI, Tableau, Python, Data Visualization, Communication",Good written and verbal communication; Willingness to learn unfamiliar technologies; Ability to explain technical decisions clearly; Able to work with moderate autonomy once ramped up,"No prior professional experience is required; internships, academic projects, or coursework are accepted as evidence of readiness.","Bachelor's degree (completed or final year) in Computer Science, Information Technology, or a related field.",synthetic_curated,2026-09-25,"Job Title: Junior Data Analytics Developer
Company: Aurorapeak Technologies
Location: Chennai, Tamil Nadu
Work Mode: On-site
Employment Type: Entry Level
Domain: Data Analytics
Description: Aurorapeak Technologies is seeking a Junior Data Analytics Developer for its Data Analytics team, with assignments focused on an enterprise reporting solution. This entry-level position gives early-career candidates hands-on ownership of real product work involving SQL, Excel, Data Analysis. The candidate will collaborate with engineers, complete scoped technical tasks, and present progress during regular reviews. This role is open to candidates whose evidence comes from internships, academic projects, or coursework rather than prior full-time employment.
Responsibilities: Query and summarize business data; Create dashboards and recurring reports; Validate data quality and investigate anomalies; Present actionable insights to stakeholders; Take ownership of a scoped feature area involving an enterprise reporting solution with support from senior engineers
Required Skills: SQL, Excel, Data Analysis, Statistics
Preferred Skills: Power BI, Tableau, Python, Data Visualization, Communication
Qualifications: Good written and verbal communication; Willingness to learn unfamiliar technologies; Ability to explain technical decisions clearly; Able to work with moderate autonomy once ramped up
Experience: No prior professional experience is required; internships, academic projects, or coursework are accepted as evidence of readiness.
Education: Bachelor's degree (completed or final year) in Computer Science, Information Technology, or a related field."
JOB-0233,Junior DevOps Developer,PixelForge Systems,"Hyderabad, Telangana",On-site,Entry Level,DevOps,"PixelForge Systems is seeking a Junior DevOps Developer for its DevOps team, with assignments focused on a payments reconciliation system. This entry-level position gives early-career candidates hands-on ownership of real product work involving Linux, Git, Scripting. The candidate will collaborate with engineers, complete scoped technical tasks, and present progress during regular reviews. This role is open to candidates whose evidence comes from internships, academic projects, or coursework rather than prior full-time employment.",Maintain CI/CD workflows; Automate repetitive engineering tasks; Assist with containerized application deployments; Monitor build and deployment health; Take ownership of a scoped feature area involving a payments reconciliation system with support from senior engineers,"Linux, Git, Scripting, Networking","Docker, Jenkins, GitHub Actions, Kubernetes, Communication",Willingness to learn unfamiliar technologies; Ability to explain technical decisions clearly; Strong problem-solving and analytical ability; Able to work with moderate autonomy once ramped up,"No prior professional experience is required; internships, academic projects, or coursework are accepted as evidence of readiness.","Bachelor's degree (completed or final year) in Computer Science, Information Technology, or a related field.",synthetic_curated,2026-09-25,"Job Title: Junior DevOps Developer
Company: PixelForge Systems
Location: Hyderabad, Telangana
Work Mode: On-site
Employment Type: Entry Level
Domain: DevOps
Description: PixelForge Systems is seeking a Junior DevOps Developer for its DevOps team, with assignments focused on a payments reconciliation system. This entry-level position gives early-career candidates hands-on ownership of real product work involving Linux, Git, Scripting. The candidate will collaborate with engineers, complete scoped technical tasks, and present progress during regular reviews. This role is open to candidates whose evidence comes from internships, academic projects, or coursework rather than prior full-time employment.
Responsibilities: Maintain CI/CD workflows; Automate repetitive engineering tasks; Assist with containerized application deployments; Monitor build and deployment health; Take ownership of a scoped feature area involving a payments reconciliation system with support from senior engineers
Required Skills: Linux, Git, Scripting, Networking
Preferred Skills: Docker, Jenkins, GitHub Actions, Kubernetes, Communication
Qualifications: Willingness to learn unfamiliar technologies; Ability to explain technical decisions clearly; Strong problem-solving and analytical ability; Able to work with moderate autonomy once ramped up
Experience: No prior professional experience is required; internships, academic projects, or coursework are accepted as evidence of readiness.
Education: Bachelor's degree (completed or final year) in Computer Science, Information Technology, or a related field."
JOB-0234,Junior Database Developer,SignalPeak Systems,"Bengaluru, Karnataka",On-site,Entry Level,Database / SQL,"SignalPeak Systems is seeking a Junior Database Developer for its Database / SQL team, with assignments focused on a payments reconciliation system. This entry-level position gives early-career candidates hands-on ownership of real product work involving SQL, DBMS, Database Design. The candidate will collaborate with engineers, complete scoped technical tasks, and present progress during regular reviews. This role is open to candidates whose evidence comes from internships, academic projects, or coursework rather than prior full-time employment.",Write and review SQL queries; Support schema design and data migration tasks; Investigate data quality issues; Assist with database performance analysis; Take ownership of a scoped feature area involving a payments reconciliation system with support from senior engineers,"SQL, DBMS, Database Design, Data Modeling","PostgreSQL, MySQL, Python, Query Optimization, Communication",Ability to explain technical decisions clearly; Strong problem-solving and analytical ability; Ability to work effectively in a team; Able to work with moderate autonomy once ramped up,"No prior professional experience is required; internships, academic projects, or coursework are accepted as evidence of readiness.","Bachelor's degree (completed or final year) in Computer Science, Information Technology, or a related field.",synthetic_curated,2026-09-26,"Job Title: Junior Database Developer
Company: SignalPeak Systems
Location: Bengaluru, Karnataka
Work Mode: On-site
Employment Type: Entry Level
Domain: Database / SQL
Description: SignalPeak Systems is seeking a Junior Database Developer for its Database / SQL team, with assignments focused on a payments reconciliation system. This entry-level position gives early-career candidates hands-on ownership of real product work involving SQL, DBMS, Database Design. The candidate will collaborate with engineers, complete scoped technical tasks, and present progress during regular reviews. This role is open to candidates whose evidence comes from internships, academic projects, or coursework rather than prior full-time employment.
Responsibilities: Write and review SQL queries; Support schema design and data migration tasks; Investigate data quality issues; Assist with database performance analysis; Take ownership of a scoped feature area involving a payments reconciliation system with support from senior engineers
Required Skills: SQL, DBMS, Database Design, Data Modeling
Preferred Skills: PostgreSQL, MySQL, Python, Query Optimization, Communication
Qualifications: Ability to explain technical decisions clearly; Strong problem-solving and analytical ability; Ability to work effectively in a team; Able to work with moderate autonomy once ramped up
Experience: No prior professional experience is required; internships, academic projects, or coursework are accepted as evidence of readiness.
Education: Bachelor's degree (completed or final year) in Computer Science, Information Technology, or a related field."
JOB-0235,Junior Mobile Developer,Meridian Byte Systems,"Kolkata, West Bengal",Hybrid,Entry Level,Mobile Development,"Meridian Byte Systems is seeking a Junior Mobile Developer for its Mobile Development team, with assignments focused on internal productivity tools. This entry-level position gives early-career candidates hands-on ownership of real product work involving Programming Fundamentals, OOP, Git. The candidate will collaborate with engineers, complete scoped technical tasks, and present progress during regular reviews. This role is open to candidates whose evidence comes from internships, academic projects, or coursework rather than prior full-time employment.",Implement mobile application screens and features; Integrate mobile apps with backend APIs; Fix UI and functional defects; Test features across supported devices; Take ownership of a scoped feature area involving internal productivity tools with support from senior engineers,"Programming Fundamentals, OOP, Git, Mobile Development","Kotlin, Flutter, Dart, REST APIs, Communication",Strong problem-solving and analytical ability; Ability to work effectively in a team; Basic understanding of software development lifecycle; Able to work with moderate autonomy once ramped up,"No prior professional experience is required; internships, academic projects, or coursework are accepted as evidence of readiness.","Bachelor's degree (completed or final year) in Computer Science, Information Technology, or a related field.",synthetic_curated,2026-09-26,"Job Title: Junior Mobile Developer
Company: Meridian Byte Systems
Location: Kolkata, West Bengal
Work Mode: Hybrid
Employment Type: Entry Level
Domain: Mobile Development
Description: Meridian Byte Systems is seeking a Junior Mobile Developer for its Mobile Development team, with assignments focused on internal productivity tools. This entry-level position gives early-career candidates hands-on ownership of real product work involving Programming Fundamentals, OOP, Git. The candidate will collaborate with engineers, complete scoped technical tasks, and present progress during regular reviews. This role is open to candidates whose evidence comes from internships, academic projects, or coursework rather than prior full-time employment.
Responsibilities: Implement mobile application screens and features; Integrate mobile apps with backend APIs; Fix UI and functional defects; Test features across supported devices; Take ownership of a scoped feature area involving internal productivity tools with support from senior engineers
Required Skills: Programming Fundamentals, OOP, Git, Mobile Development
Preferred Skills: Kotlin, Flutter, Dart, REST APIs, Communication
Qualifications: Strong problem-solving and analytical ability; Ability to work effectively in a team; Basic understanding of software development lifecycle; Able to work with moderate autonomy once ramped up
Experience: No prior professional experience is required; internships, academic projects, or coursework are accepted as evidence of readiness.
Education: Bachelor's degree (completed or final year) in Computer Science, Information Technology, or a related field."
JOB-0236,Junior Java Backend Developer,Solara Tech Solutions,"Remote, India",Remote,Entry Level,Java Backend,"Solara Tech Solutions is seeking a Junior Java Backend Developer for its Java Backend team, with assignments focused on an internal data pipeline. This entry-level position gives early-career candidates hands-on ownership of real product work involving Java, OOP, SQL. The candidate will collaborate with engineers, complete scoped technical tasks, and present progress during regular reviews. This role is open to candidates whose evidence comes from internships, academic projects, or coursework rather than prior full-time employment.",Develop and maintain backend services; Create REST endpoints and integrate databases; Write unit tests for service-layer code; Assist with debugging and performance improvements; Take ownership of a scoped feature area involving an internal data pipeline with support from senior engineers,"Java, OOP, SQL, Git","Spring Boot, REST APIs, Maven, PostgreSQL, Communication",Good written and verbal communication; Willingness to learn unfamiliar technologies; Ability to explain technical decisions clearly; Able to work with moderate autonomy once ramped up,"No prior professional experience is required; internships, academic projects, or coursework are accepted as evidence of readiness.","Bachelor's degree (completed or final year) in Computer Science, Information Technology, or a related field.",synthetic_curated,2026-09-26,"Job Title: Junior Java Backend Developer
Company: Solara Tech Solutions
Location: Remote, India
Work Mode: Remote
Employment Type: Entry Level
Domain: Java Backend
Description: Solara Tech Solutions is seeking a Junior Java Backend Developer for its Java Backend team, with assignments focused on an internal data pipeline. This entry-level position gives early-career candidates hands-on ownership of real product work involving Java, OOP, SQL. The candidate will collaborate with engineers, complete scoped technical tasks, and present progress during regular reviews. This role is open to candidates whose evidence comes from internships, academic projects, or coursework rather than prior full-time employment.
Responsibilities: Develop and maintain backend services; Create REST endpoints and integrate databases; Write unit tests for service-layer code; Assist with debugging and performance improvements; Take ownership of a scoped feature area involving an internal data pipeline with support from senior engineers
Required Skills: Java, OOP, SQL, Git
Preferred Skills: Spring Boot, REST APIs, Maven, PostgreSQL, Communication
Qualifications: Good written and verbal communication; Willingness to learn unfamiliar technologies; Ability to explain technical decisions clearly; Able to work with moderate autonomy once ramped up
Experience: No prior professional experience is required; internships, academic projects, or coursework are accepted as evidence of readiness.
Education: Bachelor's degree (completed or final year) in Computer Science, Information Technology, or a related field."
JOB-0237,Junior Frontend Developer,OrbitCraft Software,"Pune, Maharashtra",On-site,Entry Level,Frontend Development,"OrbitCraft Software is seeking a Junior Frontend Developer for its Frontend Development team, with assignments focused on a content management platform. This entry-level position gives early-career candidates hands-on ownership of real product work involving HTML, CSS, JavaScript. The candidate will collaborate with engineers, complete scoped technical tasks, and present progress during regular reviews. This role is open to candidates whose evidence comes from internships, academic projects, or coursework rather than prior full-time employment.",Build responsive user interface components; Integrate frontend screens with REST services; Fix UI bugs and improve accessibility; Collaborate with designers and backend developers; Take ownership of a scoped feature area involving a content management platform with support from senior engineers,"HTML, CSS, JavaScript, Git","React, TypeScript, Responsive Design, REST APIs, Communication",Willingness to learn unfamiliar technologies; Ability to explain technical decisions clearly; Strong problem-solving and analytical ability; Able to work with moderate autonomy once ramped up,"No prior professional experience is required; internships, academic projects, or coursework are accepted as evidence of readiness.","Bachelor's degree (completed or final year) in Computer Science, Information Technology, or a related field.",synthetic_curated,2026-09-27,"Job Title: Junior Frontend Developer
Company: OrbitCraft Software
Location: Pune, Maharashtra
Work Mode: On-site
Employment Type: Entry Level
Domain: Frontend Development
Description: OrbitCraft Software is seeking a Junior Frontend Developer for its Frontend Development team, with assignments focused on a content management platform. This entry-level position gives early-career candidates hands-on ownership of real product work involving HTML, CSS, JavaScript. The candidate will collaborate with engineers, complete scoped technical tasks, and present progress during regular reviews. This role is open to candidates whose evidence comes from internships, academic projects, or coursework rather than prior full-time employment.
Responsibilities: Build responsive user interface components; Integrate frontend screens with REST services; Fix UI bugs and improve accessibility; Collaborate with designers and backend developers; Take ownership of a scoped feature area involving a content management platform with support from senior engineers
Required Skills: HTML, CSS, JavaScript, Git
Preferred Skills: React, TypeScript, Responsive Design, REST APIs, Communication
Qualifications: Willingness to learn unfamiliar technologies; Ability to explain technical decisions clearly; Strong problem-solving and analytical ability; Able to work with moderate autonomy once ramped up
Experience: No prior professional experience is required; internships, academic projects, or coursework are accepted as evidence of readiness.
Education: Bachelor's degree (completed or final year) in Computer Science, Information Technology, or a related field."
JOB-0238,Junior Data Science Developer,Wrenfield Technologies,"Hyderabad, Telangana",On-site,Entry Level,Data Science,"Wrenfield Technologies is seeking a Junior Data Science Developer for its Data Science team, with assignments focused on customer-facing dashboards. This entry-level position gives early-career candidates hands-on ownership of real product work involving Python, Pandas, Statistics. The candidate will collaborate with engineers, complete scoped technical tasks, and present progress during regular reviews. This role is open to candidates whose evidence comes from internships, academic projects, or coursework rather than prior full-time employment.",Clean and analyze structured datasets; Build baseline predictive models; Create exploratory analysis and visualizations; Communicate findings through concise reports; Take ownership of a scoped feature area involving customer-facing dashboards with support from senior engineers,"Python, Pandas, Statistics, SQL","NumPy, Scikit-learn, Matplotlib, Jupyter, Communication",Ability to explain technical decisions clearly; Strong problem-solving and analytical ability; Ability to work effectively in a team; Able to work with moderate autonomy once ramped up,"No prior professional experience is required; internships, academic projects, or coursework are accepted as evidence of readiness.","Bachelor's degree (completed or final year) in Computer Science, Information Technology, or a related field.",synthetic_curated,2026-09-27,"Job Title: Junior Data Science Developer
Company: Wrenfield Technologies
Location: Hyderabad, Telangana
Work Mode: On-site
Employment Type: Entry Level
Domain: Data Science
Description: Wrenfield Technologies is seeking a Junior Data Science Developer for its Data Science team, with assignments focused on customer-facing dashboards. This entry-level position gives early-career candidates hands-on ownership of real product work involving Python, Pandas, Statistics. The candidate will collaborate with engineers, complete scoped technical tasks, and present progress during regular reviews. This role is open to candidates whose evidence comes from internships, academic projects, or coursework rather than prior full-time employment.
Responsibilities: Clean and analyze structured datasets; Build baseline predictive models; Create exploratory analysis and visualizations; Communicate findings through concise reports; Take ownership of a scoped feature area involving customer-facing dashboards with support from senior engineers
Required Skills: Python, Pandas, Statistics, SQL
Preferred Skills: NumPy, Scikit-learn, Matplotlib, Jupyter, Communication
Qualifications: Ability to explain technical decisions clearly; Strong problem-solving and analytical ability; Ability to work effectively in a team; Able to work with moderate autonomy once ramped up
Experience: No prior professional experience is required; internships, academic projects, or coursework are accepted as evidence of readiness.
Education: Bachelor's degree (completed or final year) in Computer Science, Information Technology, or a related field."
JOB-0239,Junior NLP Developer,Stonegate Digital,"Ahmedabad, Gujarat",On-site,Entry Level,Generative AI / NLP,"Stonegate Digital is seeking a Junior NLP Developer for its Generative AI / NLP team, with assignments focused on internal productivity tools. This entry-level position gives early-career candidates hands-on ownership of real product work involving Python, NLP, Machine Learning. The candidate will collaborate with engineers, complete scoped technical tasks, and present progress during regular reviews. This role is open to candidates whose evidence comes from internships, academic projects, or coursework rather than prior full-time employment.",Prototype NLP or retrieval-based applications; Prepare and preprocess text datasets; Evaluate retrieval and generation quality; Document experiments and technical findings; Take ownership of a scoped feature area involving internal productivity tools with support from senior engineers,"Python, NLP, Machine Learning, Git","Transformers, Embeddings, Vector Databases, RAG, Communication",Strong problem-solving and analytical ability; Ability to work effectively in a team; Basic understanding of software development lifecycle; Able to work with moderate autonomy once ramped up,"No prior professional experience is required; internships, academic projects, or coursework are accepted as evidence of readiness.","Bachelor's degree (completed or final year) in Computer Science, Information Technology, or a related field.",synthetic_curated,2026-09-27,"Job Title: Junior NLP Developer
Company: Stonegate Digital
Location: Ahmedabad, Gujarat
Work Mode: On-site
Employment Type: Entry Level
Domain: Generative AI / NLP
Description: Stonegate Digital is seeking a Junior NLP Developer for its Generative AI / NLP team, with assignments focused on internal productivity tools. This entry-level position gives early-career candidates hands-on ownership of real product work involving Python, NLP, Machine Learning. The candidate will collaborate with engineers, complete scoped technical tasks, and present progress during regular reviews. This role is open to candidates whose evidence comes from internships, academic projects, or coursework rather than prior full-time employment.
Responsibilities: Prototype NLP or retrieval-based applications; Prepare and preprocess text datasets; Evaluate retrieval and generation quality; Document experiments and technical findings; Take ownership of a scoped feature area involving internal productivity tools with support from senior engineers
Required Skills: Python, NLP, Machine Learning, Git
Preferred Skills: Transformers, Embeddings, Vector Databases, RAG, Communication
Qualifications: Strong problem-solving and analytical ability; Ability to work effectively in a team; Basic understanding of software development lifecycle; Able to work with moderate autonomy once ramped up
Experience: No prior professional experience is required; internships, academic projects, or coursework are accepted as evidence of readiness.
Education: Bachelor's degree (completed or final year) in Computer Science, Information Technology, or a related field."
JOB-0240,Junior Cloud Developer,LogicBloom Labs,"Pune, Maharashtra",Hybrid,Entry Level,Cloud Computing,"LogicBloom Labs is seeking a Junior Cloud Developer for its Cloud Computing team, with assignments focused on an inventory tracking system. This entry-level position gives early-career candidates hands-on ownership of real product work involving Linux, Networking, Cloud Fundamentals. The candidate will collaborate with engineers, complete scoped technical tasks, and present progress during regular reviews. This role is open to candidates whose evidence comes from internships, academic projects, or coursework rather than prior full-time employment.",Support cloud environment configuration; Assist with deployment and monitoring activities; Document infrastructure and operational procedures; Automate routine cloud administration tasks; Take ownership of a scoped feature area involving an inventory tracking system with support from senior engineers,"Linux, Networking, Cloud Fundamentals, Git","AWS, Docker, Terraform, Python, Communication",Ability to work effectively in a team; Basic understanding of software development lifecycle; Attention to detail and ownership of assigned tasks; Able to work with moderate autonomy once ramped up,"No prior professional experience is required; internships, academic projects, or coursework are accepted as evidence of readiness.","Bachelor's degree (completed or final year) in Computer Science, Information Technology, or a related field.",synthetic_curated,2026-09-28,"Job Title: Junior Cloud Developer
Company: LogicBloom Labs
Location: Pune, Maharashtra
Work Mode: Hybrid
Employment Type: Entry Level
Domain: Cloud Computing
Description: LogicBloom Labs is seeking a Junior Cloud Developer for its Cloud Computing team, with assignments focused on an inventory tracking system. This entry-level position gives early-career candidates hands-on ownership of real product work involving Linux, Networking, Cloud Fundamentals. The candidate will collaborate with engineers, complete scoped technical tasks, and present progress during regular reviews. This role is open to candidates whose evidence comes from internships, academic projects, or coursework rather than prior full-time employment.
Responsibilities: Support cloud environment configuration; Assist with deployment and monitoring activities; Document infrastructure and operational procedures; Automate routine cloud administration tasks; Take ownership of a scoped feature area involving an inventory tracking system with support from senior engineers
Required Skills: Linux, Networking, Cloud Fundamentals, Git
Preferred Skills: AWS, Docker, Terraform, Python, Communication
Qualifications: Ability to work effectively in a team; Basic understanding of software development lifecycle; Attention to detail and ownership of assigned tasks; Able to work with moderate autonomy once ramped up
Experience: No prior professional experience is required; internships, academic projects, or coursework are accepted as evidence of readiness.
Education: Bachelor's degree (completed or final year) in Computer Science, Information Technology, or a related field."
JOB-0241,Junior Security Developer,QuantumLeaf Technologies,"Kolkata, West Bengal",Hybrid,Entry Level,Cybersecurity,"QuantumLeaf Technologies is seeking a Junior Security Developer for its Cybersecurity team, with assignments focused on a payments reconciliation system. This entry-level position gives early-career candidates hands-on ownership of real product work involving Networking, Linux, Cybersecurity Fundamentals. The candidate will collaborate with engineers, complete scoped technical tasks, and present progress during regular reviews. This role is open to candidates whose evidence comes from internships, academic projects, or coursework rather than prior full-time employment.",Review security alerts and identify suspicious activity; Assist with vulnerability assessments; Document incidents and remediation recommendations; Support secure configuration reviews; Take ownership of a scoped feature area involving a payments reconciliation system with support from senior engineers,"Networking, Linux, Cybersecurity Fundamentals, Security Concepts","SIEM, Python, OWASP, Incident Response, Communication",Basic understanding of software development lifecycle; Attention to detail and ownership of assigned tasks; Good written and verbal communication; Able to work with moderate autonomy once ramped up,"No prior professional experience is required; internships, academic projects, or coursework are accepted as evidence of readiness.","Bachelor's degree (completed or final year) in Computer Science, Information Technology, or a related field.",synthetic_curated,2026-09-28,"Job Title: Junior Security Developer
Company: QuantumLeaf Technologies
Location: Kolkata, West Bengal
Work Mode: Hybrid
Employment Type: Entry Level
Domain: Cybersecurity
Description: QuantumLeaf Technologies is seeking a Junior Security Developer for its Cybersecurity team, with assignments focused on a payments reconciliation system. This entry-level position gives early-career candidates hands-on ownership of real product work involving Networking, Linux, Cybersecurity Fundamentals. The candidate will collaborate with engineers, complete scoped technical tasks, and present progress during regular reviews. This role is open to candidates whose evidence comes from internships, academic projects, or coursework rather than prior full-time employment.
Responsibilities: Review security alerts and identify suspicious activity; Assist with vulnerability assessments; Document incidents and remediation recommendations; Support secure configuration reviews; Take ownership of a scoped feature area involving a payments reconciliation system with support from senior engineers
Required Skills: Networking, Linux, Cybersecurity Fundamentals, Security Concepts
Preferred Skills: SIEM, Python, OWASP, Incident Response, Communication
Qualifications: Basic understanding of software development lifecycle; Attention to detail and ownership of assigned tasks; Good written and verbal communication; Able to work with moderate autonomy once ramped up
Experience: No prior professional experience is required; internships, academic projects, or coursework are accepted as evidence of readiness.
Education: Bachelor's degree (completed or final year) in Computer Science, Information Technology, or a related field."
JOB-0242,Junior QA Developer,Driftstone Labs,"Pune, Maharashtra",On-site,Entry Level,Software Testing / QA,"Driftstone Labs is seeking a Junior QA Developer for its Software Testing / QA team, with assignments focused on an inventory tracking system. This entry-level position gives early-career candidates hands-on ownership of real product work involving Software Testing, Test Cases, Bug Tracking. The candidate will collaborate with engineers, complete scoped technical tasks, and present progress during regular reviews. This role is open to candidates whose evidence comes from internships, academic projects, or coursework rather than prior full-time employment.",Create and execute functional test cases; Report defects with reproducible steps; Perform API and regression testing; Contribute to basic test automation; Take ownership of a scoped feature area involving an inventory tracking system with support from senior engineers,"Software Testing, Test Cases, Bug Tracking, SDLC","Selenium, Python, Postman, API Testing, Communication",Attention to detail and ownership of assigned tasks; Good written and verbal communication; Willingness to learn unfamiliar technologies; Able to work with moderate autonomy once ramped up,"No prior professional experience is required; internships, academic projects, or coursework are accepted as evidence of readiness.","Bachelor's degree (completed or final year) in Computer Science, Information Technology, or a related field.",synthetic_curated,2026-09-28,"Job Title: Junior QA Developer
Company: Driftstone Labs
Location: Pune, Maharashtra
Work Mode: On-site
Employment Type: Entry Level
Domain: Software Testing / QA
Description: Driftstone Labs is seeking a Junior QA Developer for its Software Testing / QA team, with assignments focused on an inventory tracking system. This entry-level position gives early-career candidates hands-on ownership of real product work involving Software Testing, Test Cases, Bug Tracking. The candidate will collaborate with engineers, complete scoped technical tasks, and present progress during regular reviews. This role is open to candidates whose evidence comes from internships, academic projects, or coursework rather than prior full-time employment.
Responsibilities: Create and execute functional test cases; Report defects with reproducible steps; Perform API and regression testing; Contribute to basic test automation; Take ownership of a scoped feature area involving an inventory tracking system with support from senior engineers
Required Skills: Software Testing, Test Cases, Bug Tracking, SDLC
Preferred Skills: Selenium, Python, Postman, API Testing, Communication
Qualifications: Attention to detail and ownership of assigned tasks; Good written and verbal communication; Willingness to learn unfamiliar technologies; Able to work with moderate autonomy once ramped up
Experience: No prior professional experience is required; internships, academic projects, or coursework are accepted as evidence of readiness.
Education: Bachelor's degree (completed or final year) in Computer Science, Information Technology, or a related field."
JOB-0243,Junior Software Developer,Northlight Systems,"Pune, Maharashtra",On-site,Entry Level,Software Development,"Northlight Systems is seeking a Junior Software Developer for its Software Development team, with assignments focused on a payments reconciliation system. This entry-level position gives early-career candidates hands-on ownership of real product work involving Python, Data Structures, Algorithms. The candidate will collaborate with engineers, complete scoped technical tasks, and present progress during regular reviews. This role is open to candidates whose evidence comes from internships, academic projects, or coursework rather than prior full-time employment.","Implement product features with test coverage; Debug and resolve defects in existing modules; Write clean, maintainable and testable code; Participate in code reviews and engineering discussions; Take ownership of a scoped feature area involving a payments reconciliation system with support from senior engineers","Python, Data Structures, Algorithms, Git","REST APIs, SQL, Linux, Unit Testing, Communication",Strong problem-solving and analytical ability; Ability to work effectively in a team; Basic understanding of software development lifecycle; Able to work with moderate autonomy once ramped up,"No prior professional experience is required; internships, academic projects, or coursework are accepted as evidence of readiness.","Bachelor's degree (completed or final year) in Computer Science, Information Technology, or a related field.",synthetic_curated,2026-09-29,"Job Title: Junior Software Developer
Company: Northlight Systems
Location: Pune, Maharashtra
Work Mode: On-site
Employment Type: Entry Level
Domain: Software Development
Description: Northlight Systems is seeking a Junior Software Developer for its Software Development team, with assignments focused on a payments reconciliation system. This entry-level position gives early-career candidates hands-on ownership of real product work involving Python, Data Structures, Algorithms. The candidate will collaborate with engineers, complete scoped technical tasks, and present progress during regular reviews. This role is open to candidates whose evidence comes from internships, academic projects, or coursework rather than prior full-time employment.
Responsibilities: Implement product features with test coverage; Debug and resolve defects in existing modules; Write clean, maintainable and testable code; Participate in code reviews and engineering discussions; Take ownership of a scoped feature area involving a payments reconciliation system with support from senior engineers
Required Skills: Python, Data Structures, Algorithms, Git
Preferred Skills: REST APIs, SQL, Linux, Unit Testing, Communication
Qualifications: Strong problem-solving and analytical ability; Ability to work effectively in a team; Basic understanding of software development lifecycle; Able to work with moderate autonomy once ramped up
Experience: No prior professional experience is required; internships, academic projects, or coursework are accepted as evidence of readiness.
Education: Bachelor's degree (completed or final year) in Computer Science, Information Technology, or a related field."
JOB-0244,Junior Python Backend Developer,Fernbridge Software,"Mumbai, Maharashtra",Hybrid,Entry Level,Python Backend,"Fernbridge Software is seeking a Junior Python Backend Developer for its Python Backend team, with assignments focused on a mobile-first user experience. This entry-level position gives early-career candidates hands-on ownership of real product work involving Python, SQL, REST APIs. The candidate will collaborate with engineers, complete scoped technical tasks, and present progress during regular reviews. This role is open to candidates whose evidence comes from internships, academic projects, or coursework rather than prior full-time employment.",Build backend APIs for internal and customer-facing features; Integrate relational databases with application services; Validate API inputs and handle errors consistently; Write automated tests and technical documentation; Take ownership of a scoped feature area involving a mobile-first user experience with support from senior engineers,"Python, SQL, REST APIs, Git","FastAPI, Flask, PostgreSQL, Docker, Communication",Ability to work effectively in a team; Basic understanding of software development lifecycle; Attention to detail and ownership of assigned tasks; Able to work with moderate autonomy once ramped up,"No prior professional experience is required; internships, academic projects, or coursework are accepted as evidence of readiness.","Bachelor's degree (completed or final year) in Computer Science, Information Technology, or a related field.",synthetic_curated,2026-09-29,"Job Title: Junior Python Backend Developer
Company: Fernbridge Software
Location: Mumbai, Maharashtra
Work Mode: Hybrid
Employment Type: Entry Level
Domain: Python Backend
Description: Fernbridge Software is seeking a Junior Python Backend Developer for its Python Backend team, with assignments focused on a mobile-first user experience. This entry-level position gives early-career candidates hands-on ownership of real product work involving Python, SQL, REST APIs. The candidate will collaborate with engineers, complete scoped technical tasks, and present progress during regular reviews. This role is open to candidates whose evidence comes from internships, academic projects, or coursework rather than prior full-time employment.
Responsibilities: Build backend APIs for internal and customer-facing features; Integrate relational databases with application services; Validate API inputs and handle errors consistently; Write automated tests and technical documentation; Take ownership of a scoped feature area involving a mobile-first user experience with support from senior engineers
Required Skills: Python, SQL, REST APIs, Git
Preferred Skills: FastAPI, Flask, PostgreSQL, Docker, Communication
Qualifications: Ability to work effectively in a team; Basic understanding of software development lifecycle; Attention to detail and ownership of assigned tasks; Able to work with moderate autonomy once ramped up
Experience: No prior professional experience is required; internships, academic projects, or coursework are accepted as evidence of readiness.
Education: Bachelor's degree (completed or final year) in Computer Science, Information Technology, or a related field."
JOB-0245,Junior Full Stack Developer,CodeHarbor Labs,"Chennai, Tamil Nadu",Hybrid,Entry Level,Full Stack Development,"CodeHarbor Labs is seeking a Junior Full Stack Developer for its Full Stack Development team, with assignments focused on an analytics reporting suite. This entry-level position gives early-career candidates hands-on ownership of real product work involving JavaScript, HTML, CSS. The candidate will collaborate with engineers, complete scoped technical tasks, and present progress during regular reviews. This role is open to candidates whose evidence comes from internships, academic projects, or coursework rather than prior full-time employment.",Develop features across frontend and backend modules; Connect application screens to APIs and databases; Troubleshoot integration issues; Document features and support test execution; Take ownership of a scoped feature area involving an analytics reporting suite with support from senior engineers,"JavaScript, HTML, CSS, Git","React, Node.js, MongoDB, REST APIs, Communication",Basic understanding of software development lifecycle; Attention to detail and ownership of assigned tasks; Good written and verbal communication; Able to work with moderate autonomy once ramped up,"No prior professional experience is required; internships, academic projects, or coursework are accepted as evidence of readiness.","Bachelor's degree (completed or final year) in Computer Science, Information Technology, or a related field.",synthetic_curated,2026-09-29,"Job Title: Junior Full Stack Developer
Company: CodeHarbor Labs
Location: Chennai, Tamil Nadu
Work Mode: Hybrid
Employment Type: Entry Level
Domain: Full Stack Development
Description: CodeHarbor Labs is seeking a Junior Full Stack Developer for its Full Stack Development team, with assignments focused on an analytics reporting suite. This entry-level position gives early-career candidates hands-on ownership of real product work involving JavaScript, HTML, CSS. The candidate will collaborate with engineers, complete scoped technical tasks, and present progress during regular reviews. This role is open to candidates whose evidence comes from internships, academic projects, or coursework rather than prior full-time employment.
Responsibilities: Develop features across frontend and backend modules; Connect application screens to APIs and databases; Troubleshoot integration issues; Document features and support test execution; Take ownership of a scoped feature area involving an analytics reporting suite with support from senior engineers
Required Skills: JavaScript, HTML, CSS, Git
Preferred Skills: React, Node.js, MongoDB, REST APIs, Communication
Qualifications: Basic understanding of software development lifecycle; Attention to detail and ownership of assigned tasks; Good written and verbal communication; Able to work with moderate autonomy once ramped up
Experience: No prior professional experience is required; internships, academic projects, or coursework are accepted as evidence of readiness.
Education: Bachelor's degree (completed or final year) in Computer Science, Information Technology, or a related field."
JOB-0246,Junior Machine Learning Developer,InsightMesh Analytics,"Kochi, Kerala",On-site,Entry Level,Machine Learning,"InsightMesh Analytics is seeking a Junior Machine Learning Developer for its Machine Learning team, with assignments focused on a payments reconciliation system. This entry-level position gives early-career candidates hands-on ownership of real product work involving Python, Machine Learning, NumPy. The candidate will collaborate with engineers, complete scoped technical tasks, and present progress during regular reviews. This role is open to candidates whose evidence comes from internships, academic projects, or coursework rather than prior full-time employment.",Prepare datasets for model training; Train and evaluate machine-learning models; Compare model performance using suitable metrics; Document experiments and model limitations; Take ownership of a scoped feature area involving a payments reconciliation system with support from senior engineers,"Python, Machine Learning, NumPy, Pandas","Scikit-learn, TensorFlow, PyTorch, Model Evaluation, Communication",Attention to detail and ownership of assigned tasks; Good written and verbal communication; Willingness to learn unfamiliar technologies; Able to work with moderate autonomy once ramped up,"No prior professional experience is required; internships, academic projects, or coursework are accepted as evidence of readiness.","Bachelor's degree (completed or final year) in Computer Science, Information Technology, or a related field.",synthetic_curated,2026-09-30,"Job Title: Junior Machine Learning Developer
Company: InsightMesh Analytics
Location: Kochi, Kerala
Work Mode: On-site
Employment Type: Entry Level
Domain: Machine Learning
Description: InsightMesh Analytics is seeking a Junior Machine Learning Developer for its Machine Learning team, with assignments focused on a payments reconciliation system. This entry-level position gives early-career candidates hands-on ownership of real product work involving Python, Machine Learning, NumPy. The candidate will collaborate with engineers, complete scoped technical tasks, and present progress during regular reviews. This role is open to candidates whose evidence comes from internships, academic projects, or coursework rather than prior full-time employment.
Responsibilities: Prepare datasets for model training; Train and evaluate machine-learning models; Compare model performance using suitable metrics; Document experiments and model limitations; Take ownership of a scoped feature area involving a payments reconciliation system with support from senior engineers
Required Skills: Python, Machine Learning, NumPy, Pandas
Preferred Skills: Scikit-learn, TensorFlow, PyTorch, Model Evaluation, Communication
Qualifications: Attention to detail and ownership of assigned tasks; Good written and verbal communication; Willingness to learn unfamiliar technologies; Able to work with moderate autonomy once ramped up
Experience: No prior professional experience is required; internships, academic projects, or coursework are accepted as evidence of readiness.
Education: Bachelor's degree (completed or final year) in Computer Science, Information Technology, or a related field."
JOB-0247,Junior Data Analytics Developer,Vantage Cloudworks,"Hyderabad, Telangana",On-site,Entry Level,Data Analytics,"Vantage Cloudworks is seeking a Junior Data Analytics Developer for its Data Analytics team, with assignments focused on a cloud monitoring product. This entry-level position gives early-career candidates hands-on ownership of real product work involving SQL, Excel, Data Analysis. The candidate will collaborate with engineers, complete scoped technical tasks, and present progress during regular reviews. This role is open to candidates whose evidence comes from internships, academic projects, or coursework rather than prior full-time employment.",Query and summarize business data; Create dashboards and recurring reports; Validate data quality and investigate anomalies; Present actionable insights to stakeholders; Take ownership of a scoped feature area involving a cloud monitoring product with support from senior engineers,"SQL, Excel, Data Analysis, Statistics","Power BI, Tableau, Python, Data Visualization, Communication",Good written and verbal communication; Willingness to learn unfamiliar technologies; Ability to explain technical decisions clearly; Able to work with moderate autonomy once ramped up,"No prior professional experience is required; internships, academic projects, or coursework are accepted as evidence of readiness.","Bachelor's degree (completed or final year) in Computer Science, Information Technology, or a related field.",synthetic_curated,2026-09-30,"Job Title: Junior Data Analytics Developer
Company: Vantage Cloudworks
Location: Hyderabad, Telangana
Work Mode: On-site
Employment Type: Entry Level
Domain: Data Analytics
Description: Vantage Cloudworks is seeking a Junior Data Analytics Developer for its Data Analytics team, with assignments focused on a cloud monitoring product. This entry-level position gives early-career candidates hands-on ownership of real product work involving SQL, Excel, Data Analysis. The candidate will collaborate with engineers, complete scoped technical tasks, and present progress during regular reviews. This role is open to candidates whose evidence comes from internships, academic projects, or coursework rather than prior full-time employment.
Responsibilities: Query and summarize business data; Create dashboards and recurring reports; Validate data quality and investigate anomalies; Present actionable insights to stakeholders; Take ownership of a scoped feature area involving a cloud monitoring product with support from senior engineers
Required Skills: SQL, Excel, Data Analysis, Statistics
Preferred Skills: Power BI, Tableau, Python, Data Visualization, Communication
Qualifications: Good written and verbal communication; Willingness to learn unfamiliar technologies; Ability to explain technical decisions clearly; Able to work with moderate autonomy once ramped up
Experience: No prior professional experience is required; internships, academic projects, or coursework are accepted as evidence of readiness.
Education: Bachelor's degree (completed or final year) in Computer Science, Information Technology, or a related field."
JOB-0248,Junior DevOps Developer,OrbitCraft Software,"Hyderabad, Telangana",On-site,Entry Level,DevOps,"OrbitCraft Software is seeking a Junior DevOps Developer for its DevOps team, with assignments focused on a customer support platform. This entry-level position gives early-career candidates hands-on ownership of real product work involving Linux, Git, Scripting. The candidate will collaborate with engineers, complete scoped technical tasks, and present progress during regular reviews. This role is open to candidates whose evidence comes from internships, academic projects, or coursework rather than prior full-time employment.",Maintain CI/CD workflows; Automate repetitive engineering tasks; Assist with containerized application deployments; Monitor build and deployment health; Take ownership of a scoped feature area involving a customer support platform with support from senior engineers,"Linux, Git, Scripting, Networking","Docker, Jenkins, GitHub Actions, Kubernetes, Communication",Willingness to learn unfamiliar technologies; Ability to explain technical decisions clearly; Strong problem-solving and analytical ability; Able to work with moderate autonomy once ramped up,"No prior professional experience is required; internships, academic projects, or coursework are accepted as evidence of readiness.","Bachelor's degree (completed or final year) in Computer Science, Information Technology, or a related field.",synthetic_curated,2026-09-30,"Job Title: Junior DevOps Developer
Company: OrbitCraft Software
Location: Hyderabad, Telangana
Work Mode: On-site
Employment Type: Entry Level
Domain: DevOps
Description: OrbitCraft Software is seeking a Junior DevOps Developer for its DevOps team, with assignments focused on a customer support platform. This entry-level position gives early-career candidates hands-on ownership of real product work involving Linux, Git, Scripting. The candidate will collaborate with engineers, complete scoped technical tasks, and present progress during regular reviews. This role is open to candidates whose evidence comes from internships, academic projects, or coursework rather than prior full-time employment.
Responsibilities: Maintain CI/CD workflows; Automate repetitive engineering tasks; Assist with containerized application deployments; Monitor build and deployment health; Take ownership of a scoped feature area involving a customer support platform with support from senior engineers
Required Skills: Linux, Git, Scripting, Networking
Preferred Skills: Docker, Jenkins, GitHub Actions, Kubernetes, Communication
Qualifications: Willingness to learn unfamiliar technologies; Ability to explain technical decisions clearly; Strong problem-solving and analytical ability; Able to work with moderate autonomy once ramped up
Experience: No prior professional experience is required; internships, academic projects, or coursework are accepted as evidence of readiness.
Education: Bachelor's degree (completed or final year) in Computer Science, Information Technology, or a related field."
JOB-0249,Junior Database Developer,NexaGrid Systems,"Noida, Uttar Pradesh",On-site,Entry Level,Database / SQL,"NexaGrid Systems is seeking a Junior Database Developer for its Database / SQL team, with assignments focused on customer-facing dashboards. This entry-level position gives early-career candidates hands-on ownership of real product work involving SQL, DBMS, Database Design. The candidate will collaborate with engineers, complete scoped technical tasks, and present progress during regular reviews. This role is open to candidates whose evidence comes from internships, academic projects, or coursework rather than prior full-time employment.",Write and review SQL queries; Support schema design and data migration tasks; Investigate data quality issues; Assist with database performance analysis; Take ownership of a scoped feature area involving customer-facing dashboards with support from senior engineers,"SQL, DBMS, Database Design, Data Modeling","PostgreSQL, MySQL, Python, Query Optimization, Communication",Ability to explain technical decisions clearly; Strong problem-solving and analytical ability; Ability to work effectively in a team; Able to work with moderate autonomy once ramped up,"No prior professional experience is required; internships, academic projects, or coursework are accepted as evidence of readiness.","Bachelor's degree (completed or final year) in Computer Science, Information Technology, or a related field.",synthetic_curated,2026-10-01,"Job Title: Junior Database Developer
Company: NexaGrid Systems
Location: Noida, Uttar Pradesh
Work Mode: On-site
Employment Type: Entry Level
Domain: Database / SQL
Description: NexaGrid Systems is seeking a Junior Database Developer for its Database / SQL team, with assignments focused on customer-facing dashboards. This entry-level position gives early-career candidates hands-on ownership of real product work involving SQL, DBMS, Database Design. The candidate will collaborate with engineers, complete scoped technical tasks, and present progress during regular reviews. This role is open to candidates whose evidence comes from internships, academic projects, or coursework rather than prior full-time employment.
Responsibilities: Write and review SQL queries; Support schema design and data migration tasks; Investigate data quality issues; Assist with database performance analysis; Take ownership of a scoped feature area involving customer-facing dashboards with support from senior engineers
Required Skills: SQL, DBMS, Database Design, Data Modeling
Preferred Skills: PostgreSQL, MySQL, Python, Query Optimization, Communication
Qualifications: Ability to explain technical decisions clearly; Strong problem-solving and analytical ability; Ability to work effectively in a team; Able to work with moderate autonomy once ramped up
Experience: No prior professional experience is required; internships, academic projects, or coursework are accepted as evidence of readiness.
Education: Bachelor's degree (completed or final year) in Computer Science, Information Technology, or a related field."
JOB-0250,Junior Mobile Developer,CloudMint Innovations,"Hyderabad, Telangana",On-site,Entry Level,Mobile Development,"CloudMint Innovations is seeking a Junior Mobile Developer for its Mobile Development team, with assignments focused on an inventory tracking system. This entry-level position gives early-career candidates hands-on ownership of real product work involving Programming Fundamentals, OOP, Git. The candidate will collaborate with engineers, complete scoped technical tasks, and present progress during regular reviews. This role is open to candidates whose evidence comes from internships, academic projects, or coursework rather than prior full-time employment.",Implement mobile application screens and features; Integrate mobile apps with backend APIs; Fix UI and functional defects; Test features across supported devices; Take ownership of a scoped feature area involving an inventory tracking system with support from senior engineers,"Programming Fundamentals, OOP, Git, Mobile Development","Kotlin, Flutter, Dart, REST APIs, Communication",Strong problem-solving and analytical ability; Ability to work effectively in a team; Basic understanding of software development lifecycle; Able to work with moderate autonomy once ramped up,"No prior professional experience is required; internships, academic projects, or coursework are accepted as evidence of readiness.","Bachelor's degree (completed or final year) in Computer Science, Information Technology, or a related field.",synthetic_curated,2026-10-01,"Job Title: Junior Mobile Developer
Company: CloudMint Innovations
Location: Hyderabad, Telangana
Work Mode: On-site
Employment Type: Entry Level
Domain: Mobile Development
Description: CloudMint Innovations is seeking a Junior Mobile Developer for its Mobile Development team, with assignments focused on an inventory tracking system. This entry-level position gives early-career candidates hands-on ownership of real product work involving Programming Fundamentals, OOP, Git. The candidate will collaborate with engineers, complete scoped technical tasks, and present progress during regular reviews. This role is open to candidates whose evidence comes from internships, academic projects, or coursework rather than prior full-time employment.
Responsibilities: Implement mobile application screens and features; Integrate mobile apps with backend APIs; Fix UI and functional defects; Test features across supported devices; Take ownership of a scoped feature area involving an inventory tracking system with support from senior engineers
Required Skills: Programming Fundamentals, OOP, Git, Mobile Development
Preferred Skills: Kotlin, Flutter, Dart, REST APIs, Communication
Qualifications: Strong problem-solving and analytical ability; Ability to work effectively in a team; Basic understanding of software development lifecycle; Able to work with moderate autonomy once ramped up
Experience: No prior professional experience is required; internships, academic projects, or coursework are accepted as evidence of readiness.
Education: Bachelor's degree (completed or final year) in Computer Science, Information Technology, or a related field."
JOB-0251,Graduate Security Engineer,NexaGrid Systems,"Pune, Maharashtra",On-site,Graduate Role,Cybersecurity,"NexaGrid Systems is seeking a Graduate Security Engineer for its Cybersecurity team, with assignments focused on internal productivity tools. This graduate program gives recent graduates structured, hands-on exposure to Networking, Linux, Cybersecurity Fundamentals. The candidate will collaborate with engineers, complete scoped technical tasks, and present progress during regular reviews. This program is designed for recent graduates and final-year students building their first professional experience.",Review security alerts and identify suspicious activity; Assist with vulnerability assessments; Document incidents and remediation recommendations; Support secure configuration reviews; Participate in structured onboarding and rotational learning involving internal productivity tools,"Networking, Linux, Cybersecurity Fundamentals, Security Concepts","SIEM, Python, OWASP, Incident Response, Communication","Basic understanding of software development lifecycle; Attention to detail and ownership of assigned tasks; Good written and verbal communication; Enthusiasm for structured, cohort-based professional development","No prior professional experience is required for this graduate program; internships, academic projects, or coursework are accepted as evidence.","Completed or completing a B.E./B.Tech/B.Sc/BCA in Computer Science, Information Technology, or a related field within the last two years.",synthetic_curated,2026-10-01,"Job Title: Graduate Security Engineer
Company: NexaGrid Systems
Location: Pune, Maharashtra
Work Mode: On-site
Employment Type: Graduate Role
Domain: Cybersecurity
Description: NexaGrid Systems is seeking a Graduate Security Engineer for its Cybersecurity team, with assignments focused on internal productivity tools. This graduate program gives recent graduates structured, hands-on exposure to Networking, Linux, Cybersecurity Fundamentals. The candidate will collaborate with engineers, complete scoped technical tasks, and present progress during regular reviews. This program is designed for recent graduates and final-year students building their first professional experience.
Responsibilities: Review security alerts and identify suspicious activity; Assist with vulnerability assessments; Document incidents and remediation recommendations; Support secure configuration reviews; Participate in structured onboarding and rotational learning involving internal productivity tools
Required Skills: Networking, Linux, Cybersecurity Fundamentals, Security Concepts
Preferred Skills: SIEM, Python, OWASP, Incident Response, Communication
Qualifications: Basic understanding of software development lifecycle; Attention to detail and ownership of assigned tasks; Good written and verbal communication; Enthusiasm for structured, cohort-based professional development
Experience: No prior professional experience is required for this graduate program; internships, academic projects, or coursework are accepted as evidence.
Education: Completed or completing a B.E./B.Tech/B.Sc/BCA in Computer Science, Information Technology, or a related field within the last two years."
JOB-0252,Graduate QA Engineer,Clearwave Analytics,"Ahmedabad, Gujarat",On-site,Graduate Role,Software Testing / QA,"Clearwave Analytics is seeking a Graduate QA Engineer for its Software Testing / QA team, with assignments focused on internal productivity tools. This graduate program gives recent graduates structured, hands-on exposure to Software Testing, Test Cases, Bug Tracking. The candidate will collaborate with engineers, complete scoped technical tasks, and present progress during regular reviews. This program is designed for recent graduates and final-year students building their first professional experience.",Create and execute functional test cases; Report defects with reproducible steps; Perform API and regression testing; Contribute to basic test automation; Participate in structured onboarding and rotational learning involving internal productivity tools,"Software Testing, Test Cases, Bug Tracking, SDLC","Selenium, Python, Postman, API Testing, Communication","Attention to detail and ownership of assigned tasks; Good written and verbal communication; Willingness to learn unfamiliar technologies; Enthusiasm for structured, cohort-based professional development","No prior professional experience is required for this graduate program; internships, academic projects, or coursework are accepted as evidence.","Completed or completing a B.E./B.Tech/B.Sc/BCA in Computer Science, Information Technology, or a related field within the last two years.",synthetic_curated,2026-10-02,"Job Title: Graduate QA Engineer
Company: Clearwave Analytics
Location: Ahmedabad, Gujarat
Work Mode: On-site
Employment Type: Graduate Role
Domain: Software Testing / QA
Description: Clearwave Analytics is seeking a Graduate QA Engineer for its Software Testing / QA team, with assignments focused on internal productivity tools. This graduate program gives recent graduates structured, hands-on exposure to Software Testing, Test Cases, Bug Tracking. The candidate will collaborate with engineers, complete scoped technical tasks, and present progress during regular reviews. This program is designed for recent graduates and final-year students building their first professional experience.
Responsibilities: Create and execute functional test cases; Report defects with reproducible steps; Perform API and regression testing; Contribute to basic test automation; Participate in structured onboarding and rotational learning involving internal productivity tools
Required Skills: Software Testing, Test Cases, Bug Tracking, SDLC
Preferred Skills: Selenium, Python, Postman, API Testing, Communication
Qualifications: Attention to detail and ownership of assigned tasks; Good written and verbal communication; Willingness to learn unfamiliar technologies; Enthusiasm for structured, cohort-based professional development
Experience: No prior professional experience is required for this graduate program; internships, academic projects, or coursework are accepted as evidence.
Education: Completed or completing a B.E./B.Tech/B.Sc/BCA in Computer Science, Information Technology, or a related field within the last two years."
JOB-0253,Graduate Software Engineer,Trueline Systems,"Noida, Uttar Pradesh",On-site,Graduate Role,Software Development,"Trueline Systems is seeking a Graduate Software Engineer for its Software Development team, with assignments focused on a cloud monitoring product. This graduate program gives recent graduates structured, hands-on exposure to Python, Data Structures, Algorithms. The candidate will collaborate with engineers, complete scoped technical tasks, and present progress during regular reviews. This program is designed for recent graduates and final-year students building their first professional experience.","Implement product features with test coverage; Debug and resolve defects in existing modules; Write clean, maintainable and testable code; Participate in code reviews and engineering discussions; Participate in structured onboarding and rotational learning involving a cloud monitoring product","Python, Data Structures, Algorithms, Git","REST APIs, SQL, Linux, Unit Testing, Communication","Strong problem-solving and analytical ability; Ability to work effectively in a team; Basic understanding of software development lifecycle; Enthusiasm for structured, cohort-based professional development","No prior professional experience is required for this graduate program; internships, academic projects, or coursework are accepted as evidence.","Completed or completing a B.E./B.Tech/B.Sc/BCA in Computer Science, Information Technology, or a related field within the last two years.",synthetic_curated,2026-10-02,"Job Title: Graduate Software Engineer
Company: Trueline Systems
Location: Noida, Uttar Pradesh
Work Mode: On-site
Employment Type: Graduate Role
Domain: Software Development
Description: Trueline Systems is seeking a Graduate Software Engineer for its Software Development team, with assignments focused on a cloud monitoring product. This graduate program gives recent graduates structured, hands-on exposure to Python, Data Structures, Algorithms. The candidate will collaborate with engineers, complete scoped technical tasks, and present progress during regular reviews. This program is designed for recent graduates and final-year students building their first professional experience.
Responsibilities: Implement product features with test coverage; Debug and resolve defects in existing modules; Write clean, maintainable and testable code; Participate in code reviews and engineering discussions; Participate in structured onboarding and rotational learning involving a cloud monitoring product
Required Skills: Python, Data Structures, Algorithms, Git
Preferred Skills: REST APIs, SQL, Linux, Unit Testing, Communication
Qualifications: Strong problem-solving and analytical ability; Ability to work effectively in a team; Basic understanding of software development lifecycle; Enthusiasm for structured, cohort-based professional development
Experience: No prior professional experience is required for this graduate program; internships, academic projects, or coursework are accepted as evidence.
Education: Completed or completing a B.E./B.Tech/B.Sc/BCA in Computer Science, Information Technology, or a related field within the last two years."
JOB-0254,Graduate Python Backend Engineer,Driftstone Labs,"Hyderabad, Telangana",On-site,Graduate Role,Python Backend,"Driftstone Labs is seeking a Graduate Python Backend Engineer for its Python Backend team, with assignments focused on a customer support platform. This graduate program gives recent graduates structured, hands-on exposure to Python, SQL, REST APIs. The candidate will collaborate with engineers, complete scoped technical tasks, and present progress during regular reviews. This program is designed for recent graduates and final-year students building their first professional experience.",Build backend APIs for internal and customer-facing features; Integrate relational databases with application services; Validate API inputs and handle errors consistently; Write automated tests and technical documentation; Participate in structured onboarding and rotational learning involving a customer support platform,"Python, SQL, REST APIs, Git","FastAPI, Flask, PostgreSQL, Docker, Communication","Ability to work effectively in a team; Basic understanding of software development lifecycle; Attention to detail and ownership of assigned tasks; Enthusiasm for structured, cohort-based professional development","No prior professional experience is required for this graduate program; internships, academic projects, or coursework are accepted as evidence.","Completed or completing a B.E./B.Tech/B.Sc/BCA in Computer Science, Information Technology, or a related field within the last two years.",synthetic_curated,2026-10-02,"Job Title: Graduate Python Backend Engineer
Company: Driftstone Labs
Location: Hyderabad, Telangana
Work Mode: On-site
Employment Type: Graduate Role
Domain: Python Backend
Description: Driftstone Labs is seeking a Graduate Python Backend Engineer for its Python Backend team, with assignments focused on a customer support platform. This graduate program gives recent graduates structured, hands-on exposure to Python, SQL, REST APIs. The candidate will collaborate with engineers, complete scoped technical tasks, and present progress during regular reviews. This program is designed for recent graduates and final-year students building their first professional experience.
Responsibilities: Build backend APIs for internal and customer-facing features; Integrate relational databases with application services; Validate API inputs and handle errors consistently; Write automated tests and technical documentation; Participate in structured onboarding and rotational learning involving a customer support platform
Required Skills: Python, SQL, REST APIs, Git
Preferred Skills: FastAPI, Flask, PostgreSQL, Docker, Communication
Qualifications: Ability to work effectively in a team; Basic understanding of software development lifecycle; Attention to detail and ownership of assigned tasks; Enthusiasm for structured, cohort-based professional development
Experience: No prior professional experience is required for this graduate program; internships, academic projects, or coursework are accepted as evidence.
Education: Completed or completing a B.E./B.Tech/B.Sc/BCA in Computer Science, Information Technology, or a related field within the last two years."
JOB-0255,Graduate Full Stack Engineer,VertexLoop Software,"Kochi, Kerala",On-site,Graduate Role,Full Stack Development,"VertexLoop Software is seeking a Graduate Full Stack Engineer for its Full Stack Development team, with assignments focused on a content management platform. This graduate program gives recent graduates structured, hands-on exposure to JavaScript, HTML, CSS. The candidate will collaborate with engineers, complete scoped technical tasks, and present progress during regular reviews. This program is designed for recent graduates and final-year students building their first professional experience.",Develop features across frontend and backend modules; Connect application screens to APIs and databases; Troubleshoot integration issues; Document features and support test execution; Participate in structured onboarding and rotational learning involving a content management platform,"JavaScript, HTML, CSS, Git","React, Node.js, MongoDB, REST APIs, Communication","Basic understanding of software development lifecycle; Attention to detail and ownership of assigned tasks; Good written and verbal communication; Enthusiasm for structured, cohort-based professional development","No prior professional experience is required for this graduate program; internships, academic projects, or coursework are accepted as evidence.","Completed or completing a B.E./B.Tech/B.Sc/BCA in Computer Science, Information Technology, or a related field within the last two years.",synthetic_curated,2026-10-03,"Job Title: Graduate Full Stack Engineer
Company: VertexLoop Software
Location: Kochi, Kerala
Work Mode: On-site
Employment Type: Graduate Role
Domain: Full Stack Development
Description: VertexLoop Software is seeking a Graduate Full Stack Engineer for its Full Stack Development team, with assignments focused on a content management platform. This graduate program gives recent graduates structured, hands-on exposure to JavaScript, HTML, CSS. The candidate will collaborate with engineers, complete scoped technical tasks, and present progress during regular reviews. This program is designed for recent graduates and final-year students building their first professional experience.
Responsibilities: Develop features across frontend and backend modules; Connect application screens to APIs and databases; Troubleshoot integration issues; Document features and support test execution; Participate in structured onboarding and rotational learning involving a content management platform
Required Skills: JavaScript, HTML, CSS, Git
Preferred Skills: React, Node.js, MongoDB, REST APIs, Communication
Qualifications: Basic understanding of software development lifecycle; Attention to detail and ownership of assigned tasks; Good written and verbal communication; Enthusiasm for structured, cohort-based professional development
Experience: No prior professional experience is required for this graduate program; internships, academic projects, or coursework are accepted as evidence.
Education: Completed or completing a B.E./B.Tech/B.Sc/BCA in Computer Science, Information Technology, or a related field within the last two years."
JOB-0256,Graduate Machine Learning Engineer,DevSphere Labs,"Chennai, Tamil Nadu",Hybrid,Graduate Role,Machine Learning,"DevSphere Labs is seeking a Graduate Machine Learning Engineer for its Machine Learning team, with assignments focused on a customer support platform. This graduate program gives recent graduates structured, hands-on exposure to Python, Machine Learning, NumPy. The candidate will collaborate with engineers, complete scoped technical tasks, and present progress during regular reviews. This program is designed for recent graduates and final-year students building their first professional experience.",Prepare datasets for model training; Train and evaluate machine-learning models; Compare model performance using suitable metrics; Document experiments and model limitations; Participate in structured onboarding and rotational learning involving a customer support platform,"Python, Machine Learning, NumPy, Pandas","Scikit-learn, TensorFlow, PyTorch, Model Evaluation, Communication","Attention to detail and ownership of assigned tasks; Good written and verbal communication; Willingness to learn unfamiliar technologies; Enthusiasm for structured, cohort-based professional development","No prior professional experience is required for this graduate program; internships, academic projects, or coursework are accepted as evidence.","Completed or completing a B.E./B.Tech/B.Sc/BCA in Computer Science, Information Technology, or a related field within the last two years.",synthetic_curated,2026-10-03,"Job Title: Graduate Machine Learning Engineer
Company: DevSphere Labs
Location: Chennai, Tamil Nadu
Work Mode: Hybrid
Employment Type: Graduate Role
Domain: Machine Learning
Description: DevSphere Labs is seeking a Graduate Machine Learning Engineer for its Machine Learning team, with assignments focused on a customer support platform. This graduate program gives recent graduates structured, hands-on exposure to Python, Machine Learning, NumPy. The candidate will collaborate with engineers, complete scoped technical tasks, and present progress during regular reviews. This program is designed for recent graduates and final-year students building their first professional experience.
Responsibilities: Prepare datasets for model training; Train and evaluate machine-learning models; Compare model performance using suitable metrics; Document experiments and model limitations; Participate in structured onboarding and rotational learning involving a customer support platform
Required Skills: Python, Machine Learning, NumPy, Pandas
Preferred Skills: Scikit-learn, TensorFlow, PyTorch, Model Evaluation, Communication
Qualifications: Attention to detail and ownership of assigned tasks; Good written and verbal communication; Willingness to learn unfamiliar technologies; Enthusiasm for structured, cohort-based professional development
Experience: No prior professional experience is required for this graduate program; internships, academic projects, or coursework are accepted as evidence.
Education: Completed or completing a B.E./B.Tech/B.Sc/BCA in Computer Science, Information Technology, or a related field within the last two years."
JOB-0257,Graduate Data Analytics Engineer,InsightMesh Analytics,"Mumbai, Maharashtra",Hybrid,Graduate Role,Data Analytics,"InsightMesh Analytics is seeking a Graduate Data Analytics Engineer for its Data Analytics team, with assignments focused on an analytics reporting suite. This graduate program gives recent graduates structured, hands-on exposure to SQL, Excel, Data Analysis. The candidate will collaborate with engineers, complete scoped technical tasks, and present progress during regular reviews. This program is designed for recent graduates and final-year students building their first professional experience.",Query and summarize business data; Create dashboards and recurring reports; Validate data quality and investigate anomalies; Present actionable insights to stakeholders; Participate in structured onboarding and rotational learning involving an analytics reporting suite,"SQL, Excel, Data Analysis, Statistics","Power BI, Tableau, Python, Data Visualization, Communication","Good written and verbal communication; Willingness to learn unfamiliar technologies; Ability to explain technical decisions clearly; Enthusiasm for structured, cohort-based professional development","No prior professional experience is required for this graduate program; internships, academic projects, or coursework are accepted as evidence.","Completed or completing a B.E./B.Tech/B.Sc/BCA in Computer Science, Information Technology, or a related field within the last two years.",synthetic_curated,2026-10-03,"Job Title: Graduate Data Analytics Engineer
Company: InsightMesh Analytics
Location: Mumbai, Maharashtra
Work Mode: Hybrid
Employment Type: Graduate Role
Domain: Data Analytics
Description: InsightMesh Analytics is seeking a Graduate Data Analytics Engineer for its Data Analytics team, with assignments focused on an analytics reporting suite. This graduate program gives recent graduates structured, hands-on exposure to SQL, Excel, Data Analysis. The candidate will collaborate with engineers, complete scoped technical tasks, and present progress during regular reviews. This program is designed for recent graduates and final-year students building their first professional experience.
Responsibilities: Query and summarize business data; Create dashboards and recurring reports; Validate data quality and investigate anomalies; Present actionable insights to stakeholders; Participate in structured onboarding and rotational learning involving an analytics reporting suite
Required Skills: SQL, Excel, Data Analysis, Statistics
Preferred Skills: Power BI, Tableau, Python, Data Visualization, Communication
Qualifications: Good written and verbal communication; Willingness to learn unfamiliar technologies; Ability to explain technical decisions clearly; Enthusiasm for structured, cohort-based professional development
Experience: No prior professional experience is required for this graduate program; internships, academic projects, or coursework are accepted as evidence.
Education: Completed or completing a B.E./B.Tech/B.Sc/BCA in Computer Science, Information Technology, or a related field within the last two years."
JOB-0258,Graduate DevOps Engineer,Larkspur Software,"Chennai, Tamil Nadu",On-site,Graduate Role,DevOps,"Larkspur Software is seeking a Graduate DevOps Engineer for its DevOps team, with assignments focused on a payments reconciliation system. This graduate program gives recent graduates structured, hands-on exposure to Linux, Git, Scripting. The candidate will collaborate with engineers, complete scoped technical tasks, and present progress during regular reviews. This program is designed for recent graduates and final-year students building their first professional experience.",Maintain CI/CD workflows; Automate repetitive engineering tasks; Assist with containerized application deployments; Monitor build and deployment health; Participate in structured onboarding and rotational learning involving a payments reconciliation system,"Linux, Git, Scripting, Networking","Docker, Jenkins, GitHub Actions, Kubernetes, Communication","Willingness to learn unfamiliar technologies; Ability to explain technical decisions clearly; Strong problem-solving and analytical ability; Enthusiasm for structured, cohort-based professional development","No prior professional experience is required for this graduate program; internships, academic projects, or coursework are accepted as evidence.","Completed or completing a B.E./B.Tech/B.Sc/BCA in Computer Science, Information Technology, or a related field within the last two years.",synthetic_curated,2026-10-04,"Job Title: Graduate DevOps Engineer
Company: Larkspur Software
Location: Chennai, Tamil Nadu
Work Mode: On-site
Employment Type: Graduate Role
Domain: DevOps
Description: Larkspur Software is seeking a Graduate DevOps Engineer for its DevOps team, with assignments focused on a payments reconciliation system. This graduate program gives recent graduates structured, hands-on exposure to Linux, Git, Scripting. The candidate will collaborate with engineers, complete scoped technical tasks, and present progress during regular reviews. This program is designed for recent graduates and final-year students building their first professional experience.
Responsibilities: Maintain CI/CD workflows; Automate repetitive engineering tasks; Assist with containerized application deployments; Monitor build and deployment health; Participate in structured onboarding and rotational learning involving a payments reconciliation system
Required Skills: Linux, Git, Scripting, Networking
Preferred Skills: Docker, Jenkins, GitHub Actions, Kubernetes, Communication
Qualifications: Willingness to learn unfamiliar technologies; Ability to explain technical decisions clearly; Strong problem-solving and analytical ability; Enthusiasm for structured, cohort-based professional development
Experience: No prior professional experience is required for this graduate program; internships, academic projects, or coursework are accepted as evidence.
Education: Completed or completing a B.E./B.Tech/B.Sc/BCA in Computer Science, Information Technology, or a related field within the last two years."
JOB-0259,Graduate Database Engineer,Wrenfield Technologies,"Pune, Maharashtra",Hybrid,Graduate Role,Database / SQL,"Wrenfield Technologies is seeking a Graduate Database Engineer for its Database / SQL team, with assignments focused on an inventory tracking system. This graduate program gives recent graduates structured, hands-on exposure to SQL, DBMS, Database Design. The candidate will collaborate with engineers, complete scoped technical tasks, and present progress during regular reviews. This program is designed for recent graduates and final-year students building their first professional experience.",Write and review SQL queries; Support schema design and data migration tasks; Investigate data quality issues; Assist with database performance analysis; Participate in structured onboarding and rotational learning involving an inventory tracking system,"SQL, DBMS, Database Design, Data Modeling","PostgreSQL, MySQL, Python, Query Optimization, Communication","Ability to explain technical decisions clearly; Strong problem-solving and analytical ability; Ability to work effectively in a team; Enthusiasm for structured, cohort-based professional development","No prior professional experience is required for this graduate program; internships, academic projects, or coursework are accepted as evidence.","Completed or completing a B.E./B.Tech/B.Sc/BCA in Computer Science, Information Technology, or a related field within the last two years.",synthetic_curated,2026-10-04,"Job Title: Graduate Database Engineer
Company: Wrenfield Technologies
Location: Pune, Maharashtra
Work Mode: Hybrid
Employment Type: Graduate Role
Domain: Database / SQL
Description: Wrenfield Technologies is seeking a Graduate Database Engineer for its Database / SQL team, with assignments focused on an inventory tracking system. This graduate program gives recent graduates structured, hands-on exposure to SQL, DBMS, Database Design. The candidate will collaborate with engineers, complete scoped technical tasks, and present progress during regular reviews. This program is designed for recent graduates and final-year students building their first professional experience.
Responsibilities: Write and review SQL queries; Support schema design and data migration tasks; Investigate data quality issues; Assist with database performance analysis; Participate in structured onboarding and rotational learning involving an inventory tracking system
Required Skills: SQL, DBMS, Database Design, Data Modeling
Preferred Skills: PostgreSQL, MySQL, Python, Query Optimization, Communication
Qualifications: Ability to explain technical decisions clearly; Strong problem-solving and analytical ability; Ability to work effectively in a team; Enthusiasm for structured, cohort-based professional development
Experience: No prior professional experience is required for this graduate program; internships, academic projects, or coursework are accepted as evidence.
Education: Completed or completing a B.E./B.Tech/B.Sc/BCA in Computer Science, Information Technology, or a related field within the last two years."
JOB-0260,Graduate Mobile Engineer,Northlight Systems,"Pune, Maharashtra",Hybrid,Graduate Role,Mobile Development,"Northlight Systems is seeking a Graduate Mobile Engineer for its Mobile Development team, with assignments focused on a mobile-first user experience. This graduate program gives recent graduates structured, hands-on exposure to Programming Fundamentals, OOP, Git. The candidate will collaborate with engineers, complete scoped technical tasks, and present progress during regular reviews. This program is designed for recent graduates and final-year students building their first professional experience.",Implement mobile application screens and features; Integrate mobile apps with backend APIs; Fix UI and functional defects; Test features across supported devices; Participate in structured onboarding and rotational learning involving a mobile-first user experience,"Programming Fundamentals, OOP, Git, Mobile Development","Kotlin, Flutter, Dart, REST APIs, Communication","Strong problem-solving and analytical ability; Ability to work effectively in a team; Basic understanding of software development lifecycle; Enthusiasm for structured, cohort-based professional development","No prior professional experience is required for this graduate program; internships, academic projects, or coursework are accepted as evidence.","Completed or completing a B.E./B.Tech/B.Sc/BCA in Computer Science, Information Technology, or a related field within the last two years.",synthetic_curated,2026-10-04,"Job Title: Graduate Mobile Engineer
Company: Northlight Systems
Location: Pune, Maharashtra
Work Mode: Hybrid
Employment Type: Graduate Role
Domain: Mobile Development
Description: Northlight Systems is seeking a Graduate Mobile Engineer for its Mobile Development team, with assignments focused on a mobile-first user experience. This graduate program gives recent graduates structured, hands-on exposure to Programming Fundamentals, OOP, Git. The candidate will collaborate with engineers, complete scoped technical tasks, and present progress during regular reviews. This program is designed for recent graduates and final-year students building their first professional experience.
Responsibilities: Implement mobile application screens and features; Integrate mobile apps with backend APIs; Fix UI and functional defects; Test features across supported devices; Participate in structured onboarding and rotational learning involving a mobile-first user experience
Required Skills: Programming Fundamentals, OOP, Git, Mobile Development
Preferred Skills: Kotlin, Flutter, Dart, REST APIs, Communication
Qualifications: Strong problem-solving and analytical ability; Ability to work effectively in a team; Basic understanding of software development lifecycle; Enthusiasm for structured, cohort-based professional development
Experience: No prior professional experience is required for this graduate program; internships, academic projects, or coursework are accepted as evidence.
Education: Completed or completing a B.E./B.Tech/B.Sc/BCA in Computer Science, Information Technology, or a related field within the last two years."
JOB-0261,Graduate Java Backend Engineer,DeepRiver Analytics,"Pune, Maharashtra",On-site,Graduate Role,Java Backend,"DeepRiver Analytics is seeking a Graduate Java Backend Engineer for its Java Backend team, with assignments focused on an enterprise reporting solution. This graduate program gives recent graduates structured, hands-on exposure to Java, OOP, SQL. The candidate will collaborate with engineers, complete scoped technical tasks, and present progress during regular reviews. This program is designed for recent graduates and final-year students building their first professional experience.",Develop and maintain backend services; Create REST endpoints and integrate databases; Write unit tests for service-layer code; Assist with debugging and performance improvements; Participate in structured onboarding and rotational learning involving an enterprise reporting solution,"Java, OOP, SQL, Git","Spring Boot, REST APIs, Maven, PostgreSQL, Communication","Good written and verbal communication; Willingness to learn unfamiliar technologies; Ability to explain technical decisions clearly; Enthusiasm for structured, cohort-based professional development","No prior professional experience is required for this graduate program; internships, academic projects, or coursework are accepted as evidence.","Completed or completing a B.E./B.Tech/B.Sc/BCA in Computer Science, Information Technology, or a related field within the last two years.",synthetic_curated,2026-10-05,"Job Title: Graduate Java Backend Engineer
Company: DeepRiver Analytics
Location: Pune, Maharashtra
Work Mode: On-site
Employment Type: Graduate Role
Domain: Java Backend
Description: DeepRiver Analytics is seeking a Graduate Java Backend Engineer for its Java Backend team, with assignments focused on an enterprise reporting solution. This graduate program gives recent graduates structured, hands-on exposure to Java, OOP, SQL. The candidate will collaborate with engineers, complete scoped technical tasks, and present progress during regular reviews. This program is designed for recent graduates and final-year students building their first professional experience.
Responsibilities: Develop and maintain backend services; Create REST endpoints and integrate databases; Write unit tests for service-layer code; Assist with debugging and performance improvements; Participate in structured onboarding and rotational learning involving an enterprise reporting solution
Required Skills: Java, OOP, SQL, Git
Preferred Skills: Spring Boot, REST APIs, Maven, PostgreSQL, Communication
Qualifications: Good written and verbal communication; Willingness to learn unfamiliar technologies; Ability to explain technical decisions clearly; Enthusiasm for structured, cohort-based professional development
Experience: No prior professional experience is required for this graduate program; internships, academic projects, or coursework are accepted as evidence.
Education: Completed or completing a B.E./B.Tech/B.Sc/BCA in Computer Science, Information Technology, or a related field within the last two years."
JOB-0262,Graduate Frontend Engineer,Copperleaf Technologies,"Pune, Maharashtra",On-site,Graduate Role,Frontend Development,"Copperleaf Technologies is seeking a Graduate Frontend Engineer for its Frontend Development team, with assignments focused on an inventory tracking system. This graduate program gives recent graduates structured, hands-on exposure to HTML, CSS, JavaScript. The candidate will collaborate with engineers, complete scoped technical tasks, and present progress during regular reviews. This program is designed for recent graduates and final-year students building their first professional experience.",Build responsive user interface components; Integrate frontend screens with REST services; Fix UI bugs and improve accessibility; Collaborate with designers and backend developers; Participate in structured onboarding and rotational learning involving an inventory tracking system,"HTML, CSS, JavaScript, Git","React, TypeScript, Responsive Design, REST APIs, Communication","Willingness to learn unfamiliar technologies; Ability to explain technical decisions clearly; Strong problem-solving and analytical ability; Enthusiasm for structured, cohort-based professional development","No prior professional experience is required for this graduate program; internships, academic projects, or coursework are accepted as evidence.","Completed or completing a B.E./B.Tech/B.Sc/BCA in Computer Science, Information Technology, or a related field within the last two years.",synthetic_curated,2026-10-05,"Job Title: Graduate Frontend Engineer
Company: Copperleaf Technologies
Location: Pune, Maharashtra
Work Mode: On-site
Employment Type: Graduate Role
Domain: Frontend Development
Description: Copperleaf Technologies is seeking a Graduate Frontend Engineer for its Frontend Development team, with assignments focused on an inventory tracking system. This graduate program gives recent graduates structured, hands-on exposure to HTML, CSS, JavaScript. The candidate will collaborate with engineers, complete scoped technical tasks, and present progress during regular reviews. This program is designed for recent graduates and final-year students building their first professional experience.
Responsibilities: Build responsive user interface components; Integrate frontend screens with REST services; Fix UI bugs and improve accessibility; Collaborate with designers and backend developers; Participate in structured onboarding and rotational learning involving an inventory tracking system
Required Skills: HTML, CSS, JavaScript, Git
Preferred Skills: React, TypeScript, Responsive Design, REST APIs, Communication
Qualifications: Willingness to learn unfamiliar technologies; Ability to explain technical decisions clearly; Strong problem-solving and analytical ability; Enthusiasm for structured, cohort-based professional development
Experience: No prior professional experience is required for this graduate program; internships, academic projects, or coursework are accepted as evidence.
Education: Completed or completing a B.E./B.Tech/B.Sc/BCA in Computer Science, Information Technology, or a related field within the last two years."
JOB-0263,Graduate Data Science Engineer,SecureArc Systems,"Remote, India",Remote,Graduate Role,Data Science,"SecureArc Systems is seeking a Graduate Data Science Engineer for its Data Science team, with assignments focused on a customer support platform. This graduate program gives recent graduates structured, hands-on exposure to Python, Pandas, Statistics. The candidate will collaborate with engineers, complete scoped technical tasks, and present progress during regular reviews. This program is designed for recent graduates and final-year students building their first professional experience.",Clean and analyze structured datasets; Build baseline predictive models; Create exploratory analysis and visualizations; Communicate findings through concise reports; Participate in structured onboarding and rotational learning involving a customer support platform,"Python, Pandas, Statistics, SQL","NumPy, Scikit-learn, Matplotlib, Jupyter, Communication","Ability to explain technical decisions clearly; Strong problem-solving and analytical ability; Ability to work effectively in a team; Enthusiasm for structured, cohort-based professional development","No prior professional experience is required for this graduate program; internships, academic projects, or coursework are accepted as evidence.","Completed or completing a B.E./B.Tech/B.Sc/BCA in Computer Science, Information Technology, or a related field within the last two years.",synthetic_curated,2026-10-05,"Job Title: Graduate Data Science Engineer
Company: SecureArc Systems
Location: Remote, India
Work Mode: Remote
Employment Type: Graduate Role
Domain: Data Science
Description: SecureArc Systems is seeking a Graduate Data Science Engineer for its Data Science team, with assignments focused on a customer support platform. This graduate program gives recent graduates structured, hands-on exposure to Python, Pandas, Statistics. The candidate will collaborate with engineers, complete scoped technical tasks, and present progress during regular reviews. This program is designed for recent graduates and final-year students building their first professional experience.
Responsibilities: Clean and analyze structured datasets; Build baseline predictive models; Create exploratory analysis and visualizations; Communicate findings through concise reports; Participate in structured onboarding and rotational learning involving a customer support platform
Required Skills: Python, Pandas, Statistics, SQL
Preferred Skills: NumPy, Scikit-learn, Matplotlib, Jupyter, Communication
Qualifications: Ability to explain technical decisions clearly; Strong problem-solving and analytical ability; Ability to work effectively in a team; Enthusiasm for structured, cohort-based professional development
Experience: No prior professional experience is required for this graduate program; internships, academic projects, or coursework are accepted as evidence.
Education: Completed or completing a B.E./B.Tech/B.Sc/BCA in Computer Science, Information Technology, or a related field within the last two years."
JOB-0264,Graduate NLP Engineer,Aurorapeak Technologies,"Mumbai, Maharashtra",Hybrid,Graduate Role,Generative AI / NLP,"Aurorapeak Technologies is seeking a Graduate NLP Engineer for its Generative AI / NLP team, with assignments focused on a mobile-first user experience. This graduate program gives recent graduates structured, hands-on exposure to Python, NLP, Machine Learning. The candidate will collaborate with engineers, complete scoped technical tasks, and present progress during regular reviews. This program is designed for recent graduates and final-year students building their first professional experience.",Prototype NLP or retrieval-based applications; Prepare and preprocess text datasets; Evaluate retrieval and generation quality; Document experiments and technical findings; Participate in structured onboarding and rotational learning involving a mobile-first user experience,"Python, NLP, Machine Learning, Git","Transformers, Embeddings, Vector Databases, RAG, Communication","Strong problem-solving and analytical ability; Ability to work effectively in a team; Basic understanding of software development lifecycle; Enthusiasm for structured, cohort-based professional development","No prior professional experience is required for this graduate program; internships, academic projects, or coursework are accepted as evidence.","Completed or completing a B.E./B.Tech/B.Sc/BCA in Computer Science, Information Technology, or a related field within the last two years.",synthetic_curated,2026-10-06,"Job Title: Graduate NLP Engineer
Company: Aurorapeak Technologies
Location: Mumbai, Maharashtra
Work Mode: Hybrid
Employment Type: Graduate Role
Domain: Generative AI / NLP
Description: Aurorapeak Technologies is seeking a Graduate NLP Engineer for its Generative AI / NLP team, with assignments focused on a mobile-first user experience. This graduate program gives recent graduates structured, hands-on exposure to Python, NLP, Machine Learning. The candidate will collaborate with engineers, complete scoped technical tasks, and present progress during regular reviews. This program is designed for recent graduates and final-year students building their first professional experience.
Responsibilities: Prototype NLP or retrieval-based applications; Prepare and preprocess text datasets; Evaluate retrieval and generation quality; Document experiments and technical findings; Participate in structured onboarding and rotational learning involving a mobile-first user experience
Required Skills: Python, NLP, Machine Learning, Git
Preferred Skills: Transformers, Embeddings, Vector Databases, RAG, Communication
Qualifications: Strong problem-solving and analytical ability; Ability to work effectively in a team; Basic understanding of software development lifecycle; Enthusiasm for structured, cohort-based professional development
Experience: No prior professional experience is required for this graduate program; internships, academic projects, or coursework are accepted as evidence.
Education: Completed or completing a B.E./B.Tech/B.Sc/BCA in Computer Science, Information Technology, or a related field within the last two years."
JOB-0265,Graduate Cloud Engineer,Sablepeak Technologies,"Pune, Maharashtra",On-site,Graduate Role,Cloud Computing,"Sablepeak Technologies is seeking a Graduate Cloud Engineer for its Cloud Computing team, with assignments focused on an enterprise reporting solution. This graduate program gives recent graduates structured, hands-on exposure to Linux, Networking, Cloud Fundamentals. The candidate will collaborate with engineers, complete scoped technical tasks, and present progress during regular reviews. This program is designed for recent graduates and final-year students building their first professional experience.",Support cloud environment configuration; Assist with deployment and monitoring activities; Document infrastructure and operational procedures; Automate routine cloud administration tasks; Participate in structured onboarding and rotational learning involving an enterprise reporting solution,"Linux, Networking, Cloud Fundamentals, Git","AWS, Docker, Terraform, Python, Communication","Ability to work effectively in a team; Basic understanding of software development lifecycle; Attention to detail and ownership of assigned tasks; Enthusiasm for structured, cohort-based professional development","No prior professional experience is required for this graduate program; internships, academic projects, or coursework are accepted as evidence.","Completed or completing a B.E./B.Tech/B.Sc/BCA in Computer Science, Information Technology, or a related field within the last two years.",synthetic_curated,2026-10-06,"Job Title: Graduate Cloud Engineer
Company: Sablepeak Technologies
Location: Pune, Maharashtra
Work Mode: On-site
Employment Type: Graduate Role
Domain: Cloud Computing
Description: Sablepeak Technologies is seeking a Graduate Cloud Engineer for its Cloud Computing team, with assignments focused on an enterprise reporting solution. This graduate program gives recent graduates structured, hands-on exposure to Linux, Networking, Cloud Fundamentals. The candidate will collaborate with engineers, complete scoped technical tasks, and present progress during regular reviews. This program is designed for recent graduates and final-year students building their first professional experience.
Responsibilities: Support cloud environment configuration; Assist with deployment and monitoring activities; Document infrastructure and operational procedures; Automate routine cloud administration tasks; Participate in structured onboarding and rotational learning involving an enterprise reporting solution
Required Skills: Linux, Networking, Cloud Fundamentals, Git
Preferred Skills: AWS, Docker, Terraform, Python, Communication
Qualifications: Ability to work effectively in a team; Basic understanding of software development lifecycle; Attention to detail and ownership of assigned tasks; Enthusiasm for structured, cohort-based professional development
Experience: No prior professional experience is required for this graduate program; internships, academic projects, or coursework are accepted as evidence.
Education: Completed or completing a B.E./B.Tech/B.Sc/BCA in Computer Science, Information Technology, or a related field within the last two years."
JOB-0266,Graduate Security Engineer,Thornfield Analytics,"Bengaluru, Karnataka",On-site,Graduate Role,Cybersecurity,"Thornfield Analytics is seeking a Graduate Security Engineer for its Cybersecurity team, with assignments focused on a mobile-first user experience. This graduate program gives recent graduates structured, hands-on exposure to Networking, Linux, Cybersecurity Fundamentals. The candidate will collaborate with engineers, complete scoped technical tasks, and present progress during regular reviews. This program is designed for recent graduates and final-year students building their first professional experience.",Review security alerts and identify suspicious activity; Assist with vulnerability assessments; Document incidents and remediation recommendations; Support secure configuration reviews; Participate in structured onboarding and rotational learning involving a mobile-first user experience,"Networking, Linux, Cybersecurity Fundamentals, Security Concepts","SIEM, Python, OWASP, Incident Response, Communication","Basic understanding of software development lifecycle; Attention to detail and ownership of assigned tasks; Good written and verbal communication; Enthusiasm for structured, cohort-based professional development","No prior professional experience is required for this graduate program; internships, academic projects, or coursework are accepted as evidence.","Completed or completing a B.E./B.Tech/B.Sc/BCA in Computer Science, Information Technology, or a related field within the last two years.",synthetic_curated,2026-10-06,"Job Title: Graduate Security Engineer
Company: Thornfield Analytics
Location: Bengaluru, Karnataka
Work Mode: On-site
Employment Type: Graduate Role
Domain: Cybersecurity
Description: Thornfield Analytics is seeking a Graduate Security Engineer for its Cybersecurity team, with assignments focused on a mobile-first user experience. This graduate program gives recent graduates structured, hands-on exposure to Networking, Linux, Cybersecurity Fundamentals. The candidate will collaborate with engineers, complete scoped technical tasks, and present progress during regular reviews. This program is designed for recent graduates and final-year students building their first professional experience.
Responsibilities: Review security alerts and identify suspicious activity; Assist with vulnerability assessments; Document incidents and remediation recommendations; Support secure configuration reviews; Participate in structured onboarding and rotational learning involving a mobile-first user experience
Required Skills: Networking, Linux, Cybersecurity Fundamentals, Security Concepts
Preferred Skills: SIEM, Python, OWASP, Incident Response, Communication
Qualifications: Basic understanding of software development lifecycle; Attention to detail and ownership of assigned tasks; Good written and verbal communication; Enthusiasm for structured, cohort-based professional development
Experience: No prior professional experience is required for this graduate program; internships, academic projects, or coursework are accepted as evidence.
Education: Completed or completing a B.E./B.Tech/B.Sc/BCA in Computer Science, Information Technology, or a related field within the last two years."
JOB-0267,Graduate QA Engineer,Kestrelwave Technologies,"Remote, India",Remote,Graduate Role,Software Testing / QA,"Kestrelwave Technologies is seeking a Graduate QA Engineer for its Software Testing / QA team, with assignments focused on internal productivity tools. This graduate program gives recent graduates structured, hands-on exposure to Software Testing, Test Cases, Bug Tracking. The candidate will collaborate with engineers, complete scoped technical tasks, and present progress during regular reviews. This program is designed for recent graduates and final-year students building their first professional experience.",Create and execute functional test cases; Report defects with reproducible steps; Perform API and regression testing; Contribute to basic test automation; Participate in structured onboarding and rotational learning involving internal productivity tools,"Software Testing, Test Cases, Bug Tracking, SDLC","Selenium, Python, Postman, API Testing, Communication","Attention to detail and ownership of assigned tasks; Good written and verbal communication; Willingness to learn unfamiliar technologies; Enthusiasm for structured, cohort-based professional development","No prior professional experience is required for this graduate program; internships, academic projects, or coursework are accepted as evidence.","Completed or completing a B.E./B.Tech/B.Sc/BCA in Computer Science, Information Technology, or a related field within the last two years.",synthetic_curated,2026-10-07,"Job Title: Graduate QA Engineer
Company: Kestrelwave Technologies
Location: Remote, India
Work Mode: Remote
Employment Type: Graduate Role
Domain: Software Testing / QA
Description: Kestrelwave Technologies is seeking a Graduate QA Engineer for its Software Testing / QA team, with assignments focused on internal productivity tools. This graduate program gives recent graduates structured, hands-on exposure to Software Testing, Test Cases, Bug Tracking. The candidate will collaborate with engineers, complete scoped technical tasks, and present progress during regular reviews. This program is designed for recent graduates and final-year students building their first professional experience.
Responsibilities: Create and execute functional test cases; Report defects with reproducible steps; Perform API and regression testing; Contribute to basic test automation; Participate in structured onboarding and rotational learning involving internal productivity tools
Required Skills: Software Testing, Test Cases, Bug Tracking, SDLC
Preferred Skills: Selenium, Python, Postman, API Testing, Communication
Qualifications: Attention to detail and ownership of assigned tasks; Good written and verbal communication; Willingness to learn unfamiliar technologies; Enthusiasm for structured, cohort-based professional development
Experience: No prior professional experience is required for this graduate program; internships, academic projects, or coursework are accepted as evidence.
Education: Completed or completing a B.E./B.Tech/B.Sc/BCA in Computer Science, Information Technology, or a related field within the last two years."
JOB-0268,Graduate Software Engineer,OrbitCraft Software,"Kochi, Kerala",On-site,Graduate Role,Software Development,"OrbitCraft Software is seeking a Graduate Software Engineer for its Software Development team, with assignments focused on internal productivity tools. This graduate program gives recent graduates structured, hands-on exposure to Python, Data Structures, Algorithms. The candidate will collaborate with engineers, complete scoped technical tasks, and present progress during regular reviews. This program is designed for recent graduates and final-year students building their first professional experience.","Implement product features with test coverage; Debug and resolve defects in existing modules; Write clean, maintainable and testable code; Participate in code reviews and engineering discussions; Participate in structured onboarding and rotational learning involving internal productivity tools","Python, Data Structures, Algorithms, Git","REST APIs, SQL, Linux, Unit Testing, Communication","Strong problem-solving and analytical ability; Ability to work effectively in a team; Basic understanding of software development lifecycle; Enthusiasm for structured, cohort-based professional development","No prior professional experience is required for this graduate program; internships, academic projects, or coursework are accepted as evidence.","Completed or completing a B.E./B.Tech/B.Sc/BCA in Computer Science, Information Technology, or a related field within the last two years.",synthetic_curated,2026-10-07,"Job Title: Graduate Software Engineer
Company: OrbitCraft Software
Location: Kochi, Kerala
Work Mode: On-site
Employment Type: Graduate Role
Domain: Software Development
Description: OrbitCraft Software is seeking a Graduate Software Engineer for its Software Development team, with assignments focused on internal productivity tools. This graduate program gives recent graduates structured, hands-on exposure to Python, Data Structures, Algorithms. The candidate will collaborate with engineers, complete scoped technical tasks, and present progress during regular reviews. This program is designed for recent graduates and final-year students building their first professional experience.
Responsibilities: Implement product features with test coverage; Debug and resolve defects in existing modules; Write clean, maintainable and testable code; Participate in code reviews and engineering discussions; Participate in structured onboarding and rotational learning involving internal productivity tools
Required Skills: Python, Data Structures, Algorithms, Git
Preferred Skills: REST APIs, SQL, Linux, Unit Testing, Communication
Qualifications: Strong problem-solving and analytical ability; Ability to work effectively in a team; Basic understanding of software development lifecycle; Enthusiasm for structured, cohort-based professional development
Experience: No prior professional experience is required for this graduate program; internships, academic projects, or coursework are accepted as evidence.
Education: Completed or completing a B.E./B.Tech/B.Sc/BCA in Computer Science, Information Technology, or a related field within the last two years."
JOB-0269,Graduate Python Backend Engineer,Palisade Software Labs,"Chennai, Tamil Nadu",Hybrid,Graduate Role,Python Backend,"Palisade Software Labs is seeking a Graduate Python Backend Engineer for its Python Backend team, with assignments focused on a developer tooling platform. This graduate program gives recent graduates structured, hands-on exposure to Python, SQL, REST APIs. The candidate will collaborate with engineers, complete scoped technical tasks, and present progress during regular reviews. This program is designed for recent graduates and final-year students building their first professional experience.",Build backend APIs for internal and customer-facing features; Integrate relational databases with application services; Validate API inputs and handle errors consistently; Write automated tests and technical documentation; Participate in structured onboarding and rotational learning involving a developer tooling platform,"Python, SQL, REST APIs, Git","FastAPI, Flask, PostgreSQL, Docker, Communication","Ability to work effectively in a team; Basic understanding of software development lifecycle; Attention to detail and ownership of assigned tasks; Enthusiasm for structured, cohort-based professional development","No prior professional experience is required for this graduate program; internships, academic projects, or coursework are accepted as evidence.","Completed or completing a B.E./B.Tech/B.Sc/BCA in Computer Science, Information Technology, or a related field within the last two years.",synthetic_curated,2026-10-07,"Job Title: Graduate Python Backend Engineer
Company: Palisade Software Labs
Location: Chennai, Tamil Nadu
Work Mode: Hybrid
Employment Type: Graduate Role
Domain: Python Backend
Description: Palisade Software Labs is seeking a Graduate Python Backend Engineer for its Python Backend team, with assignments focused on a developer tooling platform. This graduate program gives recent graduates structured, hands-on exposure to Python, SQL, REST APIs. The candidate will collaborate with engineers, complete scoped technical tasks, and present progress during regular reviews. This program is designed for recent graduates and final-year students building their first professional experience.
Responsibilities: Build backend APIs for internal and customer-facing features; Integrate relational databases with application services; Validate API inputs and handle errors consistently; Write automated tests and technical documentation; Participate in structured onboarding and rotational learning involving a developer tooling platform
Required Skills: Python, SQL, REST APIs, Git
Preferred Skills: FastAPI, Flask, PostgreSQL, Docker, Communication
Qualifications: Ability to work effectively in a team; Basic understanding of software development lifecycle; Attention to detail and ownership of assigned tasks; Enthusiasm for structured, cohort-based professional development
Experience: No prior professional experience is required for this graduate program; internships, academic projects, or coursework are accepted as evidence.
Education: Completed or completing a B.E./B.Tech/B.Sc/BCA in Computer Science, Information Technology, or a related field within the last two years."
JOB-0270,Graduate Full Stack Engineer,Graymatter Analytics,"Remote, India",Remote,Graduate Role,Full Stack Development,"Graymatter Analytics is seeking a Graduate Full Stack Engineer for its Full Stack Development team, with assignments focused on an enterprise reporting solution. This graduate program gives recent graduates structured, hands-on exposure to JavaScript, HTML, CSS. The candidate will collaborate with engineers, complete scoped technical tasks, and present progress during regular reviews. This program is designed for recent graduates and final-year students building their first professional experience.",Develop features across frontend and backend modules; Connect application screens to APIs and databases; Troubleshoot integration issues; Document features and support test execution; Participate in structured onboarding and rotational learning involving an enterprise reporting solution,"JavaScript, HTML, CSS, Git","React, Node.js, MongoDB, REST APIs, Communication","Basic understanding of software development lifecycle; Attention to detail and ownership of assigned tasks; Good written and verbal communication; Enthusiasm for structured, cohort-based professional development","No prior professional experience is required for this graduate program; internships, academic projects, or coursework are accepted as evidence.","Completed or completing a B.E./B.Tech/B.Sc/BCA in Computer Science, Information Technology, or a related field within the last two years.",synthetic_curated,2026-10-08,"Job Title: Graduate Full Stack Engineer
Company: Graymatter Analytics
Location: Remote, India
Work Mode: Remote
Employment Type: Graduate Role
Domain: Full Stack Development
Description: Graymatter Analytics is seeking a Graduate Full Stack Engineer for its Full Stack Development team, with assignments focused on an enterprise reporting solution. This graduate program gives recent graduates structured, hands-on exposure to JavaScript, HTML, CSS. The candidate will collaborate with engineers, complete scoped technical tasks, and present progress during regular reviews. This program is designed for recent graduates and final-year students building their first professional experience.
Responsibilities: Develop features across frontend and backend modules; Connect application screens to APIs and databases; Troubleshoot integration issues; Document features and support test execution; Participate in structured onboarding and rotational learning involving an enterprise reporting solution
Required Skills: JavaScript, HTML, CSS, Git
Preferred Skills: React, Node.js, MongoDB, REST APIs, Communication
Qualifications: Basic understanding of software development lifecycle; Attention to detail and ownership of assigned tasks; Good written and verbal communication; Enthusiasm for structured, cohort-based professional development
Experience: No prior professional experience is required for this graduate program; internships, academic projects, or coursework are accepted as evidence.
Education: Completed or completing a B.E./B.Tech/B.Sc/BCA in Computer Science, Information Technology, or a related field within the last two years."
JOB-0271,Graduate Machine Learning Engineer,Meridian Byte Systems,"Kochi, Kerala",On-site,Graduate Role,Machine Learning,"Meridian Byte Systems is seeking a Graduate Machine Learning Engineer for its Machine Learning team, with assignments focused on a mobile-first user experience. This graduate program gives recent graduates structured, hands-on exposure to Python, Machine Learning, NumPy. The candidate will collaborate with engineers, complete scoped technical tasks, and present progress during regular reviews. This program is designed for recent graduates and final-year students building their first professional experience.",Prepare datasets for model training; Train and evaluate machine-learning models; Compare model performance using suitable metrics; Document experiments and model limitations; Participate in structured onboarding and rotational learning involving a mobile-first user experience,"Python, Machine Learning, NumPy, Pandas","Scikit-learn, TensorFlow, PyTorch, Model Evaluation, Communication","Attention to detail and ownership of assigned tasks; Good written and verbal communication; Willingness to learn unfamiliar technologies; Enthusiasm for structured, cohort-based professional development","No prior professional experience is required for this graduate program; internships, academic projects, or coursework are accepted as evidence.","Completed or completing a B.E./B.Tech/B.Sc/BCA in Computer Science, Information Technology, or a related field within the last two years.",synthetic_curated,2026-10-08,"Job Title: Graduate Machine Learning Engineer
Company: Meridian Byte Systems
Location: Kochi, Kerala
Work Mode: On-site
Employment Type: Graduate Role
Domain: Machine Learning
Description: Meridian Byte Systems is seeking a Graduate Machine Learning Engineer for its Machine Learning team, with assignments focused on a mobile-first user experience. This graduate program gives recent graduates structured, hands-on exposure to Python, Machine Learning, NumPy. The candidate will collaborate with engineers, complete scoped technical tasks, and present progress during regular reviews. This program is designed for recent graduates and final-year students building their first professional experience.
Responsibilities: Prepare datasets for model training; Train and evaluate machine-learning models; Compare model performance using suitable metrics; Document experiments and model limitations; Participate in structured onboarding and rotational learning involving a mobile-first user experience
Required Skills: Python, Machine Learning, NumPy, Pandas
Preferred Skills: Scikit-learn, TensorFlow, PyTorch, Model Evaluation, Communication
Qualifications: Attention to detail and ownership of assigned tasks; Good written and verbal communication; Willingness to learn unfamiliar technologies; Enthusiasm for structured, cohort-based professional development
Experience: No prior professional experience is required for this graduate program; internships, academic projects, or coursework are accepted as evidence.
Education: Completed or completing a B.E./B.Tech/B.Sc/BCA in Computer Science, Information Technology, or a related field within the last two years."
JOB-0272,Graduate Data Analytics Engineer,Fernbridge Software,"Gurugram, Haryana",Hybrid,Graduate Role,Data Analytics,"Fernbridge Software is seeking a Graduate Data Analytics Engineer for its Data Analytics team, with assignments focused on a cloud monitoring product. This graduate program gives recent graduates structured, hands-on exposure to SQL, Excel, Data Analysis. The candidate will collaborate with engineers, complete scoped technical tasks, and present progress during regular reviews. This program is designed for recent graduates and final-year students building their first professional experience.",Query and summarize business data; Create dashboards and recurring reports; Validate data quality and investigate anomalies; Present actionable insights to stakeholders; Participate in structured onboarding and rotational learning involving a cloud monitoring product,"SQL, Excel, Data Analysis, Statistics","Power BI, Tableau, Python, Data Visualization, Communication","Good written and verbal communication; Willingness to learn unfamiliar technologies; Ability to explain technical decisions clearly; Enthusiasm for structured, cohort-based professional development","No prior professional experience is required for this graduate program; internships, academic projects, or coursework are accepted as evidence.","Completed or completing a B.E./B.Tech/B.Sc/BCA in Computer Science, Information Technology, or a related field within the last two years.",synthetic_curated,2026-10-08,"Job Title: Graduate Data Analytics Engineer
Company: Fernbridge Software
Location: Gurugram, Haryana
Work Mode: Hybrid
Employment Type: Graduate Role
Domain: Data Analytics
Description: Fernbridge Software is seeking a Graduate Data Analytics Engineer for its Data Analytics team, with assignments focused on a cloud monitoring product. This graduate program gives recent graduates structured, hands-on exposure to SQL, Excel, Data Analysis. The candidate will collaborate with engineers, complete scoped technical tasks, and present progress during regular reviews. This program is designed for recent graduates and final-year students building their first professional experience.
Responsibilities: Query and summarize business data; Create dashboards and recurring reports; Validate data quality and investigate anomalies; Present actionable insights to stakeholders; Participate in structured onboarding and rotational learning involving a cloud monitoring product
Required Skills: SQL, Excel, Data Analysis, Statistics
Preferred Skills: Power BI, Tableau, Python, Data Visualization, Communication
Qualifications: Good written and verbal communication; Willingness to learn unfamiliar technologies; Ability to explain technical decisions clearly; Enthusiasm for structured, cohort-based professional development
Experience: No prior professional experience is required for this graduate program; internships, academic projects, or coursework are accepted as evidence.
Education: Completed or completing a B.E./B.Tech/B.Sc/BCA in Computer Science, Information Technology, or a related field within the last two years."
JOB-0273,Graduate DevOps Engineer,BrightStack Digital,"Bengaluru, Karnataka",On-site,Graduate Role,DevOps,"BrightStack Digital is seeking a Graduate DevOps Engineer for its DevOps team, with assignments focused on an inventory tracking system. This graduate program gives recent graduates structured, hands-on exposure to Linux, Git, Scripting. The candidate will collaborate with engineers, complete scoped technical tasks, and present progress during regular reviews. This program is designed for recent graduates and final-year students building their first professional experience.",Maintain CI/CD workflows; Automate repetitive engineering tasks; Assist with containerized application deployments; Monitor build and deployment health; Participate in structured onboarding and rotational learning involving an inventory tracking system,"Linux, Git, Scripting, Networking","Docker, Jenkins, GitHub Actions, Kubernetes, Communication","Willingness to learn unfamiliar technologies; Ability to explain technical decisions clearly; Strong problem-solving and analytical ability; Enthusiasm for structured, cohort-based professional development","No prior professional experience is required for this graduate program; internships, academic projects, or coursework are accepted as evidence.","Completed or completing a B.E./B.Tech/B.Sc/BCA in Computer Science, Information Technology, or a related field within the last two years.",synthetic_curated,2026-10-09,"Job Title: Graduate DevOps Engineer
Company: BrightStack Digital
Location: Bengaluru, Karnataka
Work Mode: On-site
Employment Type: Graduate Role
Domain: DevOps
Description: BrightStack Digital is seeking a Graduate DevOps Engineer for its DevOps team, with assignments focused on an inventory tracking system. This graduate program gives recent graduates structured, hands-on exposure to Linux, Git, Scripting. The candidate will collaborate with engineers, complete scoped technical tasks, and present progress during regular reviews. This program is designed for recent graduates and final-year students building their first professional experience.
Responsibilities: Maintain CI/CD workflows; Automate repetitive engineering tasks; Assist with containerized application deployments; Monitor build and deployment health; Participate in structured onboarding and rotational learning involving an inventory tracking system
Required Skills: Linux, Git, Scripting, Networking
Preferred Skills: Docker, Jenkins, GitHub Actions, Kubernetes, Communication
Qualifications: Willingness to learn unfamiliar technologies; Ability to explain technical decisions clearly; Strong problem-solving and analytical ability; Enthusiasm for structured, cohort-based professional development
Experience: No prior professional experience is required for this graduate program; internships, academic projects, or coursework are accepted as evidence.
Education: Completed or completing a B.E./B.Tech/B.Sc/BCA in Computer Science, Information Technology, or a related field within the last two years."
JOB-0274,Graduate Database Engineer,SecureArc Systems,"Coimbatore, Tamil Nadu",Hybrid,Graduate Role,Database / SQL,"SecureArc Systems is seeking a Graduate Database Engineer for its Database / SQL team, with assignments focused on a content management platform. This graduate program gives recent graduates structured, hands-on exposure to SQL, DBMS, Database Design. The candidate will collaborate with engineers, complete scoped technical tasks, and present progress during regular reviews. This program is designed for recent graduates and final-year students building their first professional experience.",Write and review SQL queries; Support schema design and data migration tasks; Investigate data quality issues; Assist with database performance analysis; Participate in structured onboarding and rotational learning involving a content management platform,"SQL, DBMS, Database Design, Data Modeling","PostgreSQL, MySQL, Python, Query Optimization, Communication","Ability to explain technical decisions clearly; Strong problem-solving and analytical ability; Ability to work effectively in a team; Enthusiasm for structured, cohort-based professional development","No prior professional experience is required for this graduate program; internships, academic projects, or coursework are accepted as evidence.","Completed or completing a B.E./B.Tech/B.Sc/BCA in Computer Science, Information Technology, or a related field within the last two years.",synthetic_curated,2026-10-09,"Job Title: Graduate Database Engineer
Company: SecureArc Systems
Location: Coimbatore, Tamil Nadu
Work Mode: Hybrid
Employment Type: Graduate Role
Domain: Database / SQL
Description: SecureArc Systems is seeking a Graduate Database Engineer for its Database / SQL team, with assignments focused on a content management platform. This graduate program gives recent graduates structured, hands-on exposure to SQL, DBMS, Database Design. The candidate will collaborate with engineers, complete scoped technical tasks, and present progress during regular reviews. This program is designed for recent graduates and final-year students building their first professional experience.
Responsibilities: Write and review SQL queries; Support schema design and data migration tasks; Investigate data quality issues; Assist with database performance analysis; Participate in structured onboarding and rotational learning involving a content management platform
Required Skills: SQL, DBMS, Database Design, Data Modeling
Preferred Skills: PostgreSQL, MySQL, Python, Query Optimization, Communication
Qualifications: Ability to explain technical decisions clearly; Strong problem-solving and analytical ability; Ability to work effectively in a team; Enthusiasm for structured, cohort-based professional development
Experience: No prior professional experience is required for this graduate program; internships, academic projects, or coursework are accepted as evidence.
Education: Completed or completing a B.E./B.Tech/B.Sc/BCA in Computer Science, Information Technology, or a related field within the last two years."
JOB-0275,Graduate Mobile Engineer,Solara Tech Solutions,"Hyderabad, Telangana",On-site,Graduate Role,Mobile Development,"Solara Tech Solutions is seeking a Graduate Mobile Engineer for its Mobile Development team, with assignments focused on a content management platform. This graduate program gives recent graduates structured, hands-on exposure to Programming Fundamentals, OOP, Git. The candidate will collaborate with engineers, complete scoped technical tasks, and present progress during regular reviews. This program is designed for recent graduates and final-year students building their first professional experience.",Implement mobile application screens and features; Integrate mobile apps with backend APIs; Fix UI and functional defects; Test features across supported devices; Participate in structured onboarding and rotational learning involving a content management platform,"Programming Fundamentals, OOP, Git, Mobile Development","Kotlin, Flutter, Dart, REST APIs, Communication","Strong problem-solving and analytical ability; Ability to work effectively in a team; Basic understanding of software development lifecycle; Enthusiasm for structured, cohort-based professional development","No prior professional experience is required for this graduate program; internships, academic projects, or coursework are accepted as evidence.","Completed or completing a B.E./B.Tech/B.Sc/BCA in Computer Science, Information Technology, or a related field within the last two years.",synthetic_curated,2026-10-09,"Job Title: Graduate Mobile Engineer
Company: Solara Tech Solutions
Location: Hyderabad, Telangana
Work Mode: On-site
Employment Type: Graduate Role
Domain: Mobile Development
Description: Solara Tech Solutions is seeking a Graduate Mobile Engineer for its Mobile Development team, with assignments focused on a content management platform. This graduate program gives recent graduates structured, hands-on exposure to Programming Fundamentals, OOP, Git. The candidate will collaborate with engineers, complete scoped technical tasks, and present progress during regular reviews. This program is designed for recent graduates and final-year students building their first professional experience.
Responsibilities: Implement mobile application screens and features; Integrate mobile apps with backend APIs; Fix UI and functional defects; Test features across supported devices; Participate in structured onboarding and rotational learning involving a content management platform
Required Skills: Programming Fundamentals, OOP, Git, Mobile Development
Preferred Skills: Kotlin, Flutter, Dart, REST APIs, Communication
Qualifications: Strong problem-solving and analytical ability; Ability to work effectively in a team; Basic understanding of software development lifecycle; Enthusiasm for structured, cohort-based professional development
Experience: No prior professional experience is required for this graduate program; internships, academic projects, or coursework are accepted as evidence.
Education: Completed or completing a B.E./B.Tech/B.Sc/BCA in Computer Science, Information Technology, or a related field within the last two years."
JOB-0276,Graduate Java Backend Engineer,Pathforge Software,"Pune, Maharashtra",On-site,Graduate Role,Java Backend,"Pathforge Software is seeking a Graduate Java Backend Engineer for its Java Backend team, with assignments focused on internal productivity tools. This graduate program gives recent graduates structured, hands-on exposure to Java, OOP, SQL. The candidate will collaborate with engineers, complete scoped technical tasks, and present progress during regular reviews. This program is designed for recent graduates and final-year students building their first professional experience.",Develop and maintain backend services; Create REST endpoints and integrate databases; Write unit tests for service-layer code; Assist with debugging and performance improvements; Participate in structured onboarding and rotational learning involving internal productivity tools,"Java, OOP, SQL, Git","Spring Boot, REST APIs, Maven, PostgreSQL, Communication","Good written and verbal communication; Willingness to learn unfamiliar technologies; Ability to explain technical decisions clearly; Enthusiasm for structured, cohort-based professional development","No prior professional experience is required for this graduate program; internships, academic projects, or coursework are accepted as evidence.","Completed or completing a B.E./B.Tech/B.Sc/BCA in Computer Science, Information Technology, or a related field within the last two years.",synthetic_curated,2026-10-10,"Job Title: Graduate Java Backend Engineer
Company: Pathforge Software
Location: Pune, Maharashtra
Work Mode: On-site
Employment Type: Graduate Role
Domain: Java Backend
Description: Pathforge Software is seeking a Graduate Java Backend Engineer for its Java Backend team, with assignments focused on internal productivity tools. This graduate program gives recent graduates structured, hands-on exposure to Java, OOP, SQL. The candidate will collaborate with engineers, complete scoped technical tasks, and present progress during regular reviews. This program is designed for recent graduates and final-year students building their first professional experience.
Responsibilities: Develop and maintain backend services; Create REST endpoints and integrate databases; Write unit tests for service-layer code; Assist with debugging and performance improvements; Participate in structured onboarding and rotational learning involving internal productivity tools
Required Skills: Java, OOP, SQL, Git
Preferred Skills: Spring Boot, REST APIs, Maven, PostgreSQL, Communication
Qualifications: Good written and verbal communication; Willingness to learn unfamiliar technologies; Ability to explain technical decisions clearly; Enthusiasm for structured, cohort-based professional development
Experience: No prior professional experience is required for this graduate program; internships, academic projects, or coursework are accepted as evidence.
Education: Completed or completing a B.E./B.Tech/B.Sc/BCA in Computer Science, Information Technology, or a related field within the last two years."
JOB-0277,Graduate Frontend Engineer,Thornfield Analytics,"Kolkata, West Bengal",Hybrid,Graduate Role,Frontend Development,"Thornfield Analytics is seeking a Graduate Frontend Engineer for its Frontend Development team, with assignments focused on a developer tooling platform. This graduate program gives recent graduates structured, hands-on exposure to HTML, CSS, JavaScript. The candidate will collaborate with engineers, complete scoped technical tasks, and present progress during regular reviews. This program is designed for recent graduates and final-year students building their first professional experience.",Build responsive user interface components; Integrate frontend screens with REST services; Fix UI bugs and improve accessibility; Collaborate with designers and backend developers; Participate in structured onboarding and rotational learning involving a developer tooling platform,"HTML, CSS, JavaScript, Git","React, TypeScript, Responsive Design, REST APIs, Communication","Willingness to learn unfamiliar technologies; Ability to explain technical decisions clearly; Strong problem-solving and analytical ability; Enthusiasm for structured, cohort-based professional development","No prior professional experience is required for this graduate program; internships, academic projects, or coursework are accepted as evidence.","Completed or completing a B.E./B.Tech/B.Sc/BCA in Computer Science, Information Technology, or a related field within the last two years.",synthetic_curated,2026-10-10,"Job Title: Graduate Frontend Engineer
Company: Thornfield Analytics
Location: Kolkata, West Bengal
Work Mode: Hybrid
Employment Type: Graduate Role
Domain: Frontend Development
Description: Thornfield Analytics is seeking a Graduate Frontend Engineer for its Frontend Development team, with assignments focused on a developer tooling platform. This graduate program gives recent graduates structured, hands-on exposure to HTML, CSS, JavaScript. The candidate will collaborate with engineers, complete scoped technical tasks, and present progress during regular reviews. This program is designed for recent graduates and final-year students building their first professional experience.
Responsibilities: Build responsive user interface components; Integrate frontend screens with REST services; Fix UI bugs and improve accessibility; Collaborate with designers and backend developers; Participate in structured onboarding and rotational learning involving a developer tooling platform
Required Skills: HTML, CSS, JavaScript, Git
Preferred Skills: React, TypeScript, Responsive Design, REST APIs, Communication
Qualifications: Willingness to learn unfamiliar technologies; Ability to explain technical decisions clearly; Strong problem-solving and analytical ability; Enthusiasm for structured, cohort-based professional development
Experience: No prior professional experience is required for this graduate program; internships, academic projects, or coursework are accepted as evidence.
Education: Completed or completing a B.E./B.Tech/B.Sc/BCA in Computer Science, Information Technology, or a related field within the last two years."
JOB-0278,Graduate Data Science Engineer,SignalPeak Systems,"Kolkata, West Bengal",Hybrid,Graduate Role,Data Science,"SignalPeak Systems is seeking a Graduate Data Science Engineer for its Data Science team, with assignments focused on a content management platform. This graduate program gives recent graduates structured, hands-on exposure to Python, Pandas, Statistics. The candidate will collaborate with engineers, complete scoped technical tasks, and present progress during regular reviews. This program is designed for recent graduates and final-year students building their first professional experience.",Clean and analyze structured datasets; Build baseline predictive models; Create exploratory analysis and visualizations; Communicate findings through concise reports; Participate in structured onboarding and rotational learning involving a content management platform,"Python, Pandas, Statistics, SQL","NumPy, Scikit-learn, Matplotlib, Jupyter, Communication","Ability to explain technical decisions clearly; Strong problem-solving and analytical ability; Ability to work effectively in a team; Enthusiasm for structured, cohort-based professional development","No prior professional experience is required for this graduate program; internships, academic projects, or coursework are accepted as evidence.","Completed or completing a B.E./B.Tech/B.Sc/BCA in Computer Science, Information Technology, or a related field within the last two years.",synthetic_curated,2026-10-10,"Job Title: Graduate Data Science Engineer
Company: SignalPeak Systems
Location: Kolkata, West Bengal
Work Mode: Hybrid
Employment Type: Graduate Role
Domain: Data Science
Description: SignalPeak Systems is seeking a Graduate Data Science Engineer for its Data Science team, with assignments focused on a content management platform. This graduate program gives recent graduates structured, hands-on exposure to Python, Pandas, Statistics. The candidate will collaborate with engineers, complete scoped technical tasks, and present progress during regular reviews. This program is designed for recent graduates and final-year students building their first professional experience.
Responsibilities: Clean and analyze structured datasets; Build baseline predictive models; Create exploratory analysis and visualizations; Communicate findings through concise reports; Participate in structured onboarding and rotational learning involving a content management platform
Required Skills: Python, Pandas, Statistics, SQL
Preferred Skills: NumPy, Scikit-learn, Matplotlib, Jupyter, Communication
Qualifications: Ability to explain technical decisions clearly; Strong problem-solving and analytical ability; Ability to work effectively in a team; Enthusiasm for structured, cohort-based professional development
Experience: No prior professional experience is required for this graduate program; internships, academic projects, or coursework are accepted as evidence.
Education: Completed or completing a B.E./B.Tech/B.Sc/BCA in Computer Science, Information Technology, or a related field within the last two years."
JOB-0279,Graduate NLP Engineer,Cobaltway Digital,"Noida, Uttar Pradesh",On-site,Graduate Role,Generative AI / NLP,"Cobaltway Digital is seeking a Graduate NLP Engineer for its Generative AI / NLP team, with assignments focused on an analytics reporting suite. This graduate program gives recent graduates structured, hands-on exposure to Python, NLP, Machine Learning. The candidate will collaborate with engineers, complete scoped technical tasks, and present progress during regular reviews. This program is designed for recent graduates and final-year students building their first professional experience.",Prototype NLP or retrieval-based applications; Prepare and preprocess text datasets; Evaluate retrieval and generation quality; Document experiments and technical findings; Participate in structured onboarding and rotational learning involving an analytics reporting suite,"Python, NLP, Machine Learning, Git","Transformers, Embeddings, Vector Databases, RAG, Communication","Strong problem-solving and analytical ability; Ability to work effectively in a team; Basic understanding of software development lifecycle; Enthusiasm for structured, cohort-based professional development","No prior professional experience is required for this graduate program; internships, academic projects, or coursework are accepted as evidence.","Completed or completing a B.E./B.Tech/B.Sc/BCA in Computer Science, Information Technology, or a related field within the last two years.",synthetic_curated,2026-10-11,"Job Title: Graduate NLP Engineer
Company: Cobaltway Digital
Location: Noida, Uttar Pradesh
Work Mode: On-site
Employment Type: Graduate Role
Domain: Generative AI / NLP
Description: Cobaltway Digital is seeking a Graduate NLP Engineer for its Generative AI / NLP team, with assignments focused on an analytics reporting suite. This graduate program gives recent graduates structured, hands-on exposure to Python, NLP, Machine Learning. The candidate will collaborate with engineers, complete scoped technical tasks, and present progress during regular reviews. This program is designed for recent graduates and final-year students building their first professional experience.
Responsibilities: Prototype NLP or retrieval-based applications; Prepare and preprocess text datasets; Evaluate retrieval and generation quality; Document experiments and technical findings; Participate in structured onboarding and rotational learning involving an analytics reporting suite
Required Skills: Python, NLP, Machine Learning, Git
Preferred Skills: Transformers, Embeddings, Vector Databases, RAG, Communication
Qualifications: Strong problem-solving and analytical ability; Ability to work effectively in a team; Basic understanding of software development lifecycle; Enthusiasm for structured, cohort-based professional development
Experience: No prior professional experience is required for this graduate program; internships, academic projects, or coursework are accepted as evidence.
Education: Completed or completing a B.E./B.Tech/B.Sc/BCA in Computer Science, Information Technology, or a related field within the last two years."
JOB-0280,Graduate Cloud Engineer,Emberline Technologies,"Bengaluru, Karnataka",On-site,Graduate Role,Cloud Computing,"Emberline Technologies is seeking a Graduate Cloud Engineer for its Cloud Computing team, with assignments focused on an analytics reporting suite. This graduate program gives recent graduates structured, hands-on exposure to Linux, Networking, Cloud Fundamentals. The candidate will collaborate with engineers, complete scoped technical tasks, and present progress during regular reviews. This program is designed for recent graduates and final-year students building their first professional experience.",Support cloud environment configuration; Assist with deployment and monitoring activities; Document infrastructure and operational procedures; Automate routine cloud administration tasks; Participate in structured onboarding and rotational learning involving an analytics reporting suite,"Linux, Networking, Cloud Fundamentals, Git","AWS, Docker, Terraform, Python, Communication","Ability to work effectively in a team; Basic understanding of software development lifecycle; Attention to detail and ownership of assigned tasks; Enthusiasm for structured, cohort-based professional development","No prior professional experience is required for this graduate program; internships, academic projects, or coursework are accepted as evidence.","Completed or completing a B.E./B.Tech/B.Sc/BCA in Computer Science, Information Technology, or a related field within the last two years.",synthetic_curated,2026-10-11,"Job Title: Graduate Cloud Engineer
Company: Emberline Technologies
Location: Bengaluru, Karnataka
Work Mode: On-site
Employment Type: Graduate Role
Domain: Cloud Computing
Description: Emberline Technologies is seeking a Graduate Cloud Engineer for its Cloud Computing team, with assignments focused on an analytics reporting suite. This graduate program gives recent graduates structured, hands-on exposure to Linux, Networking, Cloud Fundamentals. The candidate will collaborate with engineers, complete scoped technical tasks, and present progress during regular reviews. This program is designed for recent graduates and final-year students building their first professional experience.
Responsibilities: Support cloud environment configuration; Assist with deployment and monitoring activities; Document infrastructure and operational procedures; Automate routine cloud administration tasks; Participate in structured onboarding and rotational learning involving an analytics reporting suite
Required Skills: Linux, Networking, Cloud Fundamentals, Git
Preferred Skills: AWS, Docker, Terraform, Python, Communication
Qualifications: Ability to work effectively in a team; Basic understanding of software development lifecycle; Attention to detail and ownership of assigned tasks; Enthusiasm for structured, cohort-based professional development
Experience: No prior professional experience is required for this graduate program; internships, academic projects, or coursework are accepted as evidence.
Education: Completed or completing a B.E./B.Tech/B.Sc/BCA in Computer Science, Information Technology, or a related field within the last two years."
JOB-0281,Graduate Security Engineer,ByteBridge Innovations,"Hyderabad, Telangana",On-site,Graduate Role,Cybersecurity,"ByteBridge Innovations is seeking a Graduate Security Engineer for its Cybersecurity team, with assignments focused on a customer support platform. This graduate program gives recent graduates structured, hands-on exposure to Networking, Linux, Cybersecurity Fundamentals. The candidate will collaborate with engineers, complete scoped technical tasks, and present progress during regular reviews. This program is designed for recent graduates and final-year students building their first professional experience.",Review security alerts and identify suspicious activity; Assist with vulnerability assessments; Document incidents and remediation recommendations; Support secure configuration reviews; Participate in structured onboarding and rotational learning involving a customer support platform,"Networking, Linux, Cybersecurity Fundamentals, Security Concepts","SIEM, Python, OWASP, Incident Response, Communication","Basic understanding of software development lifecycle; Attention to detail and ownership of assigned tasks; Good written and verbal communication; Enthusiasm for structured, cohort-based professional development","No prior professional experience is required for this graduate program; internships, academic projects, or coursework are accepted as evidence.","Completed or completing a B.E./B.Tech/B.Sc/BCA in Computer Science, Information Technology, or a related field within the last two years.",synthetic_curated,2026-10-11,"Job Title: Graduate Security Engineer
Company: ByteBridge Innovations
Location: Hyderabad, Telangana
Work Mode: On-site
Employment Type: Graduate Role
Domain: Cybersecurity
Description: ByteBridge Innovations is seeking a Graduate Security Engineer for its Cybersecurity team, with assignments focused on a customer support platform. This graduate program gives recent graduates structured, hands-on exposure to Networking, Linux, Cybersecurity Fundamentals. The candidate will collaborate with engineers, complete scoped technical tasks, and present progress during regular reviews. This program is designed for recent graduates and final-year students building their first professional experience.
Responsibilities: Review security alerts and identify suspicious activity; Assist with vulnerability assessments; Document incidents and remediation recommendations; Support secure configuration reviews; Participate in structured onboarding and rotational learning involving a customer support platform
Required Skills: Networking, Linux, Cybersecurity Fundamentals, Security Concepts
Preferred Skills: SIEM, Python, OWASP, Incident Response, Communication
Qualifications: Basic understanding of software development lifecycle; Attention to detail and ownership of assigned tasks; Good written and verbal communication; Enthusiasm for structured, cohort-based professional development
Experience: No prior professional experience is required for this graduate program; internships, academic projects, or coursework are accepted as evidence.
Education: Completed or completing a B.E./B.Tech/B.Sc/BCA in Computer Science, Information Technology, or a related field within the last two years."
JOB-0282,Graduate QA Engineer,VertexLoop Software,"Pune, Maharashtra",On-site,Graduate Role,Software Testing / QA,"VertexLoop Software is seeking a Graduate QA Engineer for its Software Testing / QA team, with assignments focused on a developer tooling platform. This graduate program gives recent graduates structured, hands-on exposure to Software Testing, Test Cases, Bug Tracking. The candidate will collaborate with engineers, complete scoped technical tasks, and present progress during regular reviews. This program is designed for recent graduates and final-year students building their first professional experience.",Create and execute functional test cases; Report defects with reproducible steps; Perform API and regression testing; Contribute to basic test automation; Participate in structured onboarding and rotational learning involving a developer tooling platform,"Software Testing, Test Cases, Bug Tracking, SDLC","Selenium, Python, Postman, API Testing, Communication","Attention to detail and ownership of assigned tasks; Good written and verbal communication; Willingness to learn unfamiliar technologies; Enthusiasm for structured, cohort-based professional development","No prior professional experience is required for this graduate program; internships, academic projects, or coursework are accepted as evidence.","Completed or completing a B.E./B.Tech/B.Sc/BCA in Computer Science, Information Technology, or a related field within the last two years.",synthetic_curated,2026-10-12,"Job Title: Graduate QA Engineer
Company: VertexLoop Software
Location: Pune, Maharashtra
Work Mode: On-site
Employment Type: Graduate Role
Domain: Software Testing / QA
Description: VertexLoop Software is seeking a Graduate QA Engineer for its Software Testing / QA team, with assignments focused on a developer tooling platform. This graduate program gives recent graduates structured, hands-on exposure to Software Testing, Test Cases, Bug Tracking. The candidate will collaborate with engineers, complete scoped technical tasks, and present progress during regular reviews. This program is designed for recent graduates and final-year students building their first professional experience.
Responsibilities: Create and execute functional test cases; Report defects with reproducible steps; Perform API and regression testing; Contribute to basic test automation; Participate in structured onboarding and rotational learning involving a developer tooling platform
Required Skills: Software Testing, Test Cases, Bug Tracking, SDLC
Preferred Skills: Selenium, Python, Postman, API Testing, Communication
Qualifications: Attention to detail and ownership of assigned tasks; Good written and verbal communication; Willingness to learn unfamiliar technologies; Enthusiasm for structured, cohort-based professional development
Experience: No prior professional experience is required for this graduate program; internships, academic projects, or coursework are accepted as evidence.
Education: Completed or completing a B.E./B.Tech/B.Sc/BCA in Computer Science, Information Technology, or a related field within the last two years."
JOB-0283,Graduate Software Engineer,Palisade Software Labs,"Remote, India",Remote,Graduate Role,Software Development,"Palisade Software Labs is seeking a Graduate Software Engineer for its Software Development team, with assignments focused on a mobile-first user experience. This graduate program gives recent graduates structured, hands-on exposure to Python, Data Structures, Algorithms. The candidate will collaborate with engineers, complete scoped technical tasks, and present progress during regular reviews. This program is designed for recent graduates and final-year students building their first professional experience.","Implement product features with test coverage; Debug and resolve defects in existing modules; Write clean, maintainable and testable code; Participate in code reviews and engineering discussions; Participate in structured onboarding and rotational learning involving a mobile-first user experience","Python, Data Structures, Algorithms, Git","REST APIs, SQL, Linux, Unit Testing, Communication","Strong problem-solving and analytical ability; Ability to work effectively in a team; Basic understanding of software development lifecycle; Enthusiasm for structured, cohort-based professional development","No prior professional experience is required for this graduate program; internships, academic projects, or coursework are accepted as evidence.","Completed or completing a B.E./B.Tech/B.Sc/BCA in Computer Science, Information Technology, or a related field within the last two years.",synthetic_curated,2026-10-12,"Job Title: Graduate Software Engineer
Company: Palisade Software Labs
Location: Remote, India
Work Mode: Remote
Employment Type: Graduate Role
Domain: Software Development
Description: Palisade Software Labs is seeking a Graduate Software Engineer for its Software Development team, with assignments focused on a mobile-first user experience. This graduate program gives recent graduates structured, hands-on exposure to Python, Data Structures, Algorithms. The candidate will collaborate with engineers, complete scoped technical tasks, and present progress during regular reviews. This program is designed for recent graduates and final-year students building their first professional experience.
Responsibilities: Implement product features with test coverage; Debug and resolve defects in existing modules; Write clean, maintainable and testable code; Participate in code reviews and engineering discussions; Participate in structured onboarding and rotational learning involving a mobile-first user experience
Required Skills: Python, Data Structures, Algorithms, Git
Preferred Skills: REST APIs, SQL, Linux, Unit Testing, Communication
Qualifications: Strong problem-solving and analytical ability; Ability to work effectively in a team; Basic understanding of software development lifecycle; Enthusiasm for structured, cohort-based professional development
Experience: No prior professional experience is required for this graduate program; internships, academic projects, or coursework are accepted as evidence.
Education: Completed or completing a B.E./B.Tech/B.Sc/BCA in Computer Science, Information Technology, or a related field within the last two years."
JOB-0284,Graduate Python Backend Engineer,VertexLoop Software,"Bengaluru, Karnataka",On-site,Graduate Role,Python Backend,"VertexLoop Software is seeking a Graduate Python Backend Engineer for its Python Backend team, with assignments focused on customer-facing dashboards. This graduate program gives recent graduates structured, hands-on exposure to Python, SQL, REST APIs. The candidate will collaborate with engineers, complete scoped technical tasks, and present progress during regular reviews. This program is designed for recent graduates and final-year students building their first professional experience.",Build backend APIs for internal and customer-facing features; Integrate relational databases with application services; Validate API inputs and handle errors consistently; Write automated tests and technical documentation; Participate in structured onboarding and rotational learning involving customer-facing dashboards,"Python, SQL, REST APIs, Git","FastAPI, Flask, PostgreSQL, Docker, Communication","Ability to work effectively in a team; Basic understanding of software development lifecycle; Attention to detail and ownership of assigned tasks; Enthusiasm for structured, cohort-based professional development","No prior professional experience is required for this graduate program; internships, academic projects, or coursework are accepted as evidence.","Completed or completing a B.E./B.Tech/B.Sc/BCA in Computer Science, Information Technology, or a related field within the last two years.",synthetic_curated,2026-10-12,"Job Title: Graduate Python Backend Engineer
Company: VertexLoop Software
Location: Bengaluru, Karnataka
Work Mode: On-site
Employment Type: Graduate Role
Domain: Python Backend
Description: VertexLoop Software is seeking a Graduate Python Backend Engineer for its Python Backend team, with assignments focused on customer-facing dashboards. This graduate program gives recent graduates structured, hands-on exposure to Python, SQL, REST APIs. The candidate will collaborate with engineers, complete scoped technical tasks, and present progress during regular reviews. This program is designed for recent graduates and final-year students building their first professional experience.
Responsibilities: Build backend APIs for internal and customer-facing features; Integrate relational databases with application services; Validate API inputs and handle errors consistently; Write automated tests and technical documentation; Participate in structured onboarding and rotational learning involving customer-facing dashboards
Required Skills: Python, SQL, REST APIs, Git
Preferred Skills: FastAPI, Flask, PostgreSQL, Docker, Communication
Qualifications: Ability to work effectively in a team; Basic understanding of software development lifecycle; Attention to detail and ownership of assigned tasks; Enthusiasm for structured, cohort-based professional development
Experience: No prior professional experience is required for this graduate program; internships, academic projects, or coursework are accepted as evidence.
Education: Completed or completing a B.E./B.Tech/B.Sc/BCA in Computer Science, Information Technology, or a related field within the last two years."
JOB-0285,Graduate Full Stack Engineer,TechSprout Solutions,"Ahmedabad, Gujarat",On-site,Graduate Role,Full Stack Development,"TechSprout Solutions is seeking a Graduate Full Stack Engineer for its Full Stack Development team, with assignments focused on a developer tooling platform. This graduate program gives recent graduates structured, hands-on exposure to JavaScript, HTML, CSS. The candidate will collaborate with engineers, complete scoped technical tasks, and present progress during regular reviews. This program is designed for recent graduates and final-year students building their first professional experience.",Develop features across frontend and backend modules; Connect application screens to APIs and databases; Troubleshoot integration issues; Document features and support test execution; Participate in structured onboarding and rotational learning involving a developer tooling platform,"JavaScript, HTML, CSS, Git","React, Node.js, MongoDB, REST APIs, Communication","Basic understanding of software development lifecycle; Attention to detail and ownership of assigned tasks; Good written and verbal communication; Enthusiasm for structured, cohort-based professional development","No prior professional experience is required for this graduate program; internships, academic projects, or coursework are accepted as evidence.","Completed or completing a B.E./B.Tech/B.Sc/BCA in Computer Science, Information Technology, or a related field within the last two years.",synthetic_curated,2026-10-13,"Job Title: Graduate Full Stack Engineer
Company: TechSprout Solutions
Location: Ahmedabad, Gujarat
Work Mode: On-site
Employment Type: Graduate Role
Domain: Full Stack Development
Description: TechSprout Solutions is seeking a Graduate Full Stack Engineer for its Full Stack Development team, with assignments focused on a developer tooling platform. This graduate program gives recent graduates structured, hands-on exposure to JavaScript, HTML, CSS. The candidate will collaborate with engineers, complete scoped technical tasks, and present progress during regular reviews. This program is designed for recent graduates and final-year students building their first professional experience.
Responsibilities: Develop features across frontend and backend modules; Connect application screens to APIs and databases; Troubleshoot integration issues; Document features and support test execution; Participate in structured onboarding and rotational learning involving a developer tooling platform
Required Skills: JavaScript, HTML, CSS, Git
Preferred Skills: React, Node.js, MongoDB, REST APIs, Communication
Qualifications: Basic understanding of software development lifecycle; Attention to detail and ownership of assigned tasks; Good written and verbal communication; Enthusiasm for structured, cohort-based professional development
Experience: No prior professional experience is required for this graduate program; internships, academic projects, or coursework are accepted as evidence.
Education: Completed or completing a B.E./B.Tech/B.Sc/BCA in Computer Science, Information Technology, or a related field within the last two years."
JOB-0286,Graduate Machine Learning Engineer,Bluecrest Analytics,"Noida, Uttar Pradesh",On-site,Graduate Role,Machine Learning,"Bluecrest Analytics is seeking a Graduate Machine Learning Engineer for its Machine Learning team, with assignments focused on a content management platform. This graduate program gives recent graduates structured, hands-on exposure to Python, Machine Learning, NumPy. The candidate will collaborate with engineers, complete scoped technical tasks, and present progress during regular reviews. This program is designed for recent graduates and final-year students building their first professional experience.",Prepare datasets for model training; Train and evaluate machine-learning models; Compare model performance using suitable metrics; Document experiments and model limitations; Participate in structured onboarding and rotational learning involving a content management platform,"Python, Machine Learning, NumPy, Pandas","Scikit-learn, TensorFlow, PyTorch, Model Evaluation, Communication","Attention to detail and ownership of assigned tasks; Good written and verbal communication; Willingness to learn unfamiliar technologies; Enthusiasm for structured, cohort-based professional development","No prior professional experience is required for this graduate program; internships, academic projects, or coursework are accepted as evidence.","Completed or completing a B.E./B.Tech/B.Sc/BCA in Computer Science, Information Technology, or a related field within the last two years.",synthetic_curated,2026-10-13,"Job Title: Graduate Machine Learning Engineer
Company: Bluecrest Analytics
Location: Noida, Uttar Pradesh
Work Mode: On-site
Employment Type: Graduate Role
Domain: Machine Learning
Description: Bluecrest Analytics is seeking a Graduate Machine Learning Engineer for its Machine Learning team, with assignments focused on a content management platform. This graduate program gives recent graduates structured, hands-on exposure to Python, Machine Learning, NumPy. The candidate will collaborate with engineers, complete scoped technical tasks, and present progress during regular reviews. This program is designed for recent graduates and final-year students building their first professional experience.
Responsibilities: Prepare datasets for model training; Train and evaluate machine-learning models; Compare model performance using suitable metrics; Document experiments and model limitations; Participate in structured onboarding and rotational learning involving a content management platform
Required Skills: Python, Machine Learning, NumPy, Pandas
Preferred Skills: Scikit-learn, TensorFlow, PyTorch, Model Evaluation, Communication
Qualifications: Attention to detail and ownership of assigned tasks; Good written and verbal communication; Willingness to learn unfamiliar technologies; Enthusiasm for structured, cohort-based professional development
Experience: No prior professional experience is required for this graduate program; internships, academic projects, or coursework are accepted as evidence.
Education: Completed or completing a B.E./B.Tech/B.Sc/BCA in Computer Science, Information Technology, or a related field within the last two years."
JOB-0287,Graduate Data Analytics Engineer,Wrenfield Technologies,"Kochi, Kerala",On-site,Graduate Role,Data Analytics,"Wrenfield Technologies is seeking a Graduate Data Analytics Engineer for its Data Analytics team, with assignments focused on an internal data pipeline. This graduate program gives recent graduates structured, hands-on exposure to SQL, Excel, Data Analysis. The candidate will collaborate with engineers, complete scoped technical tasks, and present progress during regular reviews. This program is designed for recent graduates and final-year students building their first professional experience.",Query and summarize business data; Create dashboards and recurring reports; Validate data quality and investigate anomalies; Present actionable insights to stakeholders; Participate in structured onboarding and rotational learning involving an internal data pipeline,"SQL, Excel, Data Analysis, Statistics","Power BI, Tableau, Python, Data Visualization, Communication","Good written and verbal communication; Willingness to learn unfamiliar technologies; Ability to explain technical decisions clearly; Enthusiasm for structured, cohort-based professional development","No prior professional experience is required for this graduate program; internships, academic projects, or coursework are accepted as evidence.","Completed or completing a B.E./B.Tech/B.Sc/BCA in Computer Science, Information Technology, or a related field within the last two years.",synthetic_curated,2026-10-13,"Job Title: Graduate Data Analytics Engineer
Company: Wrenfield Technologies
Location: Kochi, Kerala
Work Mode: On-site
Employment Type: Graduate Role
Domain: Data Analytics
Description: Wrenfield Technologies is seeking a Graduate Data Analytics Engineer for its Data Analytics team, with assignments focused on an internal data pipeline. This graduate program gives recent graduates structured, hands-on exposure to SQL, Excel, Data Analysis. The candidate will collaborate with engineers, complete scoped technical tasks, and present progress during regular reviews. This program is designed for recent graduates and final-year students building their first professional experience.
Responsibilities: Query and summarize business data; Create dashboards and recurring reports; Validate data quality and investigate anomalies; Present actionable insights to stakeholders; Participate in structured onboarding and rotational learning involving an internal data pipeline
Required Skills: SQL, Excel, Data Analysis, Statistics
Preferred Skills: Power BI, Tableau, Python, Data Visualization, Communication
Qualifications: Good written and verbal communication; Willingness to learn unfamiliar technologies; Ability to explain technical decisions clearly; Enthusiasm for structured, cohort-based professional development
Experience: No prior professional experience is required for this graduate program; internships, academic projects, or coursework are accepted as evidence.
Education: Completed or completing a B.E./B.Tech/B.Sc/BCA in Computer Science, Information Technology, or a related field within the last two years."
JOB-0288,Graduate DevOps Engineer,Vireo Systems Group,"Coimbatore, Tamil Nadu",Hybrid,Graduate Role,DevOps,"Vireo Systems Group is seeking a Graduate DevOps Engineer for its DevOps team, with assignments focused on a cloud monitoring product. This graduate program gives recent graduates structured, hands-on exposure to Linux, Git, Scripting. The candidate will collaborate with engineers, complete scoped technical tasks, and present progress during regular reviews. This program is designed for recent graduates and final-year students building their first professional experience.",Maintain CI/CD workflows; Automate repetitive engineering tasks; Assist with containerized application deployments; Monitor build and deployment health; Participate in structured onboarding and rotational learning involving a cloud monitoring product,"Linux, Git, Scripting, Networking","Docker, Jenkins, GitHub Actions, Kubernetes, Communication","Willingness to learn unfamiliar technologies; Ability to explain technical decisions clearly; Strong problem-solving and analytical ability; Enthusiasm for structured, cohort-based professional development","No prior professional experience is required for this graduate program; internships, academic projects, or coursework are accepted as evidence.","Completed or completing a B.E./B.Tech/B.Sc/BCA in Computer Science, Information Technology, or a related field within the last two years.",synthetic_curated,2026-10-14,"Job Title: Graduate DevOps Engineer
Company: Vireo Systems Group
Location: Coimbatore, Tamil Nadu
Work Mode: Hybrid
Employment Type: Graduate Role
Domain: DevOps
Description: Vireo Systems Group is seeking a Graduate DevOps Engineer for its DevOps team, with assignments focused on a cloud monitoring product. This graduate program gives recent graduates structured, hands-on exposure to Linux, Git, Scripting. The candidate will collaborate with engineers, complete scoped technical tasks, and present progress during regular reviews. This program is designed for recent graduates and final-year students building their first professional experience.
Responsibilities: Maintain CI/CD workflows; Automate repetitive engineering tasks; Assist with containerized application deployments; Monitor build and deployment health; Participate in structured onboarding and rotational learning involving a cloud monitoring product
Required Skills: Linux, Git, Scripting, Networking
Preferred Skills: Docker, Jenkins, GitHub Actions, Kubernetes, Communication
Qualifications: Willingness to learn unfamiliar technologies; Ability to explain technical decisions clearly; Strong problem-solving and analytical ability; Enthusiasm for structured, cohort-based professional development
Experience: No prior professional experience is required for this graduate program; internships, academic projects, or coursework are accepted as evidence.
Education: Completed or completing a B.E./B.Tech/B.Sc/BCA in Computer Science, Information Technology, or a related field within the last two years."
JOB-0289,Graduate Database Engineer,QuantumLeaf Technologies,"Remote, India",Remote,Graduate Role,Database / SQL,"QuantumLeaf Technologies is seeking a Graduate Database Engineer for its Database / SQL team, with assignments focused on customer-facing dashboards. This graduate program gives recent graduates structured, hands-on exposure to SQL, DBMS, Database Design. The candidate will collaborate with engineers, complete scoped technical tasks, and present progress during regular reviews. This program is designed for recent graduates and final-year students building their first professional experience.",Write and review SQL queries; Support schema design and data migration tasks; Investigate data quality issues; Assist with database performance analysis; Participate in structured onboarding and rotational learning involving customer-facing dashboards,"SQL, DBMS, Database Design, Data Modeling","PostgreSQL, MySQL, Python, Query Optimization, Communication","Ability to explain technical decisions clearly; Strong problem-solving and analytical ability; Ability to work effectively in a team; Enthusiasm for structured, cohort-based professional development","No prior professional experience is required for this graduate program; internships, academic projects, or coursework are accepted as evidence.","Completed or completing a B.E./B.Tech/B.Sc/BCA in Computer Science, Information Technology, or a related field within the last two years.",synthetic_curated,2026-10-14,"Job Title: Graduate Database Engineer
Company: QuantumLeaf Technologies
Location: Remote, India
Work Mode: Remote
Employment Type: Graduate Role
Domain: Database / SQL
Description: QuantumLeaf Technologies is seeking a Graduate Database Engineer for its Database / SQL team, with assignments focused on customer-facing dashboards. This graduate program gives recent graduates structured, hands-on exposure to SQL, DBMS, Database Design. The candidate will collaborate with engineers, complete scoped technical tasks, and present progress during regular reviews. This program is designed for recent graduates and final-year students building their first professional experience.
Responsibilities: Write and review SQL queries; Support schema design and data migration tasks; Investigate data quality issues; Assist with database performance analysis; Participate in structured onboarding and rotational learning involving customer-facing dashboards
Required Skills: SQL, DBMS, Database Design, Data Modeling
Preferred Skills: PostgreSQL, MySQL, Python, Query Optimization, Communication
Qualifications: Ability to explain technical decisions clearly; Strong problem-solving and analytical ability; Ability to work effectively in a team; Enthusiasm for structured, cohort-based professional development
Experience: No prior professional experience is required for this graduate program; internships, academic projects, or coursework are accepted as evidence.
Education: Completed or completing a B.E./B.Tech/B.Sc/BCA in Computer Science, Information Technology, or a related field within the last two years."
JOB-0290,Graduate Mobile Engineer,DeepRiver Analytics,"Noida, Uttar Pradesh",On-site,Graduate Role,Mobile Development,"DeepRiver Analytics is seeking a Graduate Mobile Engineer for its Mobile Development team, with assignments focused on internal productivity tools. This graduate program gives recent graduates structured, hands-on exposure to Programming Fundamentals, OOP, Git. The candidate will collaborate with engineers, complete scoped technical tasks, and present progress during regular reviews. This program is designed for recent graduates and final-year students building their first professional experience.",Implement mobile application screens and features; Integrate mobile apps with backend APIs; Fix UI and functional defects; Test features across supported devices; Participate in structured onboarding and rotational learning involving internal productivity tools,"Programming Fundamentals, OOP, Git, Mobile Development","Kotlin, Flutter, Dart, REST APIs, Communication","Strong problem-solving and analytical ability; Ability to work effectively in a team; Basic understanding of software development lifecycle; Enthusiasm for structured, cohort-based professional development","No prior professional experience is required for this graduate program; internships, academic projects, or coursework are accepted as evidence.","Completed or completing a B.E./B.Tech/B.Sc/BCA in Computer Science, Information Technology, or a related field within the last two years.",synthetic_curated,2026-10-14,"Job Title: Graduate Mobile Engineer
Company: DeepRiver Analytics
Location: Noida, Uttar Pradesh
Work Mode: On-site
Employment Type: Graduate Role
Domain: Mobile Development
Description: DeepRiver Analytics is seeking a Graduate Mobile Engineer for its Mobile Development team, with assignments focused on internal productivity tools. This graduate program gives recent graduates structured, hands-on exposure to Programming Fundamentals, OOP, Git. The candidate will collaborate with engineers, complete scoped technical tasks, and present progress during regular reviews. This program is designed for recent graduates and final-year students building their first professional experience.
Responsibilities: Implement mobile application screens and features; Integrate mobile apps with backend APIs; Fix UI and functional defects; Test features across supported devices; Participate in structured onboarding and rotational learning involving internal productivity tools
Required Skills: Programming Fundamentals, OOP, Git, Mobile Development
Preferred Skills: Kotlin, Flutter, Dart, REST APIs, Communication
Qualifications: Strong problem-solving and analytical ability; Ability to work effectively in a team; Basic understanding of software development lifecycle; Enthusiasm for structured, cohort-based professional development
Experience: No prior professional experience is required for this graduate program; internships, academic projects, or coursework are accepted as evidence.
Education: Completed or completing a B.E./B.Tech/B.Sc/BCA in Computer Science, Information Technology, or a related field within the last two years."
JOB-0291,Graduate Java Backend Engineer,Windrift Labs,"Remote, India",Remote,Graduate Role,Java Backend,"Windrift Labs is seeking a Graduate Java Backend Engineer for its Java Backend team, with assignments focused on a payments reconciliation system. This graduate program gives recent graduates structured, hands-on exposure to Java, OOP, SQL. The candidate will collaborate with engineers, complete scoped technical tasks, and present progress during regular reviews. This program is designed for recent graduates and final-year students building their first professional experience.",Develop and maintain backend services; Create REST endpoints and integrate databases; Write unit tests for service-layer code; Assist with debugging and performance improvements; Participate in structured onboarding and rotational learning involving a payments reconciliation system,"Java, OOP, SQL, Git","Spring Boot, REST APIs, Maven, PostgreSQL, Communication","Good written and verbal communication; Willingness to learn unfamiliar technologies; Ability to explain technical decisions clearly; Enthusiasm for structured, cohort-based professional development","No prior professional experience is required for this graduate program; internships, academic projects, or coursework are accepted as evidence.","Completed or completing a B.E./B.Tech/B.Sc/BCA in Computer Science, Information Technology, or a related field within the last two years.",synthetic_curated,2026-10-15,"Job Title: Graduate Java Backend Engineer
Company: Windrift Labs
Location: Remote, India
Work Mode: Remote
Employment Type: Graduate Role
Domain: Java Backend
Description: Windrift Labs is seeking a Graduate Java Backend Engineer for its Java Backend team, with assignments focused on a payments reconciliation system. This graduate program gives recent graduates structured, hands-on exposure to Java, OOP, SQL. The candidate will collaborate with engineers, complete scoped technical tasks, and present progress during regular reviews. This program is designed for recent graduates and final-year students building their first professional experience.
Responsibilities: Develop and maintain backend services; Create REST endpoints and integrate databases; Write unit tests for service-layer code; Assist with debugging and performance improvements; Participate in structured onboarding and rotational learning involving a payments reconciliation system
Required Skills: Java, OOP, SQL, Git
Preferred Skills: Spring Boot, REST APIs, Maven, PostgreSQL, Communication
Qualifications: Good written and verbal communication; Willingness to learn unfamiliar technologies; Ability to explain technical decisions clearly; Enthusiasm for structured, cohort-based professional development
Experience: No prior professional experience is required for this graduate program; internships, academic projects, or coursework are accepted as evidence.
Education: Completed or completing a B.E./B.Tech/B.Sc/BCA in Computer Science, Information Technology, or a related field within the last two years."
JOB-0292,Graduate Frontend Engineer,InfraNova Technologies,"Kolkata, West Bengal",Hybrid,Graduate Role,Frontend Development,"InfraNova Technologies is seeking a Graduate Frontend Engineer for its Frontend Development team, with assignments focused on a content management platform. This graduate program gives recent graduates structured, hands-on exposure to HTML, CSS, JavaScript. The candidate will collaborate with engineers, complete scoped technical tasks, and present progress during regular reviews. This program is designed for recent graduates and final-year students building their first professional experience.",Build responsive user interface components; Integrate frontend screens with REST services; Fix UI bugs and improve accessibility; Collaborate with designers and backend developers; Participate in structured onboarding and rotational learning involving a content management platform,"HTML, CSS, JavaScript, Git","React, TypeScript, Responsive Design, REST APIs, Communication","Willingness to learn unfamiliar technologies; Ability to explain technical decisions clearly; Strong problem-solving and analytical ability; Enthusiasm for structured, cohort-based professional development","No prior professional experience is required for this graduate program; internships, academic projects, or coursework are accepted as evidence.","Completed or completing a B.E./B.Tech/B.Sc/BCA in Computer Science, Information Technology, or a related field within the last two years.",synthetic_curated,2026-10-15,"Job Title: Graduate Frontend Engineer
Company: InfraNova Technologies
Location: Kolkata, West Bengal
Work Mode: Hybrid
Employment Type: Graduate Role
Domain: Frontend Development
Description: InfraNova Technologies is seeking a Graduate Frontend Engineer for its Frontend Development team, with assignments focused on a content management platform. This graduate program gives recent graduates structured, hands-on exposure to HTML, CSS, JavaScript. The candidate will collaborate with engineers, complete scoped technical tasks, and present progress during regular reviews. This program is designed for recent graduates and final-year students building their first professional experience.
Responsibilities: Build responsive user interface components; Integrate frontend screens with REST services; Fix UI bugs and improve accessibility; Collaborate with designers and backend developers; Participate in structured onboarding and rotational learning involving a content management platform
Required Skills: HTML, CSS, JavaScript, Git
Preferred Skills: React, TypeScript, Responsive Design, REST APIs, Communication
Qualifications: Willingness to learn unfamiliar technologies; Ability to explain technical decisions clearly; Strong problem-solving and analytical ability; Enthusiasm for structured, cohort-based professional development
Experience: No prior professional experience is required for this graduate program; internships, academic projects, or coursework are accepted as evidence.
Education: Completed or completing a B.E./B.Tech/B.Sc/BCA in Computer Science, Information Technology, or a related field within the last two years."
JOB-0293,Graduate Data Science Engineer,Ironvale Systems,"Noida, Uttar Pradesh",On-site,Graduate Role,Data Science,"Ironvale Systems is seeking a Graduate Data Science Engineer for its Data Science team, with assignments focused on an analytics reporting suite. This graduate program gives recent graduates structured, hands-on exposure to Python, Pandas, Statistics. The candidate will collaborate with engineers, complete scoped technical tasks, and present progress during regular reviews. This program is designed for recent graduates and final-year students building their first professional experience.",Clean and analyze structured datasets; Build baseline predictive models; Create exploratory analysis and visualizations; Communicate findings through concise reports; Participate in structured onboarding and rotational learning involving an analytics reporting suite,"Python, Pandas, Statistics, SQL","NumPy, Scikit-learn, Matplotlib, Jupyter, Communication","Ability to explain technical decisions clearly; Strong problem-solving and analytical ability; Ability to work effectively in a team; Enthusiasm for structured, cohort-based professional development","No prior professional experience is required for this graduate program; internships, academic projects, or coursework are accepted as evidence.","Completed or completing a B.E./B.Tech/B.Sc/BCA in Computer Science, Information Technology, or a related field within the last two years.",synthetic_curated,2026-10-15,"Job Title: Graduate Data Science Engineer
Company: Ironvale Systems
Location: Noida, Uttar Pradesh
Work Mode: On-site
Employment Type: Graduate Role
Domain: Data Science
Description: Ironvale Systems is seeking a Graduate Data Science Engineer for its Data Science team, with assignments focused on an analytics reporting suite. This graduate program gives recent graduates structured, hands-on exposure to Python, Pandas, Statistics. The candidate will collaborate with engineers, complete scoped technical tasks, and present progress during regular reviews. This program is designed for recent graduates and final-year students building their first professional experience.
Responsibilities: Clean and analyze structured datasets; Build baseline predictive models; Create exploratory analysis and visualizations; Communicate findings through concise reports; Participate in structured onboarding and rotational learning involving an analytics reporting suite
Required Skills: Python, Pandas, Statistics, SQL
Preferred Skills: NumPy, Scikit-learn, Matplotlib, Jupyter, Communication
Qualifications: Ability to explain technical decisions clearly; Strong problem-solving and analytical ability; Ability to work effectively in a team; Enthusiasm for structured, cohort-based professional development
Experience: No prior professional experience is required for this graduate program; internships, academic projects, or coursework are accepted as evidence.
Education: Completed or completing a B.E./B.Tech/B.Sc/BCA in Computer Science, Information Technology, or a related field within the last two years."
JOB-0294,Graduate NLP Engineer,Thornfield Analytics,"Ahmedabad, Gujarat",On-site,Graduate Role,Generative AI / NLP,"Thornfield Analytics is seeking a Graduate NLP Engineer for its Generative AI / NLP team, with assignments focused on a cloud monitoring product. This graduate program gives recent graduates structured, hands-on exposure to Python, NLP, Machine Learning. The candidate will collaborate with engineers, complete scoped technical tasks, and present progress during regular reviews. This program is designed for recent graduates and final-year students building their first professional experience.",Prototype NLP or retrieval-based applications; Prepare and preprocess text datasets; Evaluate retrieval and generation quality; Document experiments and technical findings; Participate in structured onboarding and rotational learning involving a cloud monitoring product,"Python, NLP, Machine Learning, Git","Transformers, Embeddings, Vector Databases, RAG, Communication","Strong problem-solving and analytical ability; Ability to work effectively in a team; Basic understanding of software development lifecycle; Enthusiasm for structured, cohort-based professional development","No prior professional experience is required for this graduate program; internships, academic projects, or coursework are accepted as evidence.","Completed or completing a B.E./B.Tech/B.Sc/BCA in Computer Science, Information Technology, or a related field within the last two years.",synthetic_curated,2026-10-16,"Job Title: Graduate NLP Engineer
Company: Thornfield Analytics
Location: Ahmedabad, Gujarat
Work Mode: On-site
Employment Type: Graduate Role
Domain: Generative AI / NLP
Description: Thornfield Analytics is seeking a Graduate NLP Engineer for its Generative AI / NLP team, with assignments focused on a cloud monitoring product. This graduate program gives recent graduates structured, hands-on exposure to Python, NLP, Machine Learning. The candidate will collaborate with engineers, complete scoped technical tasks, and present progress during regular reviews. This program is designed for recent graduates and final-year students building their first professional experience.
Responsibilities: Prototype NLP or retrieval-based applications; Prepare and preprocess text datasets; Evaluate retrieval and generation quality; Document experiments and technical findings; Participate in structured onboarding and rotational learning involving a cloud monitoring product
Required Skills: Python, NLP, Machine Learning, Git
Preferred Skills: Transformers, Embeddings, Vector Databases, RAG, Communication
Qualifications: Strong problem-solving and analytical ability; Ability to work effectively in a team; Basic understanding of software development lifecycle; Enthusiasm for structured, cohort-based professional development
Experience: No prior professional experience is required for this graduate program; internships, academic projects, or coursework are accepted as evidence.
Education: Completed or completing a B.E./B.Tech/B.Sc/BCA in Computer Science, Information Technology, or a related field within the last two years."
JOB-0295,Graduate Cloud Engineer,CloudMint Innovations,"Pune, Maharashtra",Hybrid,Graduate Role,Cloud Computing,"CloudMint Innovations is seeking a Graduate Cloud Engineer for its Cloud Computing team, with assignments focused on a payments reconciliation system. This graduate program gives recent graduates structured, hands-on exposure to Linux, Networking, Cloud Fundamentals. The candidate will collaborate with engineers, complete scoped technical tasks, and present progress during regular reviews. This program is designed for recent graduates and final-year students building their first professional experience.",Support cloud environment configuration; Assist with deployment and monitoring activities; Document infrastructure and operational procedures; Automate routine cloud administration tasks; Participate in structured onboarding and rotational learning involving a payments reconciliation system,"Linux, Networking, Cloud Fundamentals, Git","AWS, Docker, Terraform, Python, Communication","Ability to work effectively in a team; Basic understanding of software development lifecycle; Attention to detail and ownership of assigned tasks; Enthusiasm for structured, cohort-based professional development","No prior professional experience is required for this graduate program; internships, academic projects, or coursework are accepted as evidence.","Completed or completing a B.E./B.Tech/B.Sc/BCA in Computer Science, Information Technology, or a related field within the last two years.",synthetic_curated,2026-10-16,"Job Title: Graduate Cloud Engineer
Company: CloudMint Innovations
Location: Pune, Maharashtra
Work Mode: Hybrid
Employment Type: Graduate Role
Domain: Cloud Computing
Description: CloudMint Innovations is seeking a Graduate Cloud Engineer for its Cloud Computing team, with assignments focused on a payments reconciliation system. This graduate program gives recent graduates structured, hands-on exposure to Linux, Networking, Cloud Fundamentals. The candidate will collaborate with engineers, complete scoped technical tasks, and present progress during regular reviews. This program is designed for recent graduates and final-year students building their first professional experience.
Responsibilities: Support cloud environment configuration; Assist with deployment and monitoring activities; Document infrastructure and operational procedures; Automate routine cloud administration tasks; Participate in structured onboarding and rotational learning involving a payments reconciliation system
Required Skills: Linux, Networking, Cloud Fundamentals, Git
Preferred Skills: AWS, Docker, Terraform, Python, Communication
Qualifications: Ability to work effectively in a team; Basic understanding of software development lifecycle; Attention to detail and ownership of assigned tasks; Enthusiasm for structured, cohort-based professional development
Experience: No prior professional experience is required for this graduate program; internships, academic projects, or coursework are accepted as evidence.
Education: Completed or completing a B.E./B.Tech/B.Sc/BCA in Computer Science, Information Technology, or a related field within the last two years."
JOB-0296,Security Engineering Trainee,Ironvale Systems,"Noida, Uttar Pradesh",On-site,Trainee,Cybersecurity,"Ironvale Systems is seeking a Security Engineering Trainee for its Cybersecurity team, with assignments focused on a content management platform. This structured trainee program builds foundational, job-ready skills in Networking, Linux, Cybersecurity Fundamentals. The candidate will collaborate with engineers, complete scoped technical tasks, and present progress during regular reviews. This entry-level trainee track combines instructor-led training with supervised, on-the-job practice.",Review security alerts and identify suspicious activity; Assist with vulnerability assessments; Document incidents and remediation recommendations; Support secure configuration reviews; Complete structured training modules and supervised practice involving a content management platform,"Networking, Linux, Cybersecurity Fundamentals, Security Concepts","SIEM, Python, OWASP, Incident Response, Communication",Basic understanding of software development lifecycle; Attention to detail and ownership of assigned tasks; Good written and verbal communication; Consistent attendance and active participation in structured training sessions,"No prior professional experience required; this is a structured, entry-level trainee program designed for early-career candidates.",Final-year or pre-final-year undergraduate student in a relevant engineering or computing program.,synthetic_curated,2026-10-16,"Job Title: Security Engineering Trainee
Company: Ironvale Systems
Location: Noida, Uttar Pradesh
Work Mode: On-site
Employment Type: Trainee
Domain: Cybersecurity
Description: Ironvale Systems is seeking a Security Engineering Trainee for its Cybersecurity team, with assignments focused on a content management platform. This structured trainee program builds foundational, job-ready skills in Networking, Linux, Cybersecurity Fundamentals. The candidate will collaborate with engineers, complete scoped technical tasks, and present progress during regular reviews. This entry-level trainee track combines instructor-led training with supervised, on-the-job practice.
Responsibilities: Review security alerts and identify suspicious activity; Assist with vulnerability assessments; Document incidents and remediation recommendations; Support secure configuration reviews; Complete structured training modules and supervised practice involving a content management platform
Required Skills: Networking, Linux, Cybersecurity Fundamentals, Security Concepts
Preferred Skills: SIEM, Python, OWASP, Incident Response, Communication
Qualifications: Basic understanding of software development lifecycle; Attention to detail and ownership of assigned tasks; Good written and verbal communication; Consistent attendance and active participation in structured training sessions
Experience: No prior professional experience required; this is a structured, entry-level trainee program designed for early-career candidates.
Education: Final-year or pre-final-year undergraduate student in a relevant engineering or computing program."
JOB-0297,QA Engineering Trainee,Fernbridge Software,"Hyderabad, Telangana",Hybrid,Trainee,Software Testing / QA,"Fernbridge Software is seeking a QA Engineering Trainee for its Software Testing / QA team, with assignments focused on internal productivity tools. This structured trainee program builds foundational, job-ready skills in Software Testing, Test Cases, Bug Tracking. The candidate will collaborate with engineers, complete scoped technical tasks, and present progress during regular reviews. This entry-level trainee track combines instructor-led training with supervised, on-the-job practice.",Create and execute functional test cases; Report defects with reproducible steps; Perform API and regression testing; Contribute to basic test automation; Complete structured training modules and supervised practice involving internal productivity tools,"Software Testing, Test Cases, Bug Tracking, SDLC","Selenium, Python, Postman, API Testing, Communication",Attention to detail and ownership of assigned tasks; Good written and verbal communication; Willingness to learn unfamiliar technologies; Consistent attendance and active participation in structured training sessions,"No prior professional experience required; this is a structured, entry-level trainee program designed for early-career candidates.",Final-year or pre-final-year undergraduate student in a relevant engineering or computing program.,synthetic_curated,2026-10-17,"Job Title: QA Engineering Trainee
Company: Fernbridge Software
Location: Hyderabad, Telangana
Work Mode: Hybrid
Employment Type: Trainee
Domain: Software Testing / QA
Description: Fernbridge Software is seeking a QA Engineering Trainee for its Software Testing / QA team, with assignments focused on internal productivity tools. This structured trainee program builds foundational, job-ready skills in Software Testing, Test Cases, Bug Tracking. The candidate will collaborate with engineers, complete scoped technical tasks, and present progress during regular reviews. This entry-level trainee track combines instructor-led training with supervised, on-the-job practice.
Responsibilities: Create and execute functional test cases; Report defects with reproducible steps; Perform API and regression testing; Contribute to basic test automation; Complete structured training modules and supervised practice involving internal productivity tools
Required Skills: Software Testing, Test Cases, Bug Tracking, SDLC
Preferred Skills: Selenium, Python, Postman, API Testing, Communication
Qualifications: Attention to detail and ownership of assigned tasks; Good written and verbal communication; Willingness to learn unfamiliar technologies; Consistent attendance and active participation in structured training sessions
Experience: No prior professional experience required; this is a structured, entry-level trainee program designed for early-career candidates.
Education: Final-year or pre-final-year undergraduate student in a relevant engineering or computing program."
JOB-0298,Software Engineering Trainee,DevSphere Labs,"Ahmedabad, Gujarat",On-site,Trainee,Software Development,"DevSphere Labs is seeking a Software Engineering Trainee for its Software Development team, with assignments focused on a cloud monitoring product. This structured trainee program builds foundational, job-ready skills in Python, Data Structures, Algorithms. The candidate will collaborate with engineers, complete scoped technical tasks, and present progress during regular reviews. This entry-level trainee track combines instructor-led training with supervised, on-the-job practice.","Implement product features with test coverage; Debug and resolve defects in existing modules; Write clean, maintainable and testable code; Participate in code reviews and engineering discussions; Complete structured training modules and supervised practice involving a cloud monitoring product","Python, Data Structures, Algorithms, Git","REST APIs, SQL, Linux, Unit Testing, Communication",Strong problem-solving and analytical ability; Ability to work effectively in a team; Basic understanding of software development lifecycle; Consistent attendance and active participation in structured training sessions,"No prior professional experience required; this is a structured, entry-level trainee program designed for early-career candidates.",Final-year or pre-final-year undergraduate student in a relevant engineering or computing program.,synthetic_curated,2026-10-17,"Job Title: Software Engineering Trainee
Company: DevSphere Labs
Location: Ahmedabad, Gujarat
Work Mode: On-site
Employment Type: Trainee
Domain: Software Development
Description: DevSphere Labs is seeking a Software Engineering Trainee for its Software Development team, with assignments focused on a cloud monitoring product. This structured trainee program builds foundational, job-ready skills in Python, Data Structures, Algorithms. The candidate will collaborate with engineers, complete scoped technical tasks, and present progress during regular reviews. This entry-level trainee track combines instructor-led training with supervised, on-the-job practice.
Responsibilities: Implement product features with test coverage; Debug and resolve defects in existing modules; Write clean, maintainable and testable code; Participate in code reviews and engineering discussions; Complete structured training modules and supervised practice involving a cloud monitoring product
Required Skills: Python, Data Structures, Algorithms, Git
Preferred Skills: REST APIs, SQL, Linux, Unit Testing, Communication
Qualifications: Strong problem-solving and analytical ability; Ability to work effectively in a team; Basic understanding of software development lifecycle; Consistent attendance and active participation in structured training sessions
Experience: No prior professional experience required; this is a structured, entry-level trainee program designed for early-career candidates.
Education: Final-year or pre-final-year undergraduate student in a relevant engineering or computing program."
JOB-0299,Python Backend Engineering Trainee,DevSphere Labs,"Ahmedabad, Gujarat",On-site,Trainee,Python Backend,"DevSphere Labs is seeking a Python Backend Engineering Trainee for its Python Backend team, with assignments focused on an internal data pipeline. This structured trainee program builds foundational, job-ready skills in Python, SQL, REST APIs. The candidate will collaborate with engineers, complete scoped technical tasks, and present progress during regular reviews. This entry-level trainee track combines instructor-led training with supervised, on-the-job practice.",Build backend APIs for internal and customer-facing features; Integrate relational databases with application services; Validate API inputs and handle errors consistently; Write automated tests and technical documentation; Complete structured training modules and supervised practice involving an internal data pipeline,"Python, SQL, REST APIs, Git","FastAPI, Flask, PostgreSQL, Docker, Communication",Ability to work effectively in a team; Basic understanding of software development lifecycle; Attention to detail and ownership of assigned tasks; Consistent attendance and active participation in structured training sessions,"No prior professional experience required; this is a structured, entry-level trainee program designed for early-career candidates.",Final-year or pre-final-year undergraduate student in a relevant engineering or computing program.,synthetic_curated,2026-10-17,"Job Title: Python Backend Engineering Trainee
Company: DevSphere Labs
Location: Ahmedabad, Gujarat
Work Mode: On-site
Employment Type: Trainee
Domain: Python Backend
Description: DevSphere Labs is seeking a Python Backend Engineering Trainee for its Python Backend team, with assignments focused on an internal data pipeline. This structured trainee program builds foundational, job-ready skills in Python, SQL, REST APIs. The candidate will collaborate with engineers, complete scoped technical tasks, and present progress during regular reviews. This entry-level trainee track combines instructor-led training with supervised, on-the-job practice.
Responsibilities: Build backend APIs for internal and customer-facing features; Integrate relational databases with application services; Validate API inputs and handle errors consistently; Write automated tests and technical documentation; Complete structured training modules and supervised practice involving an internal data pipeline
Required Skills: Python, SQL, REST APIs, Git
Preferred Skills: FastAPI, Flask, PostgreSQL, Docker, Communication
Qualifications: Ability to work effectively in a team; Basic understanding of software development lifecycle; Attention to detail and ownership of assigned tasks; Consistent attendance and active participation in structured training sessions
Experience: No prior professional experience required; this is a structured, entry-level trainee program designed for early-career candidates.
Education: Final-year or pre-final-year undergraduate student in a relevant engineering or computing program."
JOB-0300,Full Stack Engineering Trainee,Solara Tech Solutions,"Pune, Maharashtra",On-site,Trainee,Full Stack Development,"Solara Tech Solutions is seeking a Full Stack Engineering Trainee for its Full Stack Development team, with assignments focused on a mobile-first user experience. This structured trainee program builds foundational, job-ready skills in JavaScript, HTML, CSS. The candidate will collaborate with engineers, complete scoped technical tasks, and present progress during regular reviews. This entry-level trainee track combines instructor-led training with supervised, on-the-job practice.",Develop features across frontend and backend modules; Connect application screens to APIs and databases; Troubleshoot integration issues; Document features and support test execution; Complete structured training modules and supervised practice involving a mobile-first user experience,"JavaScript, HTML, CSS, Git","React, Node.js, MongoDB, REST APIs, Communication",Basic understanding of software development lifecycle; Attention to detail and ownership of assigned tasks; Good written and verbal communication; Consistent attendance and active participation in structured training sessions,"No prior professional experience required; this is a structured, entry-level trainee program designed for early-career candidates.",Final-year or pre-final-year undergraduate student in a relevant engineering or computing program.,synthetic_curated,2026-10-18,"Job Title: Full Stack Engineering Trainee
Company: Solara Tech Solutions
Location: Pune, Maharashtra
Work Mode: On-site
Employment Type: Trainee
Domain: Full Stack Development
Description: Solara Tech Solutions is seeking a Full Stack Engineering Trainee for its Full Stack Development team, with assignments focused on a mobile-first user experience. This structured trainee program builds foundational, job-ready skills in JavaScript, HTML, CSS. The candidate will collaborate with engineers, complete scoped technical tasks, and present progress during regular reviews. This entry-level trainee track combines instructor-led training with supervised, on-the-job practice.
Responsibilities: Develop features across frontend and backend modules; Connect application screens to APIs and databases; Troubleshoot integration issues; Document features and support test execution; Complete structured training modules and supervised practice involving a mobile-first user experience
Required Skills: JavaScript, HTML, CSS, Git
Preferred Skills: React, Node.js, MongoDB, REST APIs, Communication
Qualifications: Basic understanding of software development lifecycle; Attention to detail and ownership of assigned tasks; Good written and verbal communication; Consistent attendance and active participation in structured training sessions
Experience: No prior professional experience required; this is a structured, entry-level trainee program designed for early-career candidates.
Education: Final-year or pre-final-year undergraduate student in a relevant engineering or computing program."
JOB-0301,Machine Learning Engineering Trainee,DevSphere Labs,"Pune, Maharashtra",On-site,Trainee,Machine Learning,"DevSphere Labs is seeking a Machine Learning Engineering Trainee for its Machine Learning team, with assignments focused on a customer support platform. This structured trainee program builds foundational, job-ready skills in Python, Machine Learning, NumPy. The candidate will collaborate with engineers, complete scoped technical tasks, and present progress during regular reviews. This entry-level trainee track combines instructor-led training with supervised, on-the-job practice.",Prepare datasets for model training; Train and evaluate machine-learning models; Compare model performance using suitable metrics; Document experiments and model limitations; Complete structured training modules and supervised practice involving a customer support platform,"Python, Machine Learning, NumPy, Pandas","Scikit-learn, TensorFlow, PyTorch, Model Evaluation, Communication",Attention to detail and ownership of assigned tasks; Good written and verbal communication; Willingness to learn unfamiliar technologies; Consistent attendance and active participation in structured training sessions,"No prior professional experience required; this is a structured, entry-level trainee program designed for early-career candidates.",Final-year or pre-final-year undergraduate student in a relevant engineering or computing program.,synthetic_curated,2026-10-18,"Job Title: Machine Learning Engineering Trainee
Company: DevSphere Labs
Location: Pune, Maharashtra
Work Mode: On-site
Employment Type: Trainee
Domain: Machine Learning
Description: DevSphere Labs is seeking a Machine Learning Engineering Trainee for its Machine Learning team, with assignments focused on a customer support platform. This structured trainee program builds foundational, job-ready skills in Python, Machine Learning, NumPy. The candidate will collaborate with engineers, complete scoped technical tasks, and present progress during regular reviews. This entry-level trainee track combines instructor-led training with supervised, on-the-job practice.
Responsibilities: Prepare datasets for model training; Train and evaluate machine-learning models; Compare model performance using suitable metrics; Document experiments and model limitations; Complete structured training modules and supervised practice involving a customer support platform
Required Skills: Python, Machine Learning, NumPy, Pandas
Preferred Skills: Scikit-learn, TensorFlow, PyTorch, Model Evaluation, Communication
Qualifications: Attention to detail and ownership of assigned tasks; Good written and verbal communication; Willingness to learn unfamiliar technologies; Consistent attendance and active participation in structured training sessions
Experience: No prior professional experience required; this is a structured, entry-level trainee program designed for early-career candidates.
Education: Final-year or pre-final-year undergraduate student in a relevant engineering or computing program."
JOB-0302,Data Analytics Engineering Trainee,Driftstone Labs,"Noida, Uttar Pradesh",On-site,Trainee,Data Analytics,"Driftstone Labs is seeking a Data Analytics Engineering Trainee for its Data Analytics team, with assignments focused on a content management platform. This structured trainee program builds foundational, job-ready skills in SQL, Excel, Data Analysis. The candidate will collaborate with engineers, complete scoped technical tasks, and present progress during regular reviews. This entry-level trainee track combines instructor-led training with supervised, on-the-job practice.",Query and summarize business data; Create dashboards and recurring reports; Validate data quality and investigate anomalies; Present actionable insights to stakeholders; Complete structured training modules and supervised practice involving a content management platform,"SQL, Excel, Data Analysis, Statistics","Power BI, Tableau, Python, Data Visualization, Communication",Good written and verbal communication; Willingness to learn unfamiliar technologies; Ability to explain technical decisions clearly; Consistent attendance and active participation in structured training sessions,"No prior professional experience required; this is a structured, entry-level trainee program designed for early-career candidates.",Final-year or pre-final-year undergraduate student in a relevant engineering or computing program.,synthetic_curated,2026-10-18,"Job Title: Data Analytics Engineering Trainee
Company: Driftstone Labs
Location: Noida, Uttar Pradesh
Work Mode: On-site
Employment Type: Trainee
Domain: Data Analytics
Description: Driftstone Labs is seeking a Data Analytics Engineering Trainee for its Data Analytics team, with assignments focused on a content management platform. This structured trainee program builds foundational, job-ready skills in SQL, Excel, Data Analysis. The candidate will collaborate with engineers, complete scoped technical tasks, and present progress during regular reviews. This entry-level trainee track combines instructor-led training with supervised, on-the-job practice.
Responsibilities: Query and summarize business data; Create dashboards and recurring reports; Validate data quality and investigate anomalies; Present actionable insights to stakeholders; Complete structured training modules and supervised practice involving a content management platform
Required Skills: SQL, Excel, Data Analysis, Statistics
Preferred Skills: Power BI, Tableau, Python, Data Visualization, Communication
Qualifications: Good written and verbal communication; Willingness to learn unfamiliar technologies; Ability to explain technical decisions clearly; Consistent attendance and active participation in structured training sessions
Experience: No prior professional experience required; this is a structured, entry-level trainee program designed for early-career candidates.
Education: Final-year or pre-final-year undergraduate student in a relevant engineering or computing program."
JOB-0303,DevOps Engineering Trainee,AppCrest Technologies,"Hyderabad, Telangana",Hybrid,Trainee,DevOps,"AppCrest Technologies is seeking a DevOps Engineering Trainee for its DevOps team, with assignments focused on a content management platform. This structured trainee program builds foundational, job-ready skills in Linux, Git, Scripting. The candidate will collaborate with engineers, complete scoped technical tasks, and present progress during regular reviews. This entry-level trainee track combines instructor-led training with supervised, on-the-job practice.",Maintain CI/CD workflows; Automate repetitive engineering tasks; Assist with containerized application deployments; Monitor build and deployment health; Complete structured training modules and supervised practice involving a content management platform,"Linux, Git, Scripting, Networking","Docker, Jenkins, GitHub Actions, Kubernetes, Communication",Willingness to learn unfamiliar technologies; Ability to explain technical decisions clearly; Strong problem-solving and analytical ability; Consistent attendance and active participation in structured training sessions,"No prior professional experience required; this is a structured, entry-level trainee program designed for early-career candidates.",Final-year or pre-final-year undergraduate student in a relevant engineering or computing program.,synthetic_curated,2026-10-19,"Job Title: DevOps Engineering Trainee
Company: AppCrest Technologies
Location: Hyderabad, Telangana
Work Mode: Hybrid
Employment Type: Trainee
Domain: DevOps
Description: AppCrest Technologies is seeking a DevOps Engineering Trainee for its DevOps team, with assignments focused on a content management platform. This structured trainee program builds foundational, job-ready skills in Linux, Git, Scripting. The candidate will collaborate with engineers, complete scoped technical tasks, and present progress during regular reviews. This entry-level trainee track combines instructor-led training with supervised, on-the-job practice.
Responsibilities: Maintain CI/CD workflows; Automate repetitive engineering tasks; Assist with containerized application deployments; Monitor build and deployment health; Complete structured training modules and supervised practice involving a content management platform
Required Skills: Linux, Git, Scripting, Networking
Preferred Skills: Docker, Jenkins, GitHub Actions, Kubernetes, Communication
Qualifications: Willingness to learn unfamiliar technologies; Ability to explain technical decisions clearly; Strong problem-solving and analytical ability; Consistent attendance and active participation in structured training sessions
Experience: No prior professional experience required; this is a structured, entry-level trainee program designed for early-career candidates.
Education: Final-year or pre-final-year undergraduate student in a relevant engineering or computing program."
JOB-0304,Database Engineering Trainee,Hearthline Digital,"Kochi, Kerala",On-site,Trainee,Database / SQL,"Hearthline Digital is seeking a Database Engineering Trainee for its Database / SQL team, with assignments focused on a developer tooling platform. This structured trainee program builds foundational, job-ready skills in SQL, DBMS, Database Design. The candidate will collaborate with engineers, complete scoped technical tasks, and present progress during regular reviews. This entry-level trainee track combines instructor-led training with supervised, on-the-job practice.",Write and review SQL queries; Support schema design and data migration tasks; Investigate data quality issues; Assist with database performance analysis; Complete structured training modules and supervised practice involving a developer tooling platform,"SQL, DBMS, Database Design, Data Modeling","PostgreSQL, MySQL, Python, Query Optimization, Communication",Ability to explain technical decisions clearly; Strong problem-solving and analytical ability; Ability to work effectively in a team; Consistent attendance and active participation in structured training sessions,"No prior professional experience required; this is a structured, entry-level trainee program designed for early-career candidates.",Final-year or pre-final-year undergraduate student in a relevant engineering or computing program.,synthetic_curated,2026-10-19,"Job Title: Database Engineering Trainee
Company: Hearthline Digital
Location: Kochi, Kerala
Work Mode: On-site
Employment Type: Trainee
Domain: Database / SQL
Description: Hearthline Digital is seeking a Database Engineering Trainee for its Database / SQL team, with assignments focused on a developer tooling platform. This structured trainee program builds foundational, job-ready skills in SQL, DBMS, Database Design. The candidate will collaborate with engineers, complete scoped technical tasks, and present progress during regular reviews. This entry-level trainee track combines instructor-led training with supervised, on-the-job practice.
Responsibilities: Write and review SQL queries; Support schema design and data migration tasks; Investigate data quality issues; Assist with database performance analysis; Complete structured training modules and supervised practice involving a developer tooling platform
Required Skills: SQL, DBMS, Database Design, Data Modeling
Preferred Skills: PostgreSQL, MySQL, Python, Query Optimization, Communication
Qualifications: Ability to explain technical decisions clearly; Strong problem-solving and analytical ability; Ability to work effectively in a team; Consistent attendance and active participation in structured training sessions
Experience: No prior professional experience required; this is a structured, entry-level trainee program designed for early-career candidates.
Education: Final-year or pre-final-year undergraduate student in a relevant engineering or computing program."
JOB-0305,Mobile Engineering Trainee,Bluecrest Analytics,"Chennai, Tamil Nadu",On-site,Trainee,Mobile Development,"Bluecrest Analytics is seeking a Mobile Engineering Trainee for its Mobile Development team, with assignments focused on a payments reconciliation system. This structured trainee program builds foundational, job-ready skills in Programming Fundamentals, OOP, Git. The candidate will collaborate with engineers, complete scoped technical tasks, and present progress during regular reviews. This entry-level trainee track combines instructor-led training with supervised, on-the-job practice.",Implement mobile application screens and features; Integrate mobile apps with backend APIs; Fix UI and functional defects; Test features across supported devices; Complete structured training modules and supervised practice involving a payments reconciliation system,"Programming Fundamentals, OOP, Git, Mobile Development","Kotlin, Flutter, Dart, REST APIs, Communication",Strong problem-solving and analytical ability; Ability to work effectively in a team; Basic understanding of software development lifecycle; Consistent attendance and active participation in structured training sessions,"No prior professional experience required; this is a structured, entry-level trainee program designed for early-career candidates.",Final-year or pre-final-year undergraduate student in a relevant engineering or computing program.,synthetic_curated,2026-10-19,"Job Title: Mobile Engineering Trainee
Company: Bluecrest Analytics
Location: Chennai, Tamil Nadu
Work Mode: On-site
Employment Type: Trainee
Domain: Mobile Development
Description: Bluecrest Analytics is seeking a Mobile Engineering Trainee for its Mobile Development team, with assignments focused on a payments reconciliation system. This structured trainee program builds foundational, job-ready skills in Programming Fundamentals, OOP, Git. The candidate will collaborate with engineers, complete scoped technical tasks, and present progress during regular reviews. This entry-level trainee track combines instructor-led training with supervised, on-the-job practice.
Responsibilities: Implement mobile application screens and features; Integrate mobile apps with backend APIs; Fix UI and functional defects; Test features across supported devices; Complete structured training modules and supervised practice involving a payments reconciliation system
Required Skills: Programming Fundamentals, OOP, Git, Mobile Development
Preferred Skills: Kotlin, Flutter, Dart, REST APIs, Communication
Qualifications: Strong problem-solving and analytical ability; Ability to work effectively in a team; Basic understanding of software development lifecycle; Consistent attendance and active participation in structured training sessions
Experience: No prior professional experience required; this is a structured, entry-level trainee program designed for early-career candidates.
Education: Final-year or pre-final-year undergraduate student in a relevant engineering or computing program."
JOB-0306,Java Backend Engineering Trainee,NexaGrid Systems,"Chennai, Tamil Nadu",Hybrid,Trainee,Java Backend,"NexaGrid Systems is seeking a Java Backend Engineering Trainee for its Java Backend team, with assignments focused on a customer support platform. This structured trainee program builds foundational, job-ready skills in Java, OOP, SQL. The candidate will collaborate with engineers, complete scoped technical tasks, and present progress during regular reviews. This entry-level trainee track combines instructor-led training with supervised, on-the-job practice.",Develop and maintain backend services; Create REST endpoints and integrate databases; Write unit tests for service-layer code; Assist with debugging and performance improvements; Complete structured training modules and supervised practice involving a customer support platform,"Java, OOP, SQL, Git","Spring Boot, REST APIs, Maven, PostgreSQL, Communication",Good written and verbal communication; Willingness to learn unfamiliar technologies; Ability to explain technical decisions clearly; Consistent attendance and active participation in structured training sessions,"No prior professional experience required; this is a structured, entry-level trainee program designed for early-career candidates.",Final-year or pre-final-year undergraduate student in a relevant engineering or computing program.,synthetic_curated,2026-10-20,"Job Title: Java Backend Engineering Trainee
Company: NexaGrid Systems
Location: Chennai, Tamil Nadu
Work Mode: Hybrid
Employment Type: Trainee
Domain: Java Backend
Description: NexaGrid Systems is seeking a Java Backend Engineering Trainee for its Java Backend team, with assignments focused on a customer support platform. This structured trainee program builds foundational, job-ready skills in Java, OOP, SQL. The candidate will collaborate with engineers, complete scoped technical tasks, and present progress during regular reviews. This entry-level trainee track combines instructor-led training with supervised, on-the-job practice.
Responsibilities: Develop and maintain backend services; Create REST endpoints and integrate databases; Write unit tests for service-layer code; Assist with debugging and performance improvements; Complete structured training modules and supervised practice involving a customer support platform
Required Skills: Java, OOP, SQL, Git
Preferred Skills: Spring Boot, REST APIs, Maven, PostgreSQL, Communication
Qualifications: Good written and verbal communication; Willingness to learn unfamiliar technologies; Ability to explain technical decisions clearly; Consistent attendance and active participation in structured training sessions
Experience: No prior professional experience required; this is a structured, entry-level trainee program designed for early-career candidates.
Education: Final-year or pre-final-year undergraduate student in a relevant engineering or computing program."
JOB-0307,Frontend Engineering Trainee,Stonegate Digital,"Gurugram, Haryana",Hybrid,Trainee,Frontend Development,"Stonegate Digital is seeking a Frontend Engineering Trainee for its Frontend Development team, with assignments focused on an analytics reporting suite. This structured trainee program builds foundational, job-ready skills in HTML, CSS, JavaScript. The candidate will collaborate with engineers, complete scoped technical tasks, and present progress during regular reviews. This entry-level trainee track combines instructor-led training with supervised, on-the-job practice.",Build responsive user interface components; Integrate frontend screens with REST services; Fix UI bugs and improve accessibility; Collaborate with designers and backend developers; Complete structured training modules and supervised practice involving an analytics reporting suite,"HTML, CSS, JavaScript, Git","React, TypeScript, Responsive Design, REST APIs, Communication",Willingness to learn unfamiliar technologies; Ability to explain technical decisions clearly; Strong problem-solving and analytical ability; Consistent attendance and active participation in structured training sessions,"No prior professional experience required; this is a structured, entry-level trainee program designed for early-career candidates.",Final-year or pre-final-year undergraduate student in a relevant engineering or computing program.,synthetic_curated,2026-10-20,"Job Title: Frontend Engineering Trainee
Company: Stonegate Digital
Location: Gurugram, Haryana
Work Mode: Hybrid
Employment Type: Trainee
Domain: Frontend Development
Description: Stonegate Digital is seeking a Frontend Engineering Trainee for its Frontend Development team, with assignments focused on an analytics reporting suite. This structured trainee program builds foundational, job-ready skills in HTML, CSS, JavaScript. The candidate will collaborate with engineers, complete scoped technical tasks, and present progress during regular reviews. This entry-level trainee track combines instructor-led training with supervised, on-the-job practice.
Responsibilities: Build responsive user interface components; Integrate frontend screens with REST services; Fix UI bugs and improve accessibility; Collaborate with designers and backend developers; Complete structured training modules and supervised practice involving an analytics reporting suite
Required Skills: HTML, CSS, JavaScript, Git
Preferred Skills: React, TypeScript, Responsive Design, REST APIs, Communication
Qualifications: Willingness to learn unfamiliar technologies; Ability to explain technical decisions clearly; Strong problem-solving and analytical ability; Consistent attendance and active participation in structured training sessions
Experience: No prior professional experience required; this is a structured, entry-level trainee program designed for early-career candidates.
Education: Final-year or pre-final-year undergraduate student in a relevant engineering or computing program."
JOB-0308,Data Science Engineering Trainee,Clearwave Analytics,"Noida, Uttar Pradesh",On-site,Trainee,Data Science,"Clearwave Analytics is seeking a Data Science Engineering Trainee for its Data Science team, with assignments focused on a mobile-first user experience. This structured trainee program builds foundational, job-ready skills in Python, Pandas, Statistics. The candidate will collaborate with engineers, complete scoped technical tasks, and present progress during regular reviews. This entry-level trainee track combines instructor-led training with supervised, on-the-job practice.",Clean and analyze structured datasets; Build baseline predictive models; Create exploratory analysis and visualizations; Communicate findings through concise reports; Complete structured training modules and supervised practice involving a mobile-first user experience,"Python, Pandas, Statistics, SQL","NumPy, Scikit-learn, Matplotlib, Jupyter, Communication",Ability to explain technical decisions clearly; Strong problem-solving and analytical ability; Ability to work effectively in a team; Consistent attendance and active participation in structured training sessions,"No prior professional experience required; this is a structured, entry-level trainee program designed for early-career candidates.",Final-year or pre-final-year undergraduate student in a relevant engineering or computing program.,synthetic_curated,2026-10-20,"Job Title: Data Science Engineering Trainee
Company: Clearwave Analytics
Location: Noida, Uttar Pradesh
Work Mode: On-site
Employment Type: Trainee
Domain: Data Science
Description: Clearwave Analytics is seeking a Data Science Engineering Trainee for its Data Science team, with assignments focused on a mobile-first user experience. This structured trainee program builds foundational, job-ready skills in Python, Pandas, Statistics. The candidate will collaborate with engineers, complete scoped technical tasks, and present progress during regular reviews. This entry-level trainee track combines instructor-led training with supervised, on-the-job practice.
Responsibilities: Clean and analyze structured datasets; Build baseline predictive models; Create exploratory analysis and visualizations; Communicate findings through concise reports; Complete structured training modules and supervised practice involving a mobile-first user experience
Required Skills: Python, Pandas, Statistics, SQL
Preferred Skills: NumPy, Scikit-learn, Matplotlib, Jupyter, Communication
Qualifications: Ability to explain technical decisions clearly; Strong problem-solving and analytical ability; Ability to work effectively in a team; Consistent attendance and active participation in structured training sessions
Experience: No prior professional experience required; this is a structured, entry-level trainee program designed for early-career candidates.
Education: Final-year or pre-final-year undergraduate student in a relevant engineering or computing program."
JOB-0309,NLP Engineering Trainee,DevSphere Labs,"Chennai, Tamil Nadu",Hybrid,Trainee,Generative AI / NLP,"DevSphere Labs is seeking a NLP Engineering Trainee for its Generative AI / NLP team, with assignments focused on a payments reconciliation system. This structured trainee program builds foundational, job-ready skills in Python, NLP, Machine Learning. The candidate will collaborate with engineers, complete scoped technical tasks, and present progress during regular reviews. This entry-level trainee track combines instructor-led training with supervised, on-the-job practice.",Prototype NLP or retrieval-based applications; Prepare and preprocess text datasets; Evaluate retrieval and generation quality; Document experiments and technical findings; Complete structured training modules and supervised practice involving a payments reconciliation system,"Python, NLP, Machine Learning, Git","Transformers, Embeddings, Vector Databases, RAG, Communication",Strong problem-solving and analytical ability; Ability to work effectively in a team; Basic understanding of software development lifecycle; Consistent attendance and active participation in structured training sessions,"No prior professional experience required; this is a structured, entry-level trainee program designed for early-career candidates.",Final-year or pre-final-year undergraduate student in a relevant engineering or computing program.,synthetic_curated,2026-10-21,"Job Title: NLP Engineering Trainee
Company: DevSphere Labs
Location: Chennai, Tamil Nadu
Work Mode: Hybrid
Employment Type: Trainee
Domain: Generative AI / NLP
Description: DevSphere Labs is seeking a NLP Engineering Trainee for its Generative AI / NLP team, with assignments focused on a payments reconciliation system. This structured trainee program builds foundational, job-ready skills in Python, NLP, Machine Learning. The candidate will collaborate with engineers, complete scoped technical tasks, and present progress during regular reviews. This entry-level trainee track combines instructor-led training with supervised, on-the-job practice.
Responsibilities: Prototype NLP or retrieval-based applications; Prepare and preprocess text datasets; Evaluate retrieval and generation quality; Document experiments and technical findings; Complete structured training modules and supervised practice involving a payments reconciliation system
Required Skills: Python, NLP, Machine Learning, Git
Preferred Skills: Transformers, Embeddings, Vector Databases, RAG, Communication
Qualifications: Strong problem-solving and analytical ability; Ability to work effectively in a team; Basic understanding of software development lifecycle; Consistent attendance and active participation in structured training sessions
Experience: No prior professional experience required; this is a structured, entry-level trainee program designed for early-career candidates.
Education: Final-year or pre-final-year undergraduate student in a relevant engineering or computing program."
JOB-0310,Cloud Engineering Trainee,Vantage Cloudworks,"Hyderabad, Telangana",Hybrid,Trainee,Cloud Computing,"Vantage Cloudworks is seeking a Cloud Engineering Trainee for its Cloud Computing team, with assignments focused on an inventory tracking system. This structured trainee program builds foundational, job-ready skills in Linux, Networking, Cloud Fundamentals. The candidate will collaborate with engineers, complete scoped technical tasks, and present progress during regular reviews. This entry-level trainee track combines instructor-led training with supervised, on-the-job practice.",Support cloud environment configuration; Assist with deployment and monitoring activities; Document infrastructure and operational procedures; Automate routine cloud administration tasks; Complete structured training modules and supervised practice involving an inventory tracking system,"Linux, Networking, Cloud Fundamentals, Git","AWS, Docker, Terraform, Python, Communication",Ability to work effectively in a team; Basic understanding of software development lifecycle; Attention to detail and ownership of assigned tasks; Consistent attendance and active participation in structured training sessions,"No prior professional experience required; this is a structured, entry-level trainee program designed for early-career candidates.",Final-year or pre-final-year undergraduate student in a relevant engineering or computing program.,synthetic_curated,2026-10-21,"Job Title: Cloud Engineering Trainee
Company: Vantage Cloudworks
Location: Hyderabad, Telangana
Work Mode: Hybrid
Employment Type: Trainee
Domain: Cloud Computing
Description: Vantage Cloudworks is seeking a Cloud Engineering Trainee for its Cloud Computing team, with assignments focused on an inventory tracking system. This structured trainee program builds foundational, job-ready skills in Linux, Networking, Cloud Fundamentals. The candidate will collaborate with engineers, complete scoped technical tasks, and present progress during regular reviews. This entry-level trainee track combines instructor-led training with supervised, on-the-job practice.
Responsibilities: Support cloud environment configuration; Assist with deployment and monitoring activities; Document infrastructure and operational procedures; Automate routine cloud administration tasks; Complete structured training modules and supervised practice involving an inventory tracking system
Required Skills: Linux, Networking, Cloud Fundamentals, Git
Preferred Skills: AWS, Docker, Terraform, Python, Communication
Qualifications: Ability to work effectively in a team; Basic understanding of software development lifecycle; Attention to detail and ownership of assigned tasks; Consistent attendance and active participation in structured training sessions
Experience: No prior professional experience required; this is a structured, entry-level trainee program designed for early-career candidates.
Education: Final-year or pre-final-year undergraduate student in a relevant engineering or computing program."
JOB-0311,Security Apprentice,PixelForge Systems,"Kolkata, West Bengal",Hybrid,Apprenticeship,Cybersecurity,"PixelForge Systems is seeking a Security Apprentice for its Cybersecurity team, with assignments focused on an inventory tracking system. This apprenticeship combines structured training with real on-the-job learning in Networking, Linux, Cybersecurity Fundamentals. The candidate will collaborate with engineers, complete scoped technical tasks, and present progress during regular reviews. This apprenticeship is tailored to early-career candidates who learn best through guided, hands-on practice alongside experienced engineers.",Review security alerts and identify suspicious activity; Assist with vulnerability assessments; Document incidents and remediation recommendations; Support secure configuration reviews; Shadow experienced engineers and progressively take on real tasks involving an inventory tracking system,"Networking, Linux, Cybersecurity Fundamentals, Security Concepts","SIEM, Python, OWASP, Incident Response, Communication","Basic understanding of software development lifecycle; Attention to detail and ownership of assigned tasks; Good written and verbal communication; Strong willingness to learn through guided, hands-on practice",No prior professional experience required; this apprenticeship combines structured training with on-the-job learning for early-career candidates.,Final-year or pre-final-year undergraduate student in a relevant engineering or computing program.,synthetic_curated,2026-10-21,"Job Title: Security Apprentice
Company: PixelForge Systems
Location: Kolkata, West Bengal
Work Mode: Hybrid
Employment Type: Apprenticeship
Domain: Cybersecurity
Description: PixelForge Systems is seeking a Security Apprentice for its Cybersecurity team, with assignments focused on an inventory tracking system. This apprenticeship combines structured training with real on-the-job learning in Networking, Linux, Cybersecurity Fundamentals. The candidate will collaborate with engineers, complete scoped technical tasks, and present progress during regular reviews. This apprenticeship is tailored to early-career candidates who learn best through guided, hands-on practice alongside experienced engineers.
Responsibilities: Review security alerts and identify suspicious activity; Assist with vulnerability assessments; Document incidents and remediation recommendations; Support secure configuration reviews; Shadow experienced engineers and progressively take on real tasks involving an inventory tracking system
Required Skills: Networking, Linux, Cybersecurity Fundamentals, Security Concepts
Preferred Skills: SIEM, Python, OWASP, Incident Response, Communication
Qualifications: Basic understanding of software development lifecycle; Attention to detail and ownership of assigned tasks; Good written and verbal communication; Strong willingness to learn through guided, hands-on practice
Experience: No prior professional experience required; this apprenticeship combines structured training with on-the-job learning for early-career candidates.
Education: Final-year or pre-final-year undergraduate student in a relevant engineering or computing program."
JOB-0312,QA Apprentice,Windrift Labs,"Kolkata, West Bengal",Hybrid,Apprenticeship,Software Testing / QA,"Windrift Labs is seeking a QA Apprentice for its Software Testing / QA team, with assignments focused on a mobile-first user experience. This apprenticeship combines structured training with real on-the-job learning in Software Testing, Test Cases, Bug Tracking. The candidate will collaborate with engineers, complete scoped technical tasks, and present progress during regular reviews. This apprenticeship is tailored to early-career candidates who learn best through guided, hands-on practice alongside experienced engineers.",Create and execute functional test cases; Report defects with reproducible steps; Perform API and regression testing; Contribute to basic test automation; Shadow experienced engineers and progressively take on real tasks involving a mobile-first user experience,"Software Testing, Test Cases, Bug Tracking, SDLC","Selenium, Python, Postman, API Testing, Communication","Attention to detail and ownership of assigned tasks; Good written and verbal communication; Willingness to learn unfamiliar technologies; Strong willingness to learn through guided, hands-on practice",No prior professional experience required; this apprenticeship combines structured training with on-the-job learning for early-career candidates.,Final-year or pre-final-year undergraduate student in a relevant engineering or computing program.,synthetic_curated,2026-10-22,"Job Title: QA Apprentice
Company: Windrift Labs
Location: Kolkata, West Bengal
Work Mode: Hybrid
Employment Type: Apprenticeship
Domain: Software Testing / QA
Description: Windrift Labs is seeking a QA Apprentice for its Software Testing / QA team, with assignments focused on a mobile-first user experience. This apprenticeship combines structured training with real on-the-job learning in Software Testing, Test Cases, Bug Tracking. The candidate will collaborate with engineers, complete scoped technical tasks, and present progress during regular reviews. This apprenticeship is tailored to early-career candidates who learn best through guided, hands-on practice alongside experienced engineers.
Responsibilities: Create and execute functional test cases; Report defects with reproducible steps; Perform API and regression testing; Contribute to basic test automation; Shadow experienced engineers and progressively take on real tasks involving a mobile-first user experience
Required Skills: Software Testing, Test Cases, Bug Tracking, SDLC
Preferred Skills: Selenium, Python, Postman, API Testing, Communication
Qualifications: Attention to detail and ownership of assigned tasks; Good written and verbal communication; Willingness to learn unfamiliar technologies; Strong willingness to learn through guided, hands-on practice
Experience: No prior professional experience required; this apprenticeship combines structured training with on-the-job learning for early-career candidates.
Education: Final-year or pre-final-year undergraduate student in a relevant engineering or computing program."
JOB-0313,Software Apprentice,Copperleaf Technologies,"Hyderabad, Telangana",Hybrid,Apprenticeship,Software Development,"Copperleaf Technologies is seeking a Software Apprentice for its Software Development team, with assignments focused on an internal data pipeline. This apprenticeship combines structured training with real on-the-job learning in Python, Data Structures, Algorithms. The candidate will collaborate with engineers, complete scoped technical tasks, and present progress during regular reviews. This apprenticeship is tailored to early-career candidates who learn best through guided, hands-on practice alongside experienced engineers.","Implement product features with test coverage; Debug and resolve defects in existing modules; Write clean, maintainable and testable code; Participate in code reviews and engineering discussions; Shadow experienced engineers and progressively take on real tasks involving an internal data pipeline","Python, Data Structures, Algorithms, Git","REST APIs, SQL, Linux, Unit Testing, Communication","Strong problem-solving and analytical ability; Ability to work effectively in a team; Basic understanding of software development lifecycle; Strong willingness to learn through guided, hands-on practice",No prior professional experience required; this apprenticeship combines structured training with on-the-job learning for early-career candidates.,Final-year or pre-final-year undergraduate student in a relevant engineering or computing program.,synthetic_curated,2026-10-22,"Job Title: Software Apprentice
Company: Copperleaf Technologies
Location: Hyderabad, Telangana
Work Mode: Hybrid
Employment Type: Apprenticeship
Domain: Software Development
Description: Copperleaf Technologies is seeking a Software Apprentice for its Software Development team, with assignments focused on an internal data pipeline. This apprenticeship combines structured training with real on-the-job learning in Python, Data Structures, Algorithms. The candidate will collaborate with engineers, complete scoped technical tasks, and present progress during regular reviews. This apprenticeship is tailored to early-career candidates who learn best through guided, hands-on practice alongside experienced engineers.
Responsibilities: Implement product features with test coverage; Debug and resolve defects in existing modules; Write clean, maintainable and testable code; Participate in code reviews and engineering discussions; Shadow experienced engineers and progressively take on real tasks involving an internal data pipeline
Required Skills: Python, Data Structures, Algorithms, Git
Preferred Skills: REST APIs, SQL, Linux, Unit Testing, Communication
Qualifications: Strong problem-solving and analytical ability; Ability to work effectively in a team; Basic understanding of software development lifecycle; Strong willingness to learn through guided, hands-on practice
Experience: No prior professional experience required; this apprenticeship combines structured training with on-the-job learning for early-career candidates.
Education: Final-year or pre-final-year undergraduate student in a relevant engineering or computing program."
JOB-0314,Python Backend Apprentice,Vireo Systems Group,"Bengaluru, Karnataka",On-site,Apprenticeship,Python Backend,"Vireo Systems Group is seeking a Python Backend Apprentice for its Python Backend team, with assignments focused on a mobile-first user experience. This apprenticeship combines structured training with real on-the-job learning in Python, SQL, REST APIs. The candidate will collaborate with engineers, complete scoped technical tasks, and present progress during regular reviews. This apprenticeship is tailored to early-career candidates who learn best through guided, hands-on practice alongside experienced engineers.",Build backend APIs for internal and customer-facing features; Integrate relational databases with application services; Validate API inputs and handle errors consistently; Write automated tests and technical documentation; Shadow experienced engineers and progressively take on real tasks involving a mobile-first user experience,"Python, SQL, REST APIs, Git","FastAPI, Flask, PostgreSQL, Docker, Communication","Ability to work effectively in a team; Basic understanding of software development lifecycle; Attention to detail and ownership of assigned tasks; Strong willingness to learn through guided, hands-on practice",No prior professional experience required; this apprenticeship combines structured training with on-the-job learning for early-career candidates.,Final-year or pre-final-year undergraduate student in a relevant engineering or computing program.,synthetic_curated,2026-10-22,"Job Title: Python Backend Apprentice
Company: Vireo Systems Group
Location: Bengaluru, Karnataka
Work Mode: On-site
Employment Type: Apprenticeship
Domain: Python Backend
Description: Vireo Systems Group is seeking a Python Backend Apprentice for its Python Backend team, with assignments focused on a mobile-first user experience. This apprenticeship combines structured training with real on-the-job learning in Python, SQL, REST APIs. The candidate will collaborate with engineers, complete scoped technical tasks, and present progress during regular reviews. This apprenticeship is tailored to early-career candidates who learn best through guided, hands-on practice alongside experienced engineers.
Responsibilities: Build backend APIs for internal and customer-facing features; Integrate relational databases with application services; Validate API inputs and handle errors consistently; Write automated tests and technical documentation; Shadow experienced engineers and progressively take on real tasks involving a mobile-first user experience
Required Skills: Python, SQL, REST APIs, Git
Preferred Skills: FastAPI, Flask, PostgreSQL, Docker, Communication
Qualifications: Ability to work effectively in a team; Basic understanding of software development lifecycle; Attention to detail and ownership of assigned tasks; Strong willingness to learn through guided, hands-on practice
Experience: No prior professional experience required; this apprenticeship combines structured training with on-the-job learning for early-career candidates.
Education: Final-year or pre-final-year undergraduate student in a relevant engineering or computing program."
JOB-0315,Full Stack Apprentice,Wrenfield Technologies,"Bengaluru, Karnataka",Hybrid,Apprenticeship,Full Stack Development,"Wrenfield Technologies is seeking a Full Stack Apprentice for its Full Stack Development team, with assignments focused on an internal data pipeline. This apprenticeship combines structured training with real on-the-job learning in JavaScript, HTML, CSS. The candidate will collaborate with engineers, complete scoped technical tasks, and present progress during regular reviews. This apprenticeship is tailored to early-career candidates who learn best through guided, hands-on practice alongside experienced engineers.",Develop features across frontend and backend modules; Connect application screens to APIs and databases; Troubleshoot integration issues; Document features and support test execution; Shadow experienced engineers and progressively take on real tasks involving an internal data pipeline,"JavaScript, HTML, CSS, Git","React, Node.js, MongoDB, REST APIs, Communication","Basic understanding of software development lifecycle; Attention to detail and ownership of assigned tasks; Good written and verbal communication; Strong willingness to learn through guided, hands-on practice",No prior professional experience required; this apprenticeship combines structured training with on-the-job learning for early-career candidates.,Final-year or pre-final-year undergraduate student in a relevant engineering or computing program.,synthetic_curated,2026-10-23,"Job Title: Full Stack Apprentice
Company: Wrenfield Technologies
Location: Bengaluru, Karnataka
Work Mode: Hybrid
Employment Type: Apprenticeship
Domain: Full Stack Development
Description: Wrenfield Technologies is seeking a Full Stack Apprentice for its Full Stack Development team, with assignments focused on an internal data pipeline. This apprenticeship combines structured training with real on-the-job learning in JavaScript, HTML, CSS. The candidate will collaborate with engineers, complete scoped technical tasks, and present progress during regular reviews. This apprenticeship is tailored to early-career candidates who learn best through guided, hands-on practice alongside experienced engineers.
Responsibilities: Develop features across frontend and backend modules; Connect application screens to APIs and databases; Troubleshoot integration issues; Document features and support test execution; Shadow experienced engineers and progressively take on real tasks involving an internal data pipeline
Required Skills: JavaScript, HTML, CSS, Git
Preferred Skills: React, Node.js, MongoDB, REST APIs, Communication
Qualifications: Basic understanding of software development lifecycle; Attention to detail and ownership of assigned tasks; Good written and verbal communication; Strong willingness to learn through guided, hands-on practice
Experience: No prior professional experience required; this apprenticeship combines structured training with on-the-job learning for early-career candidates.
Education: Final-year or pre-final-year undergraduate student in a relevant engineering or computing program."
JOB-0316,Machine Learning Apprentice,SkyLattice Labs,"Noida, Uttar Pradesh",On-site,Apprenticeship,Machine Learning,"SkyLattice Labs is seeking a Machine Learning Apprentice for its Machine Learning team, with assignments focused on a content management platform. This apprenticeship combines structured training with real on-the-job learning in Python, Machine Learning, NumPy. The candidate will collaborate with engineers, complete scoped technical tasks, and present progress during regular reviews. This apprenticeship is tailored to early-career candidates who learn best through guided, hands-on practice alongside experienced engineers.",Prepare datasets for model training; Train and evaluate machine-learning models; Compare model performance using suitable metrics; Document experiments and model limitations; Shadow experienced engineers and progressively take on real tasks involving a content management platform,"Python, Machine Learning, NumPy, Pandas","Scikit-learn, TensorFlow, PyTorch, Model Evaluation, Communication","Attention to detail and ownership of assigned tasks; Good written and verbal communication; Willingness to learn unfamiliar technologies; Strong willingness to learn through guided, hands-on practice",No prior professional experience required; this apprenticeship combines structured training with on-the-job learning for early-career candidates.,Final-year or pre-final-year undergraduate student in a relevant engineering or computing program.,synthetic_curated,2026-10-23,"Job Title: Machine Learning Apprentice
Company: SkyLattice Labs
Location: Noida, Uttar Pradesh
Work Mode: On-site
Employment Type: Apprenticeship
Domain: Machine Learning
Description: SkyLattice Labs is seeking a Machine Learning Apprentice for its Machine Learning team, with assignments focused on a content management platform. This apprenticeship combines structured training with real on-the-job learning in Python, Machine Learning, NumPy. The candidate will collaborate with engineers, complete scoped technical tasks, and present progress during regular reviews. This apprenticeship is tailored to early-career candidates who learn best through guided, hands-on practice alongside experienced engineers.
Responsibilities: Prepare datasets for model training; Train and evaluate machine-learning models; Compare model performance using suitable metrics; Document experiments and model limitations; Shadow experienced engineers and progressively take on real tasks involving a content management platform
Required Skills: Python, Machine Learning, NumPy, Pandas
Preferred Skills: Scikit-learn, TensorFlow, PyTorch, Model Evaluation, Communication
Qualifications: Attention to detail and ownership of assigned tasks; Good written and verbal communication; Willingness to learn unfamiliar technologies; Strong willingness to learn through guided, hands-on practice
Experience: No prior professional experience required; this apprenticeship combines structured training with on-the-job learning for early-career candidates.
Education: Final-year or pre-final-year undergraduate student in a relevant engineering or computing program."
JOB-0317,Data Analytics Apprentice,BrightStack Digital,"Kochi, Kerala",On-site,Apprenticeship,Data Analytics,"BrightStack Digital is seeking a Data Analytics Apprentice for its Data Analytics team, with assignments focused on customer-facing dashboards. This apprenticeship combines structured training with real on-the-job learning in SQL, Excel, Data Analysis. The candidate will collaborate with engineers, complete scoped technical tasks, and present progress during regular reviews. This apprenticeship is tailored to early-career candidates who learn best through guided, hands-on practice alongside experienced engineers.",Query and summarize business data; Create dashboards and recurring reports; Validate data quality and investigate anomalies; Present actionable insights to stakeholders; Shadow experienced engineers and progressively take on real tasks involving customer-facing dashboards,"SQL, Excel, Data Analysis, Statistics","Power BI, Tableau, Python, Data Visualization, Communication","Good written and verbal communication; Willingness to learn unfamiliar technologies; Ability to explain technical decisions clearly; Strong willingness to learn through guided, hands-on practice",No prior professional experience required; this apprenticeship combines structured training with on-the-job learning for early-career candidates.,Final-year or pre-final-year undergraduate student in a relevant engineering or computing program.,synthetic_curated,2026-10-23,"Job Title: Data Analytics Apprentice
Company: BrightStack Digital
Location: Kochi, Kerala
Work Mode: On-site
Employment Type: Apprenticeship
Domain: Data Analytics
Description: BrightStack Digital is seeking a Data Analytics Apprentice for its Data Analytics team, with assignments focused on customer-facing dashboards. This apprenticeship combines structured training with real on-the-job learning in SQL, Excel, Data Analysis. The candidate will collaborate with engineers, complete scoped technical tasks, and present progress during regular reviews. This apprenticeship is tailored to early-career candidates who learn best through guided, hands-on practice alongside experienced engineers.
Responsibilities: Query and summarize business data; Create dashboards and recurring reports; Validate data quality and investigate anomalies; Present actionable insights to stakeholders; Shadow experienced engineers and progressively take on real tasks involving customer-facing dashboards
Required Skills: SQL, Excel, Data Analysis, Statistics
Preferred Skills: Power BI, Tableau, Python, Data Visualization, Communication
Qualifications: Good written and verbal communication; Willingness to learn unfamiliar technologies; Ability to explain technical decisions clearly; Strong willingness to learn through guided, hands-on practice
Experience: No prior professional experience required; this apprenticeship combines structured training with on-the-job learning for early-career candidates.
Education: Final-year or pre-final-year undergraduate student in a relevant engineering or computing program."
JOB-0318,DevOps Apprentice,QuantumLeaf Technologies,"Chennai, Tamil Nadu",Hybrid,Apprenticeship,DevOps,"QuantumLeaf Technologies is seeking a DevOps Apprentice for its DevOps team, with assignments focused on internal productivity tools. This apprenticeship combines structured training with real on-the-job learning in Linux, Git, Scripting. The candidate will collaborate with engineers, complete scoped technical tasks, and present progress during regular reviews. This apprenticeship is tailored to early-career candidates who learn best through guided, hands-on practice alongside experienced engineers.",Maintain CI/CD workflows; Automate repetitive engineering tasks; Assist with containerized application deployments; Monitor build and deployment health; Shadow experienced engineers and progressively take on real tasks involving internal productivity tools,"Linux, Git, Scripting, Networking","Docker, Jenkins, GitHub Actions, Kubernetes, Communication","Willingness to learn unfamiliar technologies; Ability to explain technical decisions clearly; Strong problem-solving and analytical ability; Strong willingness to learn through guided, hands-on practice",No prior professional experience required; this apprenticeship combines structured training with on-the-job learning for early-career candidates.,Final-year or pre-final-year undergraduate student in a relevant engineering or computing program.,synthetic_curated,2026-10-24,"Job Title: DevOps Apprentice
Company: QuantumLeaf Technologies
Location: Chennai, Tamil Nadu
Work Mode: Hybrid
Employment Type: Apprenticeship
Domain: DevOps
Description: QuantumLeaf Technologies is seeking a DevOps Apprentice for its DevOps team, with assignments focused on internal productivity tools. This apprenticeship combines structured training with real on-the-job learning in Linux, Git, Scripting. The candidate will collaborate with engineers, complete scoped technical tasks, and present progress during regular reviews. This apprenticeship is tailored to early-career candidates who learn best through guided, hands-on practice alongside experienced engineers.
Responsibilities: Maintain CI/CD workflows; Automate repetitive engineering tasks; Assist with containerized application deployments; Monitor build and deployment health; Shadow experienced engineers and progressively take on real tasks involving internal productivity tools
Required Skills: Linux, Git, Scripting, Networking
Preferred Skills: Docker, Jenkins, GitHub Actions, Kubernetes, Communication
Qualifications: Willingness to learn unfamiliar technologies; Ability to explain technical decisions clearly; Strong problem-solving and analytical ability; Strong willingness to learn through guided, hands-on practice
Experience: No prior professional experience required; this apprenticeship combines structured training with on-the-job learning for early-career candidates.
Education: Final-year or pre-final-year undergraduate student in a relevant engineering or computing program."
JOB-0319,Database Apprentice,ByteBridge Innovations,"Chennai, Tamil Nadu",Hybrid,Apprenticeship,Database / SQL,"ByteBridge Innovations is seeking a Database Apprentice for its Database / SQL team, with assignments focused on an analytics reporting suite. This apprenticeship combines structured training with real on-the-job learning in SQL, DBMS, Database Design. The candidate will collaborate with engineers, complete scoped technical tasks, and present progress during regular reviews. This apprenticeship is tailored to early-career candidates who learn best through guided, hands-on practice alongside experienced engineers.",Write and review SQL queries; Support schema design and data migration tasks; Investigate data quality issues; Assist with database performance analysis; Shadow experienced engineers and progressively take on real tasks involving an analytics reporting suite,"SQL, DBMS, Database Design, Data Modeling","PostgreSQL, MySQL, Python, Query Optimization, Communication","Ability to explain technical decisions clearly; Strong problem-solving and analytical ability; Ability to work effectively in a team; Strong willingness to learn through guided, hands-on practice",No prior professional experience required; this apprenticeship combines structured training with on-the-job learning for early-career candidates.,Final-year or pre-final-year undergraduate student in a relevant engineering or computing program.,synthetic_curated,2026-10-24,"Job Title: Database Apprentice
Company: ByteBridge Innovations
Location: Chennai, Tamil Nadu
Work Mode: Hybrid
Employment Type: Apprenticeship
Domain: Database / SQL
Description: ByteBridge Innovations is seeking a Database Apprentice for its Database / SQL team, with assignments focused on an analytics reporting suite. This apprenticeship combines structured training with real on-the-job learning in SQL, DBMS, Database Design. The candidate will collaborate with engineers, complete scoped technical tasks, and present progress during regular reviews. This apprenticeship is tailored to early-career candidates who learn best through guided, hands-on practice alongside experienced engineers.
Responsibilities: Write and review SQL queries; Support schema design and data migration tasks; Investigate data quality issues; Assist with database performance analysis; Shadow experienced engineers and progressively take on real tasks involving an analytics reporting suite
Required Skills: SQL, DBMS, Database Design, Data Modeling
Preferred Skills: PostgreSQL, MySQL, Python, Query Optimization, Communication
Qualifications: Ability to explain technical decisions clearly; Strong problem-solving and analytical ability; Ability to work effectively in a team; Strong willingness to learn through guided, hands-on practice
Experience: No prior professional experience required; this apprenticeship combines structured training with on-the-job learning for early-career candidates.
Education: Final-year or pre-final-year undergraduate student in a relevant engineering or computing program."
JOB-0320,Mobile Apprentice,BrightStack Digital,"Gurugram, Haryana",Hybrid,Apprenticeship,Mobile Development,"BrightStack Digital is seeking a Mobile Apprentice for its Mobile Development team, with assignments focused on a cloud monitoring product. This apprenticeship combines structured training with real on-the-job learning in Programming Fundamentals, OOP, Git. The candidate will collaborate with engineers, complete scoped technical tasks, and present progress during regular reviews. This apprenticeship is tailored to early-career candidates who learn best through guided, hands-on practice alongside experienced engineers.",Implement mobile application screens and features; Integrate mobile apps with backend APIs; Fix UI and functional defects; Test features across supported devices; Shadow experienced engineers and progressively take on real tasks involving a cloud monitoring product,"Programming Fundamentals, OOP, Git, Mobile Development","Kotlin, Flutter, Dart, REST APIs, Communication","Strong problem-solving and analytical ability; Ability to work effectively in a team; Basic understanding of software development lifecycle; Strong willingness to learn through guided, hands-on practice",No prior professional experience required; this apprenticeship combines structured training with on-the-job learning for early-career candidates.,Final-year or pre-final-year undergraduate student in a relevant engineering or computing program.,synthetic_curated,2026-10-24,"Job Title: Mobile Apprentice
Company: BrightStack Digital
Location: Gurugram, Haryana
Work Mode: Hybrid
Employment Type: Apprenticeship
Domain: Mobile Development
Description: BrightStack Digital is seeking a Mobile Apprentice for its Mobile Development team, with assignments focused on a cloud monitoring product. This apprenticeship combines structured training with real on-the-job learning in Programming Fundamentals, OOP, Git. The candidate will collaborate with engineers, complete scoped technical tasks, and present progress during regular reviews. This apprenticeship is tailored to early-career candidates who learn best through guided, hands-on practice alongside experienced engineers.
Responsibilities: Implement mobile application screens and features; Integrate mobile apps with backend APIs; Fix UI and functional defects; Test features across supported devices; Shadow experienced engineers and progressively take on real tasks involving a cloud monitoring product
Required Skills: Programming Fundamentals, OOP, Git, Mobile Development
Preferred Skills: Kotlin, Flutter, Dart, REST APIs, Communication
Qualifications: Strong problem-solving and analytical ability; Ability to work effectively in a team; Basic understanding of software development lifecycle; Strong willingness to learn through guided, hands-on practice
Experience: No prior professional experience required; this apprenticeship combines structured training with on-the-job learning for early-career candidates.
Education: Final-year or pre-final-year undergraduate student in a relevant engineering or computing program."
